:020000040000FA
:060000000212460207AFE8
:03002B0002107D43
:03003300020DFDBE
:03004300020F1990
:030053000206E0C2
:03006B00020DE3A0
:100083000207440101FF01010503010F10FEFFBA3E
:100093001ABA1ABA1ABA1A70196A19BA1A59270067
:1000A3000000001D28000000000C0000000C0001EF
:1000B300FFFF0B0E05778000010101003C050000E6
:1000C30000B105E80364006400B8010202000800FF
:1000D30000050207051E02051E020A0A03B80B02E9
:1000E300803E0102F1FF011496511800020206300E
:1000F300313233343536373839414243444546008B
:10010300286E756C6C20706F696E74657229003F80
:100113003F3F000000807F0000803FF9021550B789
:1001230043BA510000204100E7DB2E0000A040103D
:10013300000000080000000A00000012129260464E
:10014300121265603DE9687008F618F618F618F69D
:1001530022748067F7120172090909748067F72214
:10016300121265601D1212927005191919801A1264
:100173001119701F12112EC37003E6673319191971
:1001830040071818182208080874FFF618F618F61E
:1001930018F62212112E60171212D1702192F0124A
:1001A30012DB7019501720F014080808090909E731
:1001B300F61819E7F61819E7F61819E7F6221212D6
:1001C300DB60E6E869701F0808E62480F608E43679
:1001D300F618547FB47F0CE654806007F6E418F6F3
:1001E30018F622181822E9C6CC08C6CD08C6CE08D0
:1001F300C6CFC0E0E8C0E0EAC0E0EBC0E009E9F840
:1002030009E7FA09E7FBE6F918E6F8C3EC98ED9974
:10021300EE9AEBC2E7F5F0EFC2E795F0500E600CF3
:10022300EBCFFBEACEFAE9CDF9E8CCF8EAA2E7D2C4
:10023300E7FAEB33FB13F5F0EEA2E7D2E7FEEF3379
:10024300FFC5F013A2E730E601B313C5F0C3C0E066
:10025300C0F07F00C39BFB605B9418600C401AD016
:10026300E023F9D0E0F80203418AF0E9486003D2C1
:10027300F0E4AFF0FAF9F8803BEB30E40D89F0EAF3
:100283006003D2F0E4AFF0F9CAF8EB30E30D88F085
:10029300EF6002D2F0AFF0E4CAC9F8EB5407601480
:1002A300FBC3EA13FAE913F9E813F8EF135002D288
:1002B300E0FFDBEDD0E0C0E030E739C3E49FFFF5BA
:1002C300F0EC98FC42F0ED99FD42F0EE9AFE42F01C
:1002D300D0E0F9D0E0F8E5F0607AE923F9EE20E721
:1002E30042D8028067C3EF33FFEC33FCED33FDEEFE
:1002F30033FE80EAEC28FCED39FDEE3AFED0E02334
:10030300F9D0E0F84002801BC3EE13FEED13FDECC1
:1003130013FCEF135002D2E0FF08B800067F7F748E
:10032300FF802EEF3350178CF020F00260100CBCCE
:10033300000C0DBD00080EBE000408E860DFE933C1
:10034300E813FFEE2313FE4F4D4C8008E95480FF62
:10035300E4FEFDFCEE33EF33F47004FCFD7E80D04D
:10036300E0FBD0E0FAD0E0F8D0E0CFC618CEC61854
:10037300CDC618CCC6F922121265700418181822BB
:10038300121292700D74FFF61819F61819F618194F
:10039300F622E7548066F61212DB700F1212D17048
:1003A300F014F608F608F608F680D11212D1700C94
:1003B300F608F608768008E6447F80EC1211317067
:1003C3000C12111C60BFE65480F6E480BB12111CB2
:1003D300700519191980A5E869700C763F187680A5
:1003E30018F618F6E8F922E6CDC0E018ECC0E0E60E
:1003F30033CD33CDD313F6E719FCE7191933CC33D7
:10040300C3947F400ECD9D502408E65480F6E41833
:10041300F6800FF4043D14501408E6447FF6187672
:1004230080E418F618F6D0E0FCD0E0FD22CCD3131C
:10043300CCFD18E4C6CBC0E018E4C6CAC0E0080887
:10044300ED08C633E613F618E433C675F003C3CAE2
:1004530097CA09CB97CB199C40047D08802EBD0019
:100463000302052316B6FF050606081618C3CA338A
:10047300CACB33CB33CA27CA09CB37CB193CC37D8D
:1004830008803E187D0820E75CC633C6CA33CACB52
:1004930033CB33DDF1D5F0EB30E77BCA97CA09CB19
:1004A300974ACB199C406F4B7025E620E02180666C
:1004B300187D08C3CA97CA09CB97CB199CD3C633F7
:1004C300C6CA33CACB33CB3350C9DDE7D5F0E1D34A
:1004D300E4C636C608C636C608C636C608C636C615
:1004E3001818188031C3CA97CA09CB97CB199CB384
:1004F3004097C633C6CA33CACB33CB33DD34D5F0CA
:100503002EC6A2E0C640C8CA27CA09CB37194A700B
:10051300BECB3CB480B90808E63308E633601F1845
:100523001818D0E0FAD0E0FBD0E0FCD0E0FD2218B0
:100533007D08CA27CA09CB37CB193CD3808013F671
:1005430018E4B67F11F618B6FF0EF618C60470D27B
:100553000808768080CAF618F618F680C5001212CD
:1005630065604F1212926012E7548066F6121119F9
:1005730070111212D1703B090909F4F618F618F636
:1005830018F62212112E70151212DB08080860EA01
:10059300E6447FF618768018E4F618F6221212DB8A
:1005A30060161212D17012E4F608F608F608E65443
:1005B30080F609090918181822EAC0E0EBC0E0EC3C
:1005C300C0E0EDC0E0E687F0A4FBACF008E687F0FE
:1005D300A42CFCE435F0FA1809E687F0A42C4B6050
:1005E300027401CA35F0FCE433FB09E687F0D2F765
:1005F300A42CCB35F0FC1908E687F0A42BCC35F0FE
:10060300FBE433FD0819E687F0D2E7A42C4ACB3587
:10061300F0CD3400FC09E687F0D2E7A42DCC35F009
:10062300FDE433FA0918E687F0D2F7A42CCD35F0B0
:10063300CA3400FC08E687F0D2E7D2F7A42ACC3507
:10064300F07A7E20E70B0ACB33CBCD33CDCC33CC42
:1006530033CB3350147004ED30E00ED2F1E4CD3DD2
:10066300CDCC3CCC3B5005DA05C2F1EB547FC6330D
:1006730008E63392F0FBE73309E733C39A502D2B97
:1006830070190C0D4C4D70151806E608C333700D28
:1006930020F10AA2F013F6E418800B4024E4F630AC
:1006A300F002768018F618F618F68024D33B14501F
:1006B3001074FFA2F013F6187680E418F618F6808B
:1006C3000FA2F013F618E63303F618ECF618EDF65E
:1006D300D0E0FDD0E0FCD0E0FBD0E0FA22C0E07433
:1006E300F2120ACFA2AFE433FED2AFE5A7FFE5A132
:1006F300F5085F541060061221AA75A1EFE5085FA3
:10070300540860081221B075A1F7802BEFA2E0C056
:10071300D0E508A2E092F01211A4158182F05017DF
:10072300906198E0F8900A8BE0C398A2D265D03329
:100733005002E8F075A1FEEEA2E092AF7F01020B3A
:100743002EC0E074F2120ACFA2AFE433FED2AF9010
:1007530061A4E0F8759B00E5915854086008759111
:10076300F71221F8802AE59158541060087591EF2B
:100773001221FE801BE8A2E0C0D0E591A2E092F036
:100783001211A4158182F05007E0C2E0F012234257
:100793009061A3E0F8E5E9585404600E122318753C
:1007A300E9FB906193E0A2E640F2808BC0E074F233
:1007B300120ACFA2AFE433FED2AF9061A5E0F8E511
:1007C300BF585404600675BFFB12235A02073AC38D
:1007D300E498F8E499F91208138026C3E49AFAE43A
:1007E3009BFBE920E7E9120813E498F8E499F9225E
:1007F300C3E498F8E499F9120813E498F8E499F932
:10080300C3E49AFAE49BFB22EB20E7CFE920E7E07D
:10081300B90010BB0008E88AF084F8AAF022E4FBD0
:10082300C8FA22EB70227B10C833C8C933C93350CE
:1008330007C39AC3DBF280069A50012ADBEAC83366
:10084300F4C8C933F4C9FA2275F008E4C833C8C937
:1008530033C933C99AC99B5004C92AC93BD5F0ECA3
:10086300FBC833F4C8E4C9FA221208AC20F01430F0
:10087300E72B74FFFCFBFA747F8022E4FCFBFA7421
:1008830080801AB48008BC00F2BB00EF800F50EBED
:10089300F9E4C39AFAE49BFBE49CFCE499C6CC1804
:1008A300C6CB18C6CA18C6F922E4C9C608CAC60800
:1008B300CBC6D3330308CCC63392F0C3947F402E08
:1008C30094184019C9B90704CACBCC225025C309CF
:1008D300CA33CACB33CBCC33CC33D9F422F4600D37
:1008E300C9CCC313CB13CBCA13CAD9F6CC22E4FCAD
:1008F300FBFA2214FCFBFA22080808EAC0E0EBC06A
:10090300E086F0E7A4FA180986F0E7A42AFA1809A2
:1009130086F0E7A42AFA180986F0E7A42AFA1986CA
:10092300F0E7A4FBE5F02AFA190886F0E7A42BFB0D
:10093300E5F03AFA190886F0E7A42BFBE5F03AFA5A
:1009430018180986F0E7A4C5F02BFBE43AFA190856
:10095300E7C5F0C6A426F6E5F03BFBE43AFA1886B1
:10096300F0E7A4F6E5F00826F6E43B08F6E43A08D7
:10097300F6D0E0FBD0E0FA22080808E630E71112CF
:100983001157120993080808C64480C6181818227C
:10099300181818E9799EC608CAC608CBC608CCC67B
:1009A300C370207996CACBCC7019798ECBCC7013D7
:1009B3007986CC700EF9802ACA33CACB33CBCC33B9
:1009C300CC331930E7F2CCCBCA3350147004EA307D
:1009D300E00DE4CA3ACACB3BCBCC3CCC500209C3B2
:1009E300E913C6CC182313C6CB18C6CA18C6F922F6
:1009F300E4CFC0E0E4CEC0E0E4CDC0E0E4CCC0E0AE
:100A030075F020C3E633F608E633F608E633F60856
:100A1300E633F6181818EC33FCED33FDEE33FEEF36
:100A230033FFC3EC9709ED9709EE9709EF9719196F
:100A330019400FFFEC97FC09ED97FD09EE97FE199E
:100A43001906D5F0BEECF709EDF709EEF709EFF754
:100A5300191919D0E0FCD0E0FDD0E0FED0E0FF2270
:100A63002518C582C0E0E51934FFC583C0E0E51849
:100A7300C3958224F810AF088583198582188008EE
:100A8300858319858218D2AFCEF0A3E520F0A37831
:100A930008E608F0A3DEFAEFF0A3E58124FAF8E60E
:100AA30008F0A3E608F0A3E608F0A30808E608F0B8
:100AB300A3E608F0A315811581D0E0FED0E0F81578
:100AC3008115811581E8C0E0EEC0E022C0D0251871
:100AD300C582C0E0E51934FFC583C0E0E518C395BE
:100AE3008224F310AF0885831985821880088583D3
:100AF30019858218D2AFC8F0A3E9F0A3EAF0A3EBFB
:100B0300F0A37908E709F0A3D8FAECF0A3EDF0A37A
:100B1300EEF0A3EFF0A3D0E0F0A3D0E0F0A3D0E099
:100B2300F0A3E520F0A3E5F0F0A32285198385184F
:100B330082E0C0E0A3E0F9A3E0FAA3E0FBA3780816
:100B4300E0F608A3DFFAE0FCA3E0FDA3E0FEA3E0E8
:100B5300FFA3E0C0E0A3E0C0E0A3E0F5D0A3E0F58D
:100B630020A3E0A3F5F010AF0885831985821880D0
:100B730008858319858218D2AFD082D083D0E0F85C
:100B8300D0E0321212C6B90003020BC8E49003018D
:100B93007852790E8002F0A3D8FCD9FA901052AAA9
:100BA30082AB8390008678B979018015E493A3AC76
:100BB30082AD838A828B83F0A3AA82AB838C828DDE
:100BC30083D8E9D9E775822D7583E67403120FDCA8
:100BD3007582607583267400120FDC0E0075F010A9
:100BE3008E1A8F1B85821F85831E85188285198324
:100BF300E0CEA3E0CF851F82851E83EBC9EAC8ED53
:100C0300CBECCAC3E833C8E933C9EA33CAEB33CB05
:100C1300C3EA9EF51DEB9FF51CB35004AB1CAA1D44
:100C2300EC33CCED33CDD5F0DAAE1AAF1B22121272
:100C330065601C12129260171212DB70071212D138
:100C43007001D322C0D01212D17006D0D0B322C308
:100C53002233D0D0501430E0F6C3E7960809E79664
:100C63000809E7960809E796B32220E0D5E6970836
:100C730009E6970809E6970809E697B322D083D0D7
:100C830082ECC0E0EDC0E0E493A3FCE493A3FDEDAC
:100C93004C600D120DA4EC24FFFCED34FFFD80EF3E
:100CA300E493A3FCE493A3FDED4C600D120E9EECC4
:100CB30024FFFCED34FFFD80EFD0E0FDD0E0FCE449
:100CC30093A3C0E0E493C0E022121265601B1212EA
:100CD3009260161212DB70071212D1600CB322C09D
:100CE300D01212D17005D0D022C32233D0D05013EA
:100CF30030E0EBC3E7960809E7960809E796080989
:100D0300E7962220E0E4E6970809E6970809E697C4
:100D13000809E69722851983851882E0A3FEE0A3DC
:100D2300F5207808E0A3F608DFFAE0A3FFE0A3C00C
:100D3300E0E0A3C0E0E0A3C0E0E0A3C0E0E0A3C024
:100D4300E010AF088582188583198008858218858D
:100D53008319D2AFD083D082020FE2D083D082E94D
:100D6300C0E0E493A3C386F0C5F095F0F908E493DB
:100D7300A386F0C5F095F0700BE493A3C3994005E7
:100D8300E9048002A3E475F002A42582F582E5F06C
:100D93003583F583D0E0F9E493A3C0E0E493C0E0A6
:100DA30022C0E0C3E49396087401939618400FE4BD
:100DB3009366700808740193661870007019A3A3F2
:100DC300C3E49396087401939618A3A3400DD0E04F
:100DD300D0E0D0E0020CBCA3A3A3A3A3A3D0E02242
:100DE300C0E074F2120ACFE589A2E150031220C6D3
:100DF300758900C2C57F01020B2EC0E074F2120A8E
:100E0300CFE58BA2E050031220C6758B00C2E880A9
:100E1300E47404800474028000CCC0E0EDC0E0E51B
:100E230018C39CCCAD1950011D10AF068C188D1939
:100E330080068C188D19D2AF120F5ED0E0FDD0E082
:100E4300FC2274028000CCC0E0EDC0E0E518C39C36
:100E5300CCAD1950011D10AF068C188D1980068C6E
:100E6300188D19D2AF120F3CD0E0FDD0E0FC221256
:100E73001265602512129260201212DB70030212B7
:100E8300D1080808E76670101819E766700A181980
:100E9300E76670041819E76622F422C0E0C0F08800
:100EA300F0E4936670080874019366187000A8F064
:100EB300A3A3700BD0F0D0E0D0E0D0E0020CBCA331
:100EC300A3D0F0D0E022D083D082CCC0E0E493A3BF
:100ED3006006120FBD1470FAE493A360061210C4E7
:100EE3001470FAD0E0FCE493A3C0E0E493C0E022E2
:100EF300C008C3E096F50808A3E096420808A3E0FB
:100F030096420808A3E0964208A2D265D033E508CA
:100F13007001D3D00822C0E074F2120ACFA2AFE46A
:100F230033FED2AFC2C0E5D1A2E45003122132EEA8
:100F3300A2E092AF7F01020B2ECAC0E0E493A3C5E7
:100F430082CCC582C583CDC583F0A3C582CCC582BF
:100F5300C583CDC583DAE5D0E0CA22CAC0E0E0A3E9
:100F6300C582CCC582C583CDC583F0A3C582CCC55C
:100F730082C583CDC583DAE6D0E0CA22C008C3E0C8
:100F830096F50808A3E096420808A3E096420808ED
:100F9300A3E09645087001D3D00822700908080819
:100FA300226016181818C6C333C608C633C608C647
:100FB30033C608C633C6D5E0EA22C0E0E493A3D320
:100FC3009C5010E493A3C39C400AD0E0D0E0D0E04F
:100FD300020EE6A3A3A3D0E022C09FF59FE473D043
:100FE3009F22D083D082C09FE493C0E0740193C05A
:100FF300E0740293F59F222518F58210AF08F518C7
:10100300400215198008F51840021519D2AF851949
:1010130083227404800A74038006740280027401BC
:10102300C0E0F404120FFAD0E01212A122C0D025BE
:101033001810AF08F518500205198008F51850026A
:101043000519D2AFD0D022BB0102E722C082C083F0
:1010530089828A83BB0003E08002E493D083D08239
:10106300226016080808C6C313C618C613C618C6D6
:1010730013C618C613C6D5E0EA22C0E0C0D0E8C044
:10108300E0E5A8D2AFC2C7A2E792AFD0E0F8D0D0D4
:10109300D0E032C3E0C696F608A3E0C696F608A3EE
:1010A300E0C696F608A3E0C696F622251810AF0808
:1010B300F518400215198008F51840021519D2AF2A
:1010C30022C0E0E493A36C7009D0E0D0E0D0E0024A
:1010D3000EE6A3A3D0E022C3E09608A3E09608A3FC
:1010E300E09608A3E096A2D265D03322E0667010A2
:1010F30008A3E066700A08A3E066700408A3E0662C
:1011030022E76670100809E766700A0809E7667047
:10111300040809E76622181818E6084608700AE664
:1011230008C3337005E633F4220822191919E709B5
:101133004709700AE709C3337005E733F42209222C
:10114300C3E096F008A3E096F008A3E096F008A3A6
:10115300E096F022181818E4C396F608E496F60809
:10116300E496F608E496F622E026F608A3E036F6BF
:1011730008A3E036F608A3E036F622E026F008A33B
:10118300E036F008A3E036F008A3E036F022E627C5
:10119300F60809E637F60809E637F60809E637F6EA
:1011A30022C0E0E8C0E0E58124FCF8E6A2E7D0E055
:1011B300F8D0E022E657F60809E657F60809E6579D
:1011C300F60809E657F622E056F008A3E056F008C1
:1011D300A3E056F008A3E056F022700422600D1835
:1011E300C6C333C608C633C6D5E0F41822E647F6AD
:1011F3000809E647F60809E647F60809E647F6222E
:10120300E056F608A3E056F608A3E056F608A3E076
:1012130056F622C6F4C608C6F4C608C6F4C608C6FF
:10122300F4C622C3E09608A3E09608A3E09608A3B9
:10123300E09622C3E7960809E7960809E7960809A6
:10124300E7962275D0007581407518017519030062
:10125300020B86E6F008A3E6F008A3E6F008A3E68F
:10126300F022E6084608C3134608336002E633F467
:1012730022600C08C6C313C618C613C6D5E0F422F1
:10128300E0F608A3E0F608A3E0F608A3E0F622E7F9
:10129300094709C3134709336002E733F422CAC07D
:1012A300E0E6F0A308DAFAD0E0FA22EAF0A3EBF0E2
:1012B300A3ECF0A3EDF022E0FAA3E0FBA3E0FCA390
:1012C300E0FD22E5C754F84401F5C7790122E7C3DD
:1012D3003319471947194722E6C3331846184618E6
:1012E30046222518F582E43519F58322C2AF75D657
:1012F3009F02000022120FE5982E00120FE5502FD7
:1013030000120FE5183000120FE5D83000120FE578
:101313001C3100120FE5413100120FE58431001238
:101323000FE5D13100120FE5293300120FE5AF337A
:1013330000120FE5CD3300120FE5F73300120FE56E
:10134300113400120FE5203400120FE52B34001284
:101353000FE5EB3400120FE5443500120FE50636B6
:1013630000120FE50E3600120FE5D23600120FE51C
:101373003E3700120FE5693800120FE57A38001284
:101383000FE5F03800120FE5823900120FE5DA3964
:1013930000120FE59A3A00120FE5C13A00120FE569
:1013A300D33A00120FE5263B00120FE5633B001210
:1013B3000FE5703B00120FE5F33C00120FE5483ECA
:1013C30000120FE57A3E00120FE50D3F00120FE504
:1013D300463F00120FE5923F00120FE5AE400012A8
:1013E3000FE5F74200120FE5024300120FE50D432C
:1013F30000120FE5174300120FE5224300120FE519
:101403003C4300120FE5464300120FE55043001220
:101413000FE55B4300120FE5834300120FE5DE4344
:1014230000120FE5024400120FE5264400120FE5F7
:10143300844400120FE5C84400120FE5E44400128F
:101443000FE55B4500120FE5934500120FE5DF45FD
:1014530000120FE53C4600120FE5F64600120FE5B9
:10146300DA4800120FE5334900120FE5634A001210
:101473000FE5894A00120FE5124C00120FE58E4F5B
:1014830000120FE5605100120FE5295300120FE51A
:10149300D65300120FE5415500120FE5E055001237
:1014A3000FE5255600120FE58F5600120FE59E56E5
:1014B30000120FE5255900120FE5D75A00120FE568
:1014C300445B00120FE5235C00120FE53C5D001244
:1014D3000FE5B95E00120FE5D85E00120FE52D5F30
:1014E30000120FE5326000120FE55A6000120FE59B
:1014F300B26000120FE5916100120FE5D561001291
:101503000FE5206200120FE58B6200120FE5CC633A
:1015130000120FE5306400120FE57E6500120FE53F
:10152300DE6700120FE50F6800120FE5C7690012AE
:101533000FE51C6A00120FE5206B00120FE5BD6B6F
:1015430000120FE5166C00120FE5C96C00120FE5CF
:101553006B6D00120FE50B6E00120FE5B06E0012FB
:101563000FE5CF8001120FE50E8101120FE55583C0
:1015730001120FE59F8301120FE5BA8401120FE5F3
:101583002A8501120FE55F8501120FE5D38601124B
:101593000FE5568901120FE57F8A01120FE5158BBE
:1015A30001120FE51D9401120FE5B29401120FE52C
:1015B300999701120FE58C9801120FE5ED9801122E
:1015C3000FE5099A01120FE5EE9B01120FE5FF9D4E
:1015D30001120FE5699E01120FE53B9F01120FE512
:1015E300F29F01120FE5FC9F01120FE52AA00112E1
:1015F3000FE5E7A001120FE5BEA101120FE585A2D9
:1016030001120FE537A301120FE560A301120FE5E5
:1016130082A301120FE5D8A501120FE5B0A60112AE
:101623000FE5F4A601120FE55CA701120FE514A85C
:1016330001120FE546A801120FE58AA801120FE572
:10164300C0A801120FE50CA901120FE561A901124F
:101653000FE566A901120FE5B9A901120FE5DEA98D
:1016630001120FE5EDAA01120FE551AB01120FE5CF
:10167300C1AB01120FE54DAC01120FE51AAF011218
:101683000FE5FEAF01120FE581B101120FE5B7B30C
:1016930001120FE565B401120FE515B501120FE54F
:1016A30056B701120FE5F9B701120FE540B8011261
:1016B3000FE5ECB901120FE500BA01120FE50ABA02
:1016C30001120FE532BA01120FE53EBA01120FE51E
:1016D3005DBA01120FE542BC01120FE579BC01129C
:1016E3000FE583BC01120FE5B9BC01120FE508BE7B
:1016F30001120FE54CBE01120FE5F4BE01120FE516
:10170300D7BF01120FE582C001120FE5CEC101124E
:101713000FE5CCC201120FE572C301120FE502C43B
:1017230001120FE519C401120FE550C401120FE5B0
:101733005AC401120FE565C401120FE583C40112F7
:101743000FE5C7C401120FE524C501120FE549C512
:1017530001120FE563C501120FE5EFC501120FE595
:101763000CC701120FE579C701120FE560C801121A
:101773000FE587C801120FE5FBC801120FE576C913
:1017830001120FE57ACA01120FE570CB01120FE5C2
:101793001FCC01120FE532CD01120FE5CECD0112A0
:1017A3000FE55BCE01120FE539CF01120FE571CFC3
:1017B30001120FE5C9CF01120FE592D001120FE517
:1017C300B3D001120FE53AD101120FE55ED1011238
:1017D3000FE580D101120FE5C9D101120FE5DFD367
:1017E30001120FE5C6D401120FE577D501120FE5FB
:1017F300ADD701120FE5FDD701120FE53DD8011258
:101803000FE57FD801120FE5DBD801120FE509D9E7
:1018130001120FE52DD901120FE580D901120FE551
:10182300AED901120FE5E7D901120FE53CDA011237
:101833000FE5A2DA01120FE5F6DB01120FE519DE5F
:1018430001120FE586DE01120FE5AFDE01120FE58F
:101853003ADF01120FE5A1DF01120FE5ECDF011200
:101863000FE510E001120FE534E001120FE58FE000
:1018730001120FE5AAE001120FE563E101120FE582
:10188300CAF703120FE509F803120FE57880021275
:101893000FE5BE8002120FE59E8102120FE5A082C2
:1018A30002120FE5A38302120FE52F8502120FE543
:1018B3008D8502120FE54A8602120FE56887021230
:1018C3000FE5D98702120FE5158802120FE5638829
:1018D30002120FE56D8802120FE5B18802120FE5BF
:1018E3000D8902120FE5A88902120FE5258A02125B
:1018F3000FE5F48A02120FE58D8B02120FE5AD8B13
:1019030002120FE5E38B02120FE5148C02120FE5AE
:10191300D58C02120FE5E58C02120FE5398D021208
:101923000FE5548D02120FE5668D02120FE56F8DE0
:1019330002120FE5C98D02120FE5258E02120FE583
:10194300718E02120FE58C8E02120FE5BD8E02120C
:101953000FE5DA8E02120FE5E68E02120FE55A90BA
:1019630002120FE5739002120FE5DA9002120FE5EF
:10197300ED9002120FE5FB9002120FE5AF910212F8
:101983000FE5939202120FE5999302120FE5239448
:1019930002120FE52D9402120FE59A9402120FE53D
:1019A300B19402120FE5E39402120FE51C950212A3
:1019B3000FE5469502120FE5A79502120FE5C795AD
:1019C30002120FE5E59502120FE52B9602120FE5C1
:1019D300519702120FE59E9702120FE5CD9702125F
:1019E3000FE5439802120FE56B9802120FE5A498D6
:1019F30002120FE5B29802120FE50A9902120FE5DF
:101A0300599902120FE5989902120FE5C89902122B
:101A13000FE5F49902120FE5FF9902120FE51D9AE3
:101A230002120FE5DF9A02120FE5E99A02120FE59F
:101A3300249B02120FE53A9B02120FE58F9B0212C1
:101A43000FE5A39B02120FE5B19C02120FE5C49CA4
:101A530002120FE5D99C02120FE57B9D02120FE5DE
:101A6300FE9D02120FE5BC9E02120FE5C79E0212F5
:101A73000FE5F39F02120FE50FA002120FE561A01D
:101A830002120FE5A0A002120FE5B5A002120FE5A6
:101A930017A102120FE5A6A102120FE5F1A102128E
:101AA3000FE542A402120FE5C0A402120FE535A50B
:101AB30002120FE557A702120FE56FA702120FE5F7
:101AC30072A702120FE57EA702120FE592A7021278
:101AD3000FE59AA702120FE5CDA702120FE57DA825
:101AE30002120FE5F3A802120FE566A902120FE531
:101AF3001AAA02120FE5CFAA02120FE5EEAA0212EA
:101B03000FE58EAB02120FE59AAB02120FE5C5ABE0
:101B130002120FE5C8AB02120FE532AC02120FE559
:101B23005AAD02120FE532AE02120FE5BDAE02123C
:101B33000FE5D6AF02120FE593B002120FE5CCB05A
:101B430002120FE5FDB002120FE5BBB102120FE561
:101B5300EBB102120FE5C6B202120FE55FB3021238
:101B63000FE5EAB302120FE59BB402120FE51EB5AF
:101B730002120FE550B502120FE591B502120FE5FF
:101B830027F501120FE58CF501120FE5C9F50112D6
:101B93000FE518F601120FE52EF801120FE511FA01
:101BA30001120FE57BFD01120FE5B6FD01120FE5F2
:101BB300D8FD01120FE53BFE01120FE56FFE011286
:101BC3000FE592FE01120FE5BFFE01120FE52AE4B5
:101BD30002120FE5D89D03120FE5569E03120FE57F
:101BE3008C9E03120FE5F89E03120FE56BA0031200
:101BF3000FE587A003120FE5CCA003120FE55AA14E
:101C030003120FE5B3A103120FE5E0A203120FE5E0
:101C1300F2A303120FE54FA403120FE5BBA40312B3
:101C23000FE51CA503120FE55DA503120FE50AA638
:101C330003120FE51CA703120FE547A703120FE5D5
:101C430092A703120FE5D9A703120FE5E82D00129F
:101C53000FE526A903120FE5D1EB03120FE501EC03
:101C630003120FE556EC03120FE5E1B003120FE583
:101C73002DB103120FE59BB103120FE5BCB10312A3
:101C83000FE56CB203120FE575B203120FE5C8B28C
:101C930003120FE5F1B203120FE558B303120FE578
:101CA300E9B303120FE52BB403120FE575B4031266
:101CB3000FE5D4B403120FE500B503120FE591B598
:101CC30003120FE5D0B503120FE50FB603120FE5AC
:101CD30044B603120FE556B603120FE568B60312B6
:101CE3000FE587B603120FE590B603120FE546B76B
:101CF30003120FE586B703120FE51CF403120FE579
:101D0300FBE303120FE531E403120FE57AE4031258
:101D13000FE5CAE503120FE59DE101120FE5DCE2D1
:101D230001120FE518E301120FE5D7E401120FE5E5
:101D330000E501120FE593E701120FE5D7E7011262
:101D43000FE560E901120FE5F8E901120FE560EA1A
:101D530001120FE501EB01120FE543EB01120FE551
:101D630083EB01120FE50EED01120FE57EEE01127A
:101D73000FE5A3F001120FE5D1F001120FE5F8F022
:101D830001120FE501F101120FE588F101120FE5D0
:101D9300A6F401120FE54DF903120FE563F90312DF
:101DA3000FE57FF703120FE560D403120FE573D439
:101DB30003120FE510D503120FE54BD503120FE500
:101DC30066D503120FE58BD503120FE5D0D50312A9
:101DD3000FE501D603120FE532D603120FE5B8D78C
:101DE30003120FE5EFF403120FE52CF503120FE5D1
:101DF3006EF503120FE57EF503120FE588F5031266
:101E03000FE5C6E103120FE501E203120FE58BE2D2
:101E130003120FE557F803120FE560F803120FE5FD
:101E230051E402120FE5A6E402120FE58FE5021258
:101E33000FE528E602120FE572E602120FE5D4E67B
:101E430002120FE5E8E602120FE5CAE802120FE5F7
:101E530045E902120FE56FE902120FE548EB0212A2
:101E63000FE563EB02120FE5B2EB02120FE5C8EBCD
:101E730002120FE5D5EB02120FE509EC02120FE592
:101E830022EC02120FE5C2EC02120FE51CED021266
:101E93000FE56AED02120FE57DEE02120FE5EEF09B
:101EA30002120FE51CF102120FE5AAF102120FE56F
:101EB3000BF202120FE510F202120FE54CF20212BE
:101EC3000FE5AEF202120FE57EF302120FE5A3F364
:101ED30002120FE5ADF302120FE5B0F302120FE5A4
:101EE3001FF402120FE53AF402120FE54DF4021249
:101EF3000FE579F402120FE5B4F402120FE5B7F41B
:101F030002120FE5F3F402120FE531F703120FE5A6
:101F130049F703120FE59DA903120FE5ECA903127C
:101F23000FE58EAB03120FE54AAD03120FE592AD39
:101F330003120FE57AAE03120FE5ABAF03120FE501
:101F4300CDAF03120FE529B003120FE5ADB00312B5
:101F53000FE5FC6E00120FE5276F00120FE50A7004
:101F630000120FE58F7000120FE5F87000120FE5F5
:101F7300447100120FE5C37100120FE55572001290
:101F83000FE5E17200120FE5237300120FE56C7782
:101F930000120FE5EC7800120FE5BC7900120FE593
:101FA300E37900120FE5447C00120FE5D07C0012A8
:101FB3000FE5EA7D00120FE5C97E00120FE54B7FA6
:101FC30000120FE54F9003120FE5099103120FE57D
:101FD3007B9103120FE5179203120FE58792031209
:101FE3000FE5409503120FE5179603120FE584964C
:101FF30003120FE5019803120FE5CB9803120FE5C7
:10200300129A03120FE5259B03120FE5BE9B0312E1
:102013000FE5849C03120FE5D2D703120FE526D8F0
:1020230003120FE57ED803120FE5C9D803120FE59B
:102033002BD903120FE5C4D903120FE52CDA0312CF
:102043000FE538DA03120FE538E803120FE569E804
:1020530003120FE523E903120FE589E903120FE5E4
:10206300ACE603120FE500F903120FE511F90312B1
:102073000FE512EA03120FE520EA03120FE5E37FEF
:1020830000120FE567FF01120FE577FF01120FE55D
:1020930092FF01120FE5F3FF01120FE51AF303128A
:1020A3000FE59FF303120FE503F403120FE5FCF0B2
:1020B30003120FE51EF103120FE588F103120FE57A
:1020C30093F103120FE5D7F103120FE568FE021235
:1020D3000FE576FE02120FE59BFE02120FE5B8FE36
:1020E30002120FE5D5FE02120FE509FF02120FE5FA
:1020F3003AFF02120FE556CD03120FE564CD03122A
:102103000FE5DECD03120FE5C2CE03120FE57BD040
:1021130003120FE52BF903120FE5ABC903120FE509
:1021230017CA03120FE521CB03120FE57ACC031272
:102133000FE5D5CC03120FE52ACD03120FE538CDF9
:1021430003120FE54CCD03120FE56CBC03120FE530
:10215300C1BC03120FE5BDBE03120FE5EFBE0312B0
:102163000FE511BF03120FE52ABF03120FE543BFAB
:1021730003120FE54DC003120FE5E8C003120FE58C
:1021830055ED03120FE579ED03120FE592ED0312FE
:102193000FE5C5ED03120FE5F6ED03120FE524EE8F
:1021A30003120FE586EE03120FE595EE03120FE51A
:1021B3009FEE03120FE5ACEE03120FE573DA031281
:1021C3000FE599DA03120FE5D6DA03120FE5E5DA24
:1021D30003120FE504DB03120FE56CDB03120FE5BB
:1021E30075DB03120FE5D4DB03120FE5F8DB0312F3
:1021F3000FE5B7DC03120FE5C4DC03120FE5D5DCF2
:1022030003120FE597F803120FE5B4F803120FE575
:102213005FC103120FE5BDC203120FE5CAC2031269
:102223000FE5DDC203120FE5FCC203120FE512C373
:1022330003120FE526C303120FE59BC303120FE539
:1022430000C403120FE5B0C403120FE585C50312E2
:102253000FE595C503120FE5A4C503120FE5A7F516
:1022630003120FE5CBF503120FE5F3F503120FE5A8
:102273001BF603120FE503DD03120FE52ADD03123C
:102283000FE54BDD03120FE5B0DD03120FE569DF48
:1022930003120FE582DF03120FE58EDF03120FE552
:1022A300A2DF03120FE5C0DF03120FE5CADF03123B
:1022B3000FE5D4DF03120FE5E7DF03120FE53AE082
:1022C30003120FE573E003120FE5A2E003120FE51B
:1022D300F0E003120FE53FE103120FE55AE10312A9
:1022E3000FE564E103120FE575E103120FE5BBE1AE
:1022F30003120FE5E0F603120FE52CF502120FE5CA
:1023030056F502120FE572F502120FE585F502127A
:102313000FE59BF502120FE5F8F502120FE52BF618
:1023230002120FE567FA02120FE58DFB02120FE5A9
:10233300C0FB02120FE50CFC02120FE538FD02127E
:102343000FE560FD02120FE575FD02120FE585FD35
:1023530002120FE5C9FD02120FE52AFE02120FE574
:102363003AFE02120FE5B6EE03120FE5D1EE0312A9
:102373000FE5FAEE03120FE514EF03120FE539EF41
:1023830003120FE558EF03120FE570EF03120FE589
:102393009EEF03120FE5B8EF03120FE513F80312D4
:1023A3000FE5E0D003120FE5E7D003120FE5F3D1F9
:1023B30003120FE523D203120FE549D203120FE5EF
:1023C3006CD203120FE58ED203120FE5C8D20312AB
:1023D3000FE52ED303120FE567D303120FE5B3D333
:1023E30003120FE5E0D303120FE500D403120FE548
:1023F3000EF203120FE526F203120FE514F3031294
:102403000FE517F303120FE5E9EF03120FE55BF096
:1024130003120FE599F003120FE5DAF003120FE54B
:10242300DDC503120FE5FCC503120FE54BC603120E
:102433000FE567C603120FE598C603120FE5A8C69A
:1024430003120FE5B5C603120FE5C2C603120FE56B
:10245300AEC703120FE5ECC703120FE5F6C703126D
:102463000FE506C903120FE511C903120FE523C9CE
:1024730003120FE52CC903120FE536C903120FE54A
:10248300AFB703120FE5F4BB03120FE502BC03124F
:102493000FE5D3F803120FE540F603120FE56AF6D2
:1024A30003120FE56DF903120FE5008003120FE528
:1024B3001E8503120FE50CE402120FE5D8E20212A7
:1024C3000FE535E202120FE5E8E002120FE593DEB5
:1024D30002120FE529DE02120FE5E1DD02120FE51C
:1024E30053DD02120FE546DD02120FE540DA021258
:1024F3000FE5972D00120FE5702D00120FE5A2D7FF
:1025030002120FE56BD602120FE52C2D00120FE518
:10251300F12C00120FE5BFD502120FE505D402120C
:102523000FE5B5D102120FE53CD102120FE5E3D05E
:1025330002120FE573D002120FE54AD002120FE523
:102543002ACE02120FE5F6CD02120FE5C3CD021219
:102553000FE5A7CD02120FE5C0CC02120FE578CC30
:1025630002120FE5C3CA02120FE543CA02120FE5B6
:1025730040CA02120FE541C902120FE50FC9021248
:102583000FE54CC802120FE577C602120FE508C625
:1025930002120FE5CB2C00120FE5B22C00120FE54F
:1025A3005E2C00120FE5BA2B00120FE5302B001240
:1025B3000FE5DAC502120FE5D7C502120FE5C4C550
:1025C30002120FE5CF2A00120FE56FC502120FE5C5
:1025D3005EC502120FE550C402120FE51AC40212BF
:1025E3000FE57D2A00120FE56BA803120FE5C8C3A0
:1025F30002120FE569C302120FE538C302120FE599
:1026030000C002120FE5C0BF02120FE5B4BF0212F1
:102613000FE514BF02120FE554BE02120FE5D6BB3D
:1026230002120FE567B902120FE525B902120FE591
:10263300F9B702120FE5AEB702120FE5EDB60212BB
:102643000FE530B602120FE5C6B502120FE500B66C
:1026530002120FE56B2A00120FE51BFF01000000B9
:1026630080FBE47300013636010100010201000121
:1026730003010001040106060502000007010034FE
:102683000801000F090401010D0100FF0E080000FD
:1026930017020000190100FF1A0100011B0100FECF
:1026A3001C0100081D0200001F01000120010001A0
:1026B300210200002301000F240200002601000173
:1026C30027010008280200FF2A0100072B0102400E
:1026D3002C0100002D0100012E0100012F0100FF3C
:1026E30030010B1C310800003A0100083B01000FC8
:1026F3002F01000003027102300160021102700217
:102703000102020202028002100261023A00410049
:102713006302730272026202430200021302380070
:102723000002000204021202000200020002000280
:1027330004020402370037003C024402000239005D
:102743000002000265020002350281020002050256
:102753008202830200020300710030016000110055
:10276300700031022003500480001000610000005B
:102773001400630073007200620043000000130042
:10278300060000000000040012000000000000002A
:10279300000004000400370037003C02440000003E
:1027A300000000000000650000003500810000000B
:1027B30005000000830000000304710402046004A8
:1027C30011047004020402040104020410046104ED
:1027D30000041404630473047204620443040004D5
:1027E3001304060400040004040412040004000497
:1027F30000040004510464000004000400044404C1
:10280300000400040004000465040004350481048A
:10281300640005040004830400040103710301033D
:102823000103010301030103220302030103100354
:10283300000300030003000300030003000342033B
:102843000003240306030003000304031203250308
:1028530023032503230304030403000300030003EA
:10286300440300030003230300036503210035032E
:102873008103000305030003000300030101710149
:102883000101010111010101310101010101800176
:10289300100161013B0014006301730172016201C5
:1028A30043010001130106013D013500040112013A
:1028B300000100010001000104010401330133019F
:1028C3003C014401320136000001000165010001B1
:1028D30035008101000105018201830100013600F9
:1028E3000100060000000F000000000000000000CF
:1028F3000000000003FFFF00000403FFFF0000FFD0
:10290300FF0FF4010005C4040320000100030B00C2
:102913000000000000000003010F0000DC1F130093
:10292300A01F0100DC1F02006A1F0300701F0400C8
:10293300761F05007C1F0600881FFFFF000001AA09
:102943001506D41508CE150BEC1510261502B01577
:1029530005C21507B6150C8C150D9E15FF00000357
:10296300EAF5E5D5D5C5B5A59595858575756565EF
:102973005555454535352525151505CA19FA19D077
:1029830019D619F419E819E219001A061A0C1A18BB
:102993001ADC19C419BE1900160F00000B150B021F
:1029A3000002220F32000006BA1ACC1AD21A941966
:1029B300D81A8E199A19CE18C81804190A19FE18AC
:1029C300B6181A1B381B3E1B201B2C1B261B303032
:1029D30016181920231A1C1E300C0E020B040B0AA6
:1029E3000708000F00383C3E363B3B352B432C3069
:1029F3003017181921301B1D1F3000011916181626
:102A0300161523030000034948424D1817250502F4
:102A13000E1BDE1AE41AF01AEA1AEE19121A321B06
:102A23001E1A241A020402010101010902DA18E044
:102A330018D4181019000000000000E618F8180058
:102A4300BE040A150004007F00E8030C0028000000
:102A5300000000090308100C0A0308090004000120
:102A6300FF1E1E0C05040F08C082C0838A828B835D
:102A7300E0D2E7F0121ED4023B1FC082C08379006C
:102A8300122F37125E88C082C083900334124C0E1B
:102A9300D083D082C3E09CA3E09D500C12655CFA06
:102AA300A3E0122AAE600109023B1FFBEA75F00B9B
:102AB300A4FAA8F075F00BEBA428FB900336E02AE8
:102AC300F8A3E03B8882F583E0540F2274F7120ADF
:102AD300638908122F37122FDDACF075F00BE9A4D0
:102AE3002CF9900336E028FEA3E039FF7401650852
:102AF30060067402650870208A828B83122FC912C4
:102B03003EFF74026508701B122E8812301070137A
:102B13008E828F83E4F0800BEA2403FCEB122FAB4D
:102B2300122FB7EEFAEFFB122654023E5C74F41236
:102B33000A63126E8379008E828F83E06076890A3E
:102B4300890B8065E50A75F00BA4FAA8F075F00B04
:102B5300E50B122ABB7046E50A75F00BA4F8AAF040
:102B630075F00BE50B122FEF8E828F83E0850882C1
:102B73008509831230D1850882850983A3123EFF1C
:102B8300EE2403FCEF122FB4123CDD125902AA0803
:102B9300AB091226547901900334125317E50A2422
:102BA30001F50AE50B3400F50B122E90E50A9AE5C0
:102BB3000B9B40900240A974F5120A63EAFEEBFFF7
:102BC300740B1212E5123CE2750A01EC4D602BEC1A
:102BD300126E9FED125E88123EF779011225C4E54D
:102BE300084509606F850882850983A3126E8D7974
:102BF30002AA08AB091225C4805AE5084509602BCF
:102C0300125E8C124556123CDE122FFA700CEEFA4D
:102C1300EFFB1225ACE9F50A80CBEE2403FA122F61
:102C23003270317903EEFAEFFB80CA8E828F83A371
:102C3300E064FE7003A3E0F4700BEE24030A0A0AB7
:102C4300122F32700CEEFAEFFB1225ACE9F50A8075
:102C530003750A00A90A7F03020D1874F7120A63A9
:102C6300900334123E6CEA4B602FEA75F00BA4FA22
:102C7300A8F075F00BEBA428FBEAFEEBFF121D0C8A
:102C8300900336123E6C90033612515C6012EEFCD8
:102C9300EFFD7900121C768007900336E4F0A3F071
:102CA300023E5C9003341248C6C3EE98EF9922C0EB
:102CB30082C083EC4D600512241A80097C087D00D4
:102CC3007900121C76023B1F74F6120A637900EA3C
:102CD3004B6018780088081261CFEB1265586004C6
:102CE3007901780808E8C3940840EA023F0874F7BA
:102CF300120A6374F31210AEECFEEDFF85188285A1
:102D03001983E4F0041212E5EAF0A3EB1256887477
:102D1300031212E5AC82AD83EEFAEFFB12259AEEB5
:102D2300FAEFFB122594023E5774F7120A6374F309
:102D33001210AEECFEEDFF851882851983E4F0EAEC
:102D4300FCEBFD74031212E51230CA74011212E592
:102D5300123EF38E828F83123EFF74FE68700374FB
:102D6300FF696004790180027900023E5774F7120B
:102D73000A63EAFEEBFF122DCE7014122DD98E8258
:102D83008F83E0F4F88A828B83E058F0122654A9EB
:102D930008023E5C74F7120A63EAFEEBFF75080053
:102DA3008E828F83E06022122DCE701D122DD98A60
:102DB300828B83E08F838E82F8E058700CE0F88A70
:102DC300828B83E048F012265480C41225E2E9F591
:102DD300087401650822126E98122FE1122F23FA4C
:102DE300A3E039FB2274F4120A638A088B097C007E
:102DF3007D00122E88122FB7122F48126E8A790087
:102E0300850882850983A3E064FE7003A3E0F46070
:102E1300717E007F008062EEFAEF122AAE6057EEF9
:102E2300FAEFFBEA75F00BA4FAA8F075F00BEBA42C
:102E330028FB900336E02AF50AA3E03BF50B85084F
:102E430082850983A31255D6850A82850B83A3E065
:102E53006A7003A3E06B701EE50A2403FAE50B1204
:102E63002F33700AE50A2403FCE50B122FB4122F4B
:102E73003C7901125E9E123827122E90EE9AEF9B38
:102E830040950240A9EA24030A0A0AEB229003347C
:102E9300125A75C32274F3120A638A088B098A8251
:102EA3008B83A3126E8D122F37126E8A750C00124C
:102EB3002E88122F3370547E007F008049122F1505
:102EC300FAA3E0398A82F583E0540F6036122F1596
:102ED300F50AA3E039F50BE50A2403FCE50B122FF1
:102EE300BE3400FB122414E964017017850A82853D
:102EF3000B83A3125B36A3123EFF122F3C750C010A
:102F0300125E9E123827122CA640B2A90C7F05022E
:102F13000D18EEF8EFF9E875F00BA4F8122F232241
:102F2300AAF075F00BE9A42AF9900336E02822EF02
:102F330012300A22126E9EEB22122F48125E99EE75
:102F4300F0A3EFF022E508126E9FE5092274F51253
:102F53000A63EAFEEBFF8E828F83A3126E8D7C00E1
:102F63007D00EE24030A0A0AEF122FB7EEFAEFFBF5
:102F73001225E2E9F50A7401650A7029126E9812A6
:102F83002FDDAAF075F00BE9122FEF850882F58388
:102F9300122FC9122FFA700DE5082403FCE509125C
:102FA3002FAB122FB7022C573400FDEE2403FAEF98
:102FB30022122FBE3400FB12259A223400FDE508AD
:102FC3002403FAE50922A3122FCE22122FD222E0E4
:102FD300F8A3E0F98E828F83A322122FE12234001B
:102FE300F5831248CAE875F00BA4F822122F29F5CD
:102FF30008A3E039F50922E8F0A3E9F0E508240382
:10300300FAE50912300A221230106401223400FB5F
:10301300122594E92274F3120A6374E61210AE12B5
:103023006E83750C01750800750900750A00750B30
:1030330000851882851983E4F0EE2403FCEF340045
:10304300FD74031212E51230CAE964017023740B94
:103053001212E5123EF774011212E51255DA7003EB
:10306300A3E0696051851882851983858208858369
:1030730009740D1212E5E41230D1740E1212E51226
:103083003EFF740D1212E5AA82AB83121C4CE96455
:1030930001700B740D1212E585820A85830B780A81
:1030A30012101DAC08AD09EEFAEFFB1225A674024F
:1030B300121030E9F50CEEFAEFFB1224F2A90C74AE
:1030C3001A121030022F1012339D1212F822123EE0
:1030D300671248C622C082C0837800790080031239
:1030E30031C8122E90E89AE99B5029E8FAE9FBEAE5
:1030F30075F00BA4FAACF075F00BEBA42CFB90036A
:1031030036E02AFCA3E03B8C82F583E0540F70CFBA
:10311300790080027901023B1FC082C083902A4656
:1031230012491CEC75F012A4FCA8F075F012EDA482
:1031330028FD79FF7AFA7B0A121C76023B1F74F78B
:10314300120A63E9FEEAFF7A007B007800790080C7
:1031530028E8FCE9FDEC75F012A4FC85F00875F095
:1031630012EDA425081235DDC39E400AE0FCEFC32F
:103173009C40031236FC1231C81235D140D3023EB3
:103183005CC082C0837800790080031231C8123199
:10319300BC501F1235E1F470F2E875F012A4F8AADE
:1031A300F075F012E9A42AF974FA28FA740A39FBC3
:1031B30080047A007B00023B1F902A46123692C39A
:1031C300E89AE99B22E8240108E93400F92274F023
:1031D300120A6374F31210AE8A0A8B0B8C0C8D0DDA
:1031E3008908EC450D6016AA0CAB0D1213468A0E26
:1031F3008B0FAE0EAF0FEE4F600302328F12131C14
:103203008A0E8B0FA80EA90FE8FEE9FFE849607C40
:10321300902A541232F16022740365086006740424
:10322300650870167A047903121316902A54123320
:103233000840077A007B000232EE902A521232F1E4
:10324300601B74016508600674026508700F7A02DA
:103253007901121316902A5212330850D685188218
:103263008519837401F01212E5125902AC0CAD0DED
:1032730074031212E5123396740B1212E5123CEA30
:103283001242DFE41258EA12180E8004EE4F604A2D
:10329300780074FF2508C39404500278048E828F4B
:1032A300831259028E828F83A3A3A3A3E508F0E8B8
:1032B3008E828F83A3A3A3A3A312590A12080B120E
:1032C30036A98E828F83A3A3A3A3A3A3A3F012364D
:1032D300A01212BA125E821212AE1232F64005909A
:1032E3001056E4F01216E8EEFAEFFB0248D0125A39
:1032F3002449227A047900121316902A4612653E55
:10330300EA98EB992212332175832A758246E49356
:10331300C398F8A3E49399F9C3EA98EB9922E49349
:10332300F8740193F92274F2120A6374F31210AE63
:103333008A088B09ECFEEDFF750A00EEFAEFFB122B
:1033430013468A0C8B0DA80CA90DE849603E8882B0
:103353008983E065087004A3E06509602F8882898A
:1033630083A3A3A3A3E0C394055021125D30851862
:10337300828519837401F01212E5125D34EEFCEFBD
:10338300FD74031212E5123396750A01A90A740D2E
:103393000253CE12339D12130422AA82AB83122549
:1033A3009A851882851983AA82AB832274F6120A3E
:1033B300631233EB600FA3A3A3A3E014C3940450DD
:1033C30004790180027900023F0874F6120A63123D
:1033D30033EB600FA3A3A3A3E014C39402500479B7
:1033E3000180027900023F081213408A828B83E531
:1033F3008245832274F6120A631233EB600BA3A394
:10340300A3A3E07004790180027900023F08C0821F
:10341300C083EAFCEBFD7A007B00023B1CC082C048
:10342300837C007D00023B1C74F4120A6374F31264
:1034330010AEEAFEEBFF8C0A8D0BC3EC94F8ED940F
:10344300FF4007EE4F70030234E47508007509006E
:10345300802E8518828519837401F012384F121259
:10346300E512385D601374031212E5AC82AD83EE8E
:10347300FAEFFB122414E97049E508240112367DA2
:10348300902A46E4125A2CE50898E509995052E52A
:103493000875F012A4F8AAF075F012E509A42AF948
:1034A30012657160D4EE4F70A974FF650A700474DD
:1034B300FF650B60C412383F650A7004A3E0650B17
:1034C30070B7E50875F012A4F508A8F075F012E5D9
:1034D30009A428F50974FA2508FA740A3509FB804A
:1034E300047A007B000240A474F4120A6374F3129A
:1034F30010AE7508001213468A0A8B0BAE0AAF0B87
:10350300EE4F602A8518828519837401123E61F893
:10351300A3E0F9740B1212E5123F821224F87C1215
:103523007D0079FFEEFAEFFB121C7675080112326B
:10353300F650099010567401F01216E8A9080240DB
:10354300A474F7120A63E9FE74FE6A700374FF6BD6
:1035530078007900700580521231C81235D1504A73
:10356300E8FCE9FDEC75F012A4FCAFF075F012ED88
:10357300A42F1235DDF460E0E8FCE9FDEC75F012F0
:10358300A4FC75F012EDA42FFD74FA2CF582740AD5
:103593003DF583E06A7003A3E06B70BC80091235CC
:1035A300E114C3940440171231C81231BC5018EE11
:1035B30070EC1235E164016005E0640370E91238D0
:1035C30030FAA3E0FB80047AFE7BFF023E5C902A84
:1035D30046124920C3E89CE99D2212373122E8FABA
:1035E300E9FBEA75F012A4FAACF075F012EBA42C27
:1035F300FB74FE2AF582740A3BF583E0221213580A
:10360300023B1FC082C083790180F274F0120A6307
:103613008A0A8B0B7A0479011213168A0C8B0DEA32
:10362300450D603EEAC333FAEB33FB121D0C8A08E7
:103633008B09AE08AF09EE4F60237AFE7BFF1213AE
:103643005E74FE6A700374FF6B601B8508828509D4
:1036530083123E6CE508240212367D80E1750C006E
:1036630080047E007F00850A82850B83E50CF0EEE3
:10367300FAEFFB0248D5E5082407F508E50934000D
:10368300F50922902A46124920C3EA9CEB9D22E4C5
:1036930093FA740193FB22121C6A740322125E9341
:1036A300E4F09080A622E88E828F83A3A3A3A3A332
:1036B300A3A3A31236CB74011236CBA3F0EE2410CE
:1036C300125E96E4F0A3F0221242EBA3A3A322C05E
:1036D30082C0837A007B008004191236FC1236867E
:1036E300501012371BC3940550F0E970EC123705E4
:1036F30080047A007B00023B1FEA24010AEB3400BA
:10370300FB22EA75F012A4FA75F012EBA428FB74FD
:10371300FA2AFA740A3BFB22EAFCEBFDEC75F01281
:10372300A4FCA8F075F012EDA42812373122FD7421
:10373300FE2CF582740A3DF583E02274F7120A63C6
:1037430074F31210AE7E007F000237E3E50875F0D4
:1037530017A4F8A9F01267D2FAA3E0FBEEF8EFF989
:10376300E875F012A4F8ACF075F012E9A42C123845
:103773003E6A7003A3E06B603FE50875F017A4F899
:10378300AAF0EA1267D1F8A3E0F974011212E5E096
:10379300687003A3E0696020E50875F017A4F8EAF0
:1037A300F9747628FC740C39FD74031212E5AA82AD
:1037B300AB83122414E96014E50875F017A4F8A983
:1037C300F0747428FA740C39FB12181A0508902A3D
:1037D30059E493F8E508C398500302374F1238278A
:1037E300902A46126B185039EEF8EFF9123830F47C
:1037F3007003A3E0F460E68518828519837401F0F1
:10380300EEF8EFF9E875F012A4F875F012E9A42ABE
:10381300F912384F1212E512385D60C17508008045
:10382300AD023E57EE24010EEF3400FF22E875F09F
:1038330012A4F8AAF075F012E9A42AF91238432267
:1038430074FA28F582740A39F583E02274FC28F5AA
:1038530082740A391248C4740B22E8F0A3E9123FB8
:103863008A1212FEE922C082C08390034174BCF025
:10387300A37415F0023B1F74F7120A63EAFEEBFF11
:10388300900377E06408601BE0640460168E828F07
:1038930083E0540364017048123CDD1243D5E064B5
:1038A30006703D8E828F83A3A3E064FE7003A3E0C2
:1038B300F4602D8E828F83A3A3123EF3900368E0FE
:1038C300687003A3E069700BEE2415F582EF1265AF
:1038D300586008121676E9F508800812167C80F6FF
:1038E3007508C2EEFAEFFB121D12022D9274F41248
:1038F3000A638A088B098A828B83E0F8A3E0FAE8DB
:103903002AFAE43400FB121D0C8A0A8B0BAE0AAFB1
:103913000BEE4F6063850882850983E0FC7D0079A7
:1039230000121C768E828F83A3A3126E8D1216B89B
:103933008E828F83A3A3A3A3123E6C85088285097D
:1039430083E0F8EE28F8EF3400123EFB8508828509
:103953000983A3E0C0E0EE240D125E85D0E0F012EF
:1039630016CAEE240E125E85E9125537E0C0E0EE6A
:103973002411125E85D0E0F0EEFAEFFB0240A97449
:10398300F4120A6374EB1210AE8A088B098C0A8D49
:103993000BE9FE900377E064046005E064087004BB
:1039A30079C2802EA37808121256EE90037E123B42
:1039B3005D12125674051212E5E9F074041212E551
:1039C3007401F074071212E5E4F0900377740212A5
:1039D3003ABA74150240A674F6120A6374EB121015
:1039E300AEEAFEEBFF1251596003023A7E7A077B7F
:1039F30000121D0C900339123E6C12515960788EDF
:103A0300828F831212BA90033A1243D81212AE1263
:103A13006D51C0E0123A8AD0E0F0EE2405FAEF349B
:103A230000FB8A088B098A82F583E0C0E0123A859D
:103A3300D0E01240A0E0C0E0123A85A3D0E0123EED
:103A4300E01212BA8518828519831212AE88828910
:103A530083E0C0E074051212E5D0E0F085088285AA
:103A63000983E0C0E074041212E5D0E0F074071299
:103A730012E5123AB98006791080027901741502B1
:103A83003F05123A8AA322900339E0FAA3E0F583B3
:103A93008A82A3A3A3A322C082C083125159600DBB
:103AA300900339125A63900339E4F0A3F01215E638
:103AB3001217BA023B1FE4123F8A12244A22C08221
:103AC300C083900338E07003121F9A1213A0804C36
:103AD300C082C083900338E09010557004E4F080F6
:103AE3002D7401F0900338E0F460237C41E0C3942B
:103AF300415002E0FCECF8E0C398F0EC75F0E8A468
:103B0300CCA8F075F003A428FD7A801249287A55D1
:103B13007B107941122432800312134CD083D0825C
:103B2300020FE274F4120A6374EB1210AE8A088B6C
:103B3300098C0A8D0B9003777401123B5D121256A8
:103B430074051212E5E9F074041212E57403F074BB
:103B5300071212E5123AB90239D5123EEB78082260
:103B630074F7120A637C011213B2023E5C74F21200
:103B73000A6374FC1210AEE9851882851983F0EA92
:103B8300FEEBFF8C0A900375124C0E1215DA8A08AD
:103B93008B09EA4509700579CA023CD88A828B836E
:103BA300A3A3A3A3A3A3A3E064FE7003A3E0F47001
:103BB3000579C3023CD89003751255D61218208597
:103BC3000882850983A3A3A3A3A3A3A3A3A3A3E019
:103BD30004900388123E3B74021212E57402F0143F
:103BE3001212E5AA82AB831217248A0C8B0DAE0C3A
:103BF300AF0DEE4F7003023CCF123CDD12454A7409
:103C030006F0A3A882A983900362125AA01248A3C4
:103C1300F0EE2413125E8574011258E27440F0A38F
:103C2300E4125530A3A3123CEA123EFFEE24111214
:103C33005E85E50AF0EEFAEFFB12137CE9FE600302
:103C4300023CD19003777409F0123679AA08FB7904
:103C53004B122432850882850983123E2D123EFFC2
:103C630090036AE0F8851882851983E068600CE0A8
:103C730090036A123F8679E1122432901096123E25
:103C8300F3901098E0687003A3E069601A90033B17
:103C9300123EFF9010981255D61216E29010981209
:103CA3004C0E7A011249287A007B049003C2E0F992
:103CB300121DCC901098123CE2740278081211DDA8
:103CC300AC08AD09FA7B0412492A80027E109005E4
:103CD30025E4F0EEF974040253CEEE125E9422E072
:103CE300F508A3E0F50922123CEE22122FD2A322FB
:103CF30074F5120A6374E21210AE85188285198373
:103D0300ECF0A3EDF0EAFEEBFF890874291212E54B
:103D1300E0F509742C1212E5E0F50A900377E064EC
:103D2300046005E06408700579C2023E25742A1216
:103D330012E5E064FE7003A3E0F4700579C3023E6C
:103D4300259003777403123F867950122432742A24
:103D53001212E5AA82AB83794B122432851882852D
:103D63001983123E34123EFFE50890036AF0742A69
:103D73001212E5123E2D123EFFE509900362123E38
:103D83003B74CE55094480C0E074121212E5D0E0B2
:103D9300F07401250A900388F0740F1212E574027F
:103DA300F0742A1212E5123EF374071212E5E8F0DA
:103DB300A3E9123E7274101212E5123EFF7405124B
:103DC30012E5E508F0741B1212E5E4F090037D742C
:103DD3000FF07A7D7B03795412243290037C740FA5
:103DE300F07A7C7B03794712243290037CE0C394FE
:103DF3000F502374051212E5E0C0E074021212E5BD
:103E0300D0E0F074041212E57401F0041212E5AA72
:103E130082AB8312245674051212E5AA82AB831275
:103E23002438741E121030022C591248C690036BAA
:103E3300221248C690037522F0EEFCEFFD7A897BCF
:103E43000312241A2274F7120A63EB90037FF01211
:103E530015C88005740D1210307F01020D18123E33
:103E630067A3E022123EE0A322EAF0A3EBF02212C2
:103E73003EE6F8A3E0F92274F7120A6374F812100D
:103E8300AEEAFEEBFF7900900377E06408704485A7
:103E9300188285198374FDF0A374FFF01216B274AF
:103EA300021212E5123E6C74051212E5E4123E672B
:103EB300E0C0E074041212E5D0E0123EDBC0E0740F
:103EC300061212E5D0E0F074071212E5E4123F8601
:103ED3001217067408023E59123EE0E022F08E8269
:103EE3008F8322123EEBE022F0851882851983220C
:103EF3001248C622E0F8A3E0F9125E93E8F0A3E9C2
:103F0300F0221210307F02020D18C082C08390038A
:103F130049746CF0A37414F09003EF7460F0A3740D
:103F230017F090034D74A2F0A37414F090034F7430
:103F33006CF0A37414F090035174A8F0A37414F0FC
:103F4300023B1F74F4120A6374F91210AE8A088BD1
:103F5300098C0A8D0B8518828519837808121256ED
:103F630074041212E5E9F074051212E5E4F0740624
:103F73001212E5E4123F8612138E74070240A6E87C
:103F8300F0A3E9123F8A22123EEBAA82AB8322748A
:103F9300F4120A638A088B098A828B83125EA1EE6C
:103FA3004F700302409E90031212515C60158A8287
:103FB3008B83A3A3E0F9EEFAEFFB9003131243D82C
:103FC3001226658E828F83A3A3A3A3A3A3A3A3A374
:103FD300E0640270748E828F83A3A3A3A3A3A3E0E0
:103FE30054027003024070850882850983A3A3E00D
:103FF30064E960798E828F83A3A3A3A3A3A3A3A35E
:10400300A3A3E070149010ABE0048E828F83A3A36C
:10401300A3A3A3A3A3A3A3A3F08E828F83A3A3A38A
:10402300A3A3A3A3A3A3A3E0141240A0A3A3A374D5
:1040330004F09010AC1258DCE8F0A3E91269B58BD8
:104043000BEA450B70031263938E828F83A3A3A3A2
:10405300A3A3A3A3A3A3E0640260128E828F83A30E
:10406300A3A3A3A3A3A3A3A3E06406702E8E828FAE
:1040730083A3A3A3A3A3A3E0A2E0501F8508828583
:104083000983A3A3E0F9EEFAEFFB12254C8E828F8E
:1040930083A3A3A3A3A3A3E054FEF080091242E7E2
:1040A30022740D1210307F04020D1874EC120A638F
:1040B30074DD1210AEEAFEEBFF8C088D0974371223
:1040C30012E5780C121283750A0074051212E5AC1E
:1040D30082AD831224CE74121212E5E070087415B7
:1040E3001212E5E0602074051212E5E0A2E6501E0C
:1040F3008E828F83A3A3A3A3A3A3A3A3A31255D6A3
:1041030012173CE9600879031224020242CD7405B8
:104113001212E5E0540C64047005750B01800375FD
:104123000B00E0A2E55035750A01E50BA2E0402C37
:104133001216B88A108B11A810A911123CDDE06881
:104143007003A3E069601574051212E5126E9412F0
:1041530055D2122558E96004790480AC7405121213
:10416300E5E0A2E6502274061212E5E0540370184B
:1041730074051212E5E0540C640C600CE0540C64FA
:10418300086005751001800375100074051212E5AF
:10419300E05403F8740268700C126E941255D21234
:1041A30024BC0242CD740168703AE510A2E05003CA
:1041B3001242D574051212E5A882A9837403121260
:1041C300E5E8F0A3E91248BA8518828519831242FB
:1041D300DFE0C0E074021212E5D0E0123F8612263F
:1041E3003C0242CDE860030242CD90035FE06401EC
:1041F30070108E828F83A3A3A3A3A3A3E0700302F3
:10420300415B74221212E574021248BA741A121234
:10421300E5123EFFE510A2E0500874051212E51204
:1042230042D5E50BA2E0506AEE240FF582EF12654A
:1042330058C0E074171212E5D0E0F0900314125145
:104243005C70030242CD1216B88A128B13A812A90E
:1042530013741A1212E5E0687003A3E069706B78B7
:104263000C121015780A121021780812101DA910CB
:10427300740C1212E5AC82AD8374211212E5AA828A
:10428300AB839003141243D51226657407121030C2
:104293008038780C121015780A1210217808121041
:1042A3001D900375120E18EE2412F582EF1262862A
:1042B30074231212E5AC82AD83740E1212E5AA8246
:1042C300AB8312254074091210307423121030028C
:1042D3006980126E94125A711224C822E8F0A3E97D
:1042E3001242E7221242EB22F08E828F83A3A3A312
:1042F300A3A3A32274F7120A63121E8C023E5C74FA
:10430300F7120A63121E9E023E5CC082C083121E15
:1043130098023B1F74F7120A63121EA4023E5C74D8
:10432300F7120A6374091212E5E0F508780812100F
:1043330021121EB07401023E59C082C083121EBCFA
:10434300023B1FC082C083121EC2023B1F74F712BE
:104353000A63121EC8023E5C74F7120A63EAFEEB9C
:10436300FF890874016508701479001214E4902A17
:1043730064E493FC7900EEFAEFFB12145A023E5CFC
:1043830074F4120A6374F91210AEE9FE8A088B09F9
:104393008C0A8D0B74131212E51255D69005711207
:1043A300515C6027EE851882851983F0740112121F
:1043B300E57808121256EAF8EBF974051212E512C1
:1043C3003F829005711243D5122665023F7DFB9013
:1043D300034BE0F8A3E0F58388822274F7120A63A3
:1043E300901058E0F97E00800B126544540D64016F
:1043F3007001190E1245D85003E970ED023E5C744A
:10440300F7120A63901059E0F97E00800B1265449D
:10441300548D64817001190E1245D85003E970ED73
:10442300023E5C74F2120A63890BE975F006A42458
:104433000CF508E5F01236818A0CE508250CFAE53F
:10444300093400FB121D0C8A0C8B0DAE0CAF0DEE64
:104453004F6027AC08AD097900121C76123CDDE5EC
:104463000BF0EE2508F8EF3509F98E828F83A3A3AD
:10447300A3A3A3A3A3A3A3123EFFEEFAEFFB02534E
:10448300D174F6120A63EAFEEBFF1214369010574A
:10449300E0F8E9C39840099003451255D612143C3D
:1044A300EE2402F8EF125BE6900347125AA0900342
:1044B30047E004F0EEFAEFFB121442850882850907
:1044C30083E002609CC082C0837900900345800131
:1044D300091255D68A828B83E582458370F2023BAB
:1044E3001F74F7120A63EAFEEBFFEE4F6056900368
:1044F3004512515C604E888289837A007B00EE65A9
:10450300827003EF6583600FAA82AB8312454AE58D
:10451300824583602F80E7900345124556687002F9
:10452300EF698E828F837008123EF39003458003F8
:10453300126992123EFFEEFAEFFB12260CEEFAEF2F
:10454300FB121D12023E5C12454E221248CA88829B
:104553008983221248C6EE22C082C083900345801D
:10456300048882898312515C600B88828983124C90
:104573000EEC4D70EC8A828B83E4F0A3F0E8496083
:1045830006888289838003900345123E6C023B1F99
:1045930074F7120A6390034580048A828B83124561
:1045A300D34B60257E0080010E1245D850ECEE758A
:1045B300F006A4FCADF0EA2CFCEB3DFDEC2410F579
:1045C30082ED12462870E180047A007B00023E5C93
:1045D300125A75EA22124631EEC3982274F7120A70
:1045E300637D0080010D12462DEDC3985034ED75A7
:1045F300F006A4FEA8F0E8FFEA2EFEEB3FFFEE2450
:1046030010F582EF12462870DCED75F006A4FEE883
:10461300FFEA2EFAEB3FFBEA2411F582EB12655811
:104623004CF0023E5C126564692212463122126E1E
:104633009EEB3400F583E0F82274F6120A63121538
:104643005C7A007B008025EAF8EBF9E875F006A4B4
:10465300F8ACF075F006E9A42C125A4A126D5FA368
:10466300E4125B40F0A3126D65126EDC902A4E12C9
:10467300330040D37A007B00801C8A088B097403C3
:1046830078081211DD1254FEA374FEF0A30412592C
:1046930020A3E4126EDC902A581246DB40DC7A0039
:1046A3007B00801D8A088B09740378081211DD745E
:1046B3009C1261D0740F126A1774FEF0A304126E79
:1046C300DC902A5E1246DB40DB902A62E49390037F
:1046D30053F01246E5023F08E493F8C3EA98EB94DB
:1046E30000227CE87D037A107B009003C2E0F9127C
:1046F3001DC62274F0120A6374F51210AE8A088B79
:1047030009890A8C0BE9A2E050147508FC7509FFAE
:10471300A2E15005D2E40247B8D2E30247B81253EC
:10472300BD7003A3E06970057900024885AC0A797E
:1047330002AA08AB09121538E960EDE50AF50C7811
:104743000C12102179027CFE7DFFAA08AB091251DD
:1047530038121030E96003024883E50AC2E5F50A1E
:104763009003B5E07051E50AA2E6404B74031212C0
:10477300E5AC82AD83AA08AB09122510E9703212A9
:104783004A598A0C8B0DA80CA90DE8FEE9FFE849EC
:104793006025EE24020A0AEF123010601AEE24029A
:1047A300FCEF3400FD74031212E5AA82AB831224DA
:1047B3001AE50AD2E5F50A900348E0F50C90036880
:1047C300E0F50EA3E0F50F780E12101D7D017C00BD
:1047D300900348E0F9AA0EAB0F1214F07402121002
:1047E30030E9F8900348E004F0E86003024883E509
:1047F3000AA2E55004740E80027406C0E07401122C
:1048030012E5D0E0125EB28A0E8B0FAE0EAF0FEE42
:104813004F60691248A31248BA888289837401F0F1
:104823007478550AA3126EA4E50C126EA4A3E508CE
:10483300F0E509124892E4F0E50AA2E5500F74038B
:104843001212E5AC82AD83E824061248898E828F6A
:1048530083A3A374FDF0A374FFF0E50B6015902A06
:1048630065E493F8E50BC3985009EE2413125E85B3
:10487300E50BF0EEFAEFFB12137C80067910800251
:1048830079C7740B8049FAE93400FB12241A228891
:10489300828983A3A3A3A312489E22125C19A32295
:1048A300EE2417125E967401F01216B2EE241A1259
:1048B3005E96EAF0A3EB22F0126E9834001248C41D
:1048C30022F5831248CA22E0F8A3E0F922740D12FC
:1048D30010307F08020D1874F6120A637A007B10F9
:1048E3001263A060089003D47401F080299006102D
:1048F300E064019010A97006E0FC79018004E0FCFB
:1049030079037A007B0012145A902A4C12491C7ABC
:10491300007B1012492A023F0812492022E493FC2B
:10492300740193FD227B009003C2E0F9121DC022A3
:1049330074EC120A638A088B098C0C8D0D890E7432
:10494300141212E512531774161212E5E0F510A3B0
:10495300E0F51112173CE960077AFF7BFF024A5624
:104963009010A8E064026003024A497900AA08ABE8
:104973000912153EA90E1215328A128B13AE12AF0D
:1049830013EE4F7003024A318E828F83A3A3A3A336
:10499300A3E064018E828F83A3A370691255D68E20
:1049A300828F83A3A3A3A3A3A3E054186043902AF5
:1049B30063E4938E828F83A3A3A3A3F0EA650C70B1
:1049C30003EB650D6014EA650A7003EB650B600A7F
:1049D300EA65107003EB6511701F781012101DAC9F
:1049E3000AAD0BAA0CAB0D121838740212103080EA
:1049F3000890036712638AA3F074FE6A700374FF5E
:104A03006B601D804EA3A3A3E0640360298E828F95
:104A130083A3A3A3A3A3E0640470057AFE02495E03
:104A23008E828F83A3A3A3A3A3E0640270089003E1
:104A3300B4E064027010124A598B0BEA450B60060E
:104A4300AA08AB09800DAA08AB099003491243D504
:104A530012266502698090037512513E1217FC22DB
:104A630074F7120A63EAFEEBFF12132EE9700AEEE3
:104A7300FAEFFB12133AE96006EEFAEFFB80047AD1
:104A8300FE7BFF023E5C74F0120A638A0A8B0B8C76
:104A93000E8D0F890975080012173CE97900600330
:104AA300024C00AA0AAB0B12153EA9091215328A51
:104AB3000C8B0DAE0CAF0DEE4F60198E828F83A35E
:104AC300A3A3A3A3E0640270559003B4E06402704F
:104AD30003024BFEAA0AAB0B90034F1243D51226D7
:104AE300651213408A0C8B0DA80CA90DE8497003BD
:104AF300024BFE88828983A3A3A3A3A3E0A2E04081
:104B030003024BFE750C01A2E150687901AC0AADBA
:104B13000BAA0EAB0F12148AE97064024BFE8E824D
:104B23008F83A3A3A3A3A3E064037005750C028082
:104B3300528E828F83A3A3A3A3A3E0640160030225
:104B43004BFE900375124C0E8E828F83124F638A35
:104B53000C8B0DA80CA90DE84960D1902A5CE49355
:104B6300FA88828983E0C39A50C2A3E06003024BB0
:104B7300FE80B988828983A3A3A3A3A3D2E1F0EE25
:104B83004F603A8E828F83A3A3A3A3A3A3E05418F9
:104B9300602B7508018E828F83A3A3120E18750CE8
:104BA300FE750DFF780C12101D7900AC0AAD0BAA2F
:104BB3000EAB0F1215507404121030803E90036830
:104BC300E0650E7004A3E0650F7014902A64E4930B
:104BD300FCA909AA0AAB0B12145A750801801CA977
:104BE3000CAC0AAD0BAA0EAB0F12148AE9700C754C
:104BF3000801A909AA0AAB0B1214E4A9080248D5B3
:104C0300E50C2415F582E50D125E991258F622740F
:104C1300EA120A6374F01210AE8A0C8B0D8C088DA5
:104C23000974261212E5E0F514A3E0F515751206D2
:104C33009003F512515C6023900375124C0EAA0881
:104C4300AB091218268A108B11EA4511600D8A826E
:104C53008B83A3E070057900024F4BE50C241DF50F
:104C63000EE50D3400F50F850E82125148F51388B9
:104C7300828983A3A3A3E0FA88828983A3A3A3A33E
:104C8300E0F9EA2400FEE439FFAA08AB091214EAAA
:104C9300850E82850F83124F86E029F50BE50AA264
:104CA300E5500375120E7487550A70177418550A68
:104CB3006418600FE50C2417F582E50D126558653D
:104CC3001260077901122402808C530A78C3EE9490
:104CD300F8EF94FF501D7900EEFAEFFB124F556089
:104CE3001288828983A3A3A3A3A3A3E05418600318
:104CF300024C59780812101D7D00124F79121030A2
:104D0300E9F87403687003024C59E86003024DC468
:104D13007418550A7003024E79E50AD2E0F50AA227
:104D2300E45004D2E1F50AA90A1255CF124F556097
:104D33005388828983A3A3A3A3A3A3E05418604445
:104D430088828983A3A3A3A3A3E064017036E5103B
:104D530045116030900375124C0E88828983124F7F
:104D6300638A0E8B0FA80EA90FE849601788828902
:104D730083A3E0600F851082851183A31260A7507F
:104D830003024C59E50AF50E780E121021124F6CEE
:104D9300121030E9702B7C007D0085148285158309
:104DA30074FFF0A3F0850C82850D83A3A3A3A3A3B3
:104DB300A3A3A3E06003124C03A90B1255CF121E49
:104DC300B6851482851583E0F47003A3E0F460399B
:104DD3009003B4E064027003024C59125308E0FAE2
:104DE300A3E01243D1122665EA65087003EB650957
:104DF3006003024C59EEFAEF1243D1122665851473
:104E030082851583EAF0A3EBF0780812101D7D016B
:104E1300124F79121030A90AEEFAEFFB12153E8AEF
:104E2300088B09A808A909900368E0687003A3E048
:104E3300696003024F3CEEFAEFFB1213408A088BC2
:104E430009A808A909E849606E88828983A3A3A3F6
:104E5300A3E06401600D88828983A3A3A3A3E06414
:104E6300027054851882851983AC82AD83EEFAEF04
:104E7300FB1225108055900361E0600FE50AF50EE3
:104E8300780E121021124F6C121030E50AF50E78CD
:104E93000E12102179027CFE7DFFEEFAEFFB125118
:104EA30038121030E96003024DC4851482851583DE
:104EB30074FFF0A3024E0B1216B2EAFCEBFD851849
:104EC30082851983AA82AB8312241A850C82850DED
:104ED30083A3A3A3A3A3A3A3A3E06401700F124C12
:104EE3000374081212E5AA82AB8312241A12511218
:104EF300125D1E4430F50878081210217401121255
:104F0300E5858208858309780812101D740B121237
:104F1300E5858208858309780812101DE513F508D5
:104F230078081210217900EEFCEFFD1255CF121410
:104F3300847406121030024C59125112125E8812F8
:104F43004F86E50BF01216CA74101210307F0E0252
:104F53000D181215328A0E8B0FA80EA90FE84922DD
:104F6300A3A3125A75121826227901AC08AD0912AF
:104F73005A6A12513822AC0BA913125A6A1214F04E
:104F8300740222125D26A3A3A3A32274F0120A6360
:104F930074F01210AE8A0C8B0DECFAEDFB750F0852
:104FA3009003F512515C60141260A08A828B83E532
:104FB3008245836007A3E0700302510D125112343E
:104FC30000125148F50B8882898312511BE0FBECD8
:104FD3002400FEE43BFF88828983A3A312511BA311
:104FE300A3E0FBECF508E43BF50988828983A3A3DE
:104FF300A3A3A3A3A3E0F50EE50AA2E45003750F50
:1050030010A2E550067408250FF50F748F550A702A
:105013000FE50C2417F582E50D126558650F60083E
:10502300790112240202510D530A707800E50AA295
:10503300E450221251121265582408FCA3E03400F4
:10504300FD74081212E5AA82AB8312241A7808E5CC
:105053000AC2E4F50AE50AA2E550281251121265C4
:105063005828F8A3E03400F9E82408FCE93400FDEB
:10507300851882851983AA82AB8312241AE50AC292
:10508300E5F50AAC0EA90BEEFAEFFB1214F6E9F8FC
:105093007403686075900368E06E7003A3E06F604B
:1050A3005EE87054E50AF50F780F121021125129AA
:1050B300121030E97054780A12102174011212E5AB
:1050C30085820C85830D780C12101D740B1212E56A
:1050D30085820C85830D780C12101DE50BF50A787B
:1050E3000A121021A90EAC08AD09EEFAEFFB121457
:1050F3008474061210308012740468700D80B778BF
:105103000A12102112512912103074100248D2E5EC
:105113000C241DF582E50D22A3A3A3E0FC8882895C
:1051230083A3A3A3A322790112530F125E991251F1
:105133003E125138221214AE740122E0FCA3E0FDAA
:10514300AA08AB0922F58312454EA3E0F50A88822B
:105153008983A3A3E022900339125AD12274E8125F
:105163000A6374F51210AEEAFEEBFF8C088D098911
:105173001474231212E5E0F50F74241212E5E0F51E
:1051830012A3E0F51374261212E5E0F516A3E0F579
:105193001774281212E5E0F50EA90F1214FC8A10F9
:1051A3008B1174011212E57408F0E50EA2E45003AA
:1051B3007410F0E50EA2E55004E02408F08518828F
:1051C300851983AA82AB831217248A0C8B0DEA45B7
:1051D3000D70030252EFEA2417F582EB125301120A
:1051E30016B2E50C241AF582E50D125E88123E6CA8
:1051F30074031212E5AC82AD83AA10AB1112251011
:10520300E9601D1252F974031212E5A882A983E51D
:105213000C2418F582E50D125E88E8F0A3E98024DA
:10522300E50EA2E4501FE5106E7003E5116F7015D3
:105233001252F9E50C2418F582E50D125E88E51289
:10524300F0A3E513F0125308125317850A82F5836E
:105253007402F0A3E50E12531FE50FF0EE850A82E8
:10526300850B83A3A3A3F0EF850A82850B83A3A3F6
:10527300A3A312531FA3A3A3E508F0E509850A829C
:10528300850B83A3A3A3A3A3A3F0AA10AB111214AA
:10529300EAE92514850A82850B83A3A3A3A3A3A309
:1052A300A3F0750800E50EA2E45011AC12AD13E5AE
:1052B3000A2408FAE50B12488B750808E50EA2E5E7
:1052C3005014AC16AD17E50A2508F8E50B3400F9C0
:1052D300E82408124889850C82850D83A3A3E51071
:1052E300F0A3E511F0AA0CAB0D12137C740B121092
:1052F300307F10020D18E50C2416F582E50D125EC1
:10530300997401F02212530F125E9922E50C126E6A
:105313009FE50D22E0F50AA3E0F50B22F0850A8252
:10532300850B83A3A32274F2120A638A088B09EC08
:10533300FEEDFF890A79001253BD7003A3E0697083
:105343000479018073750B01900368E065087004AC
:10535300A3E06509601F750B00780B121021A90AE1
:10536300EEFCEFFDAA08AB09121778740112103096
:10537300E9F50B80417900EEFAEFFB121532EA4BA7
:10538300602B8A828B83A3A3A3A3A3A3E0541860F7
:105393001C7508FE7509FF780812101D8A828B831D
:1053A300A3A3120E18126CB412103080097901EE07
:1053B300FAEFFB121412A90B801412153E8A0C8B00
:1053C3000DA80CA90D900368E068221210307F0627
:1053D300020D1874F4120A637508E475090D7A1046
:1053E3001269BC8B0BEA450B70031246E59003531D
:1053F300E014F0700C902A62E493900353F01215BA
:105403004A7E007F00806C850882850983A3A3A35D
:10541300A3E06059F46056E5082404F582E5091217
:1054230063847049850882850983A3A3A3A3A3E0AA
:10543300640370197902850882850983124C0E85ED
:105443000882850983A3A31255D612148A8508827C
:10545300850983A3A3A3A3A3E06401601085088245
:1054630085098374FEF0A304125530E4F012382743
:10547300123679902A50126B18408C7E007F008080
:10548300391216588E088F09740378081211DD74C7
:105493005C2508FC740F3509FD7A967B14121646B9
:1054A300EA4B70DD8E088F09740378081211DD1240
:1054B30054FE126D5FE4F0123827902A58E493F8F3
:1054C300C3EE98EF9400501B8E088F09740378087D
:1054D3001211DD125506E82407F582E91263847080
:1054E300D680A17E007F00800A125511600214F05D
:1054F300123827126B1540F10240A9125506888213
:10550300898322745C2508F8740F3509F922EEF8B3
:10551300EFF9E875F006A4F8AAF075F006E9A42AF5
:10552300F974FC28F582740E39F583E0221255379D
:10553300A3A3A322F0850882850983A3A32274F77A
:10554300120A6374E11210AEECFEEDFF750800EE73
:105553004F60728A828B83E0241C1263B512515C04
:1055630060638A828B831255D6851882851983AC32
:1055730082AD83EA241BF582EB126286EA241CF5D2
:1055830082EB1255D212169A740B1212E51255DAE7
:105593007003A3E069702E74021212E5E0640170D7
:1055A30024741D1212E51243D5E064017017741DB3
:1055B3001212E51243D7A3A3E0F88E828F83E0682B
:1055C3007003750801A908741F023E5912530F3462
:1055D30000F583125A7522122FCEE0682274F4125A
:1055E3000A63E97024790090034D1243D5122665AE
:1055F3008A0A8B0BAE0AAF0B74FE6E700374FF6FD7
:10560300701A902A5FE4936013790190034D12435B
:10561300D51226658A0A8B0BAE0AAF0B1216E80267
:10562300397B74F6120A6374F31210AE121C828A69
:10563300088B09AE08AF09900368E06E7003A3E01E
:105643006F60E91216BEEA6E7002EB6F60DEEEFA6F
:10565300EFFB12173CE970D4EE4F60D085188285BA
:105663001983E4F0041212E5EEF0A3EF125688E971
:1056730070BA74FE6E700374FF6F60B0EEFAEFFBE6
:10568300740D023F05123F8A121C4C22C082C08354
:105693001216E8023B1F7F0A020D1874F2120A6306
:1056A300EAFEEBFF8C0A8D0B8908740E1212E5E0FB
:1056B300F50974FC6E700374FF6F70057900025373
:1056C300D1790012153E8A0C8B0DAE0CAF0D9003F1
:1056D30068E06E7003A3E06F7006E509A2E650DC94
:1056E300A909126BA2706179007AFE7BFF126BA28B
:1056F30070567418550970030257D57800790080E5
:10570300031231C8902A501231BF40030257D5E823
:10571300FAE9FBEA75F007A4FAACF075F007EBA41D
:105723002CFB74EA2AF582740D3BF583E054187060
:10573300D0E875F007A4F8AAF075F007E9A42AF9F0
:1057430074E428F8740D39F988828983A3A3A3A389
:10575300A3A3E0541860097418550970030256BFD7
:1057630088828983EEF0A3EFF074FE650A700474F7
:10577300FF650B60031258FC88828983A3A3A3A34C
:10578300A3A3E509F0A2E0500D88828983A3A3A314
:10579300A3A3A3D2E2F07401650888828983A3A33B
:1057A300A3A3A370387401125920E0541860289001
:1057B3002A63E49388828983A3A3A3A31258EA12DA
:1057C30018268B0DEA450D60030256BF7800790059
:1057D300803979020256C1900367E080D7E0640103
:1057E30070030256BF88828983A3A3A3A3A3A3E064
:1057F30054186007902A63E4938004900366E012D0
:105803004892E508F00256BF1231C8902A59E49332
:10581300FAC3E89AE9940040030256BF7A007B007A
:10582300804BEAFCEBFDEC75F007A4FCAEF075F0E1
:1058330007EDA42EFD74E62CF582740D3DF583125D
:105843005EA1E8FCE9FDEC75F017A4FC85F0097591
:10585300F017EDA42509FD74742CF582740C3DF545
:1058630083E06E7003A3E06F609E1236FC902A50B3
:1058730012368940AD12491CEC6A7002ED6B7088D8
:10588300E875F017A4F8AAF075F017E9A42AF974DB
:105893007428FE740C39FF7C177D007900EEFAEF53
:1058A300FB121C768E828F83125902900375125855
:1058B300DCA3A3A3A3A3A3E8F0A3E91258E2740112
:1058C300F0EE240E125E85740112590A12080BEED3
:1058D300240D125E85E8025807123CEEA3A322F0C2
:1058E300EE240F125E9622F01258F3AA0AAB0B2293
:1058F300900375E0FCA3E0FD2288828983A3A3E5DE
:105903000AF0A3E50BF022F012590F22902A5CE46F
:10591300932401F8E43400F97A027B002212489EB2
:10592300A32274ED120A638A088B09890E125A5353
:1059330040057905025A21121EFEAA08AB09125B23
:1059430025902A4E125A24650A7003E9650B7007E5
:105953007AFE7BFF125B25902A4EE4125A2CE50A4D
:1059630098E50B994003025A1F125A306012E50A58
:1059730075F006A4F875F006E50B125A7B121D129A
:10598300E50E6018E50A75F006A4F8AAF075F006AE
:10599300E50B125AA7701A7901025A21E50A75F02C
:1059A30006A4F8AAF075F006E50B125A88E4F0A3F2
:1059B300F0E50A75F006A4F8AAF075F006E50B12F7
:1059C3005A48A3125D3488828983A3AA82AB8312C7
:1059D3005A968A828B83E0603F125A30603A8E1067
:1059E3008F117512007810121019E50EC333FCE401
:1059F30033FDE50A75F006A4F50AA8F075F006E58F
:105A03000BA428F50B7400250AF582740F350B12CD
:105A130055D412369A121030790080027907026B3E
:105A2300B8123321E822902A4612653F22E50A750F
:105A3300F006A4F8AAF075F006E50B125A83F8A352
:105A4300E0F9E84922A42A125BDC88828983A32235
:105A5300ECFEEDFF902A5AE493F8E9C39822F5830C
:105A6300125A75121D1222E50C126E9FE50D3400B9
:105A7300F583E0FAA3E0FB22125A83FAA3E0FB22A8
:105A8300125A88E022A42AF9740028F582740F3987
:105A9300F58322E50EF09010AA125AA022E0888224
:105AA3008983F022125C00F50CE93400F50DE50E54
:105AB300C333FAE433FB121D0C850C82850D83EA94
:105AC300F0A3EBF0850C82850D83125AD122124884
:105AD300CAE8492274F4120A63ECFEEDFF740C1257
:105AE30012E5123EF388088909125B25AC0AAD0B57
:105AF300ECF8EDF9902A4E125B2D5021E875F00673
:105B0300A4F8AAF075F006E9125A48E08E828F8352
:105B1300125B40125B36123EFF7900800279040269
:105B230040A91214C08A0A8B0B22123692C3EC9A34
:105B3300ED9B221248C685088285098322125C15D3
:105B43002274F6120A637E007F008028EEF8EFF9D4
:105B5300E875F006A4F8ACF075F006E9A42CF97426
:105B6300FE28F582740E1267C36A7003A3E06B60AC
:105B730057123827126B1540D3126B107002E96F5E
:105B8300704674FE6A700374FF6B703C7E007F0086
:105B93008003123827126B15502E12551170F3EE35
:105BA300F8EFF9E875F006A4F8125BD2125C07600F
:105BB30017125BEEF8E9125BE68882125A618508D8
:105BC30082850983E4F0A3F0EEFAEFFB023F087548
:105BD300F006E9125BDA22A42AF974FC28F8740EA1
:105BE30039F9223400F98808890922EEF8EFF9E837
:105BF30075F006A4F875F006E9125C0022125BDA70
:105C0300E8240422A3A374FE125C12125AD122F0D8
:105C1300A304125C1922F088828983A3A3A3A3227D
:105C230074F6120A63EA241DF582EB125D1EF96015
:105C33004BEA241DF582EB1265582402FCA3E034E1
:105C430000FD125A574003025D11780080298C82AF
:105C53008D83E0F508A3E0FFE5082400E43FF509A0
:105C6300E833FEE433FF74442EF582740F3FF5836B
:105C7300125D34125D1408E8C39940D28A828B8383
:105C8300A3A3A3A3A3A3A3A3A3124C0E900368E00F
:105C93006C7003A3E06D700F7C447D0F122F3712DD
:105CA30055D21214B48067EA2411F582EB126558B9
:105CB300605CFC74FF2CF0750801780812102175E4
:105CC300084475090F780812101DE9F508780812C1
:105CD3001021EA2412F582EB126558F508780812B0
:105CE3001021EA2415F582EB125E88120E18ECF9E6
:105CF300122F37124C0B8A828B83A3A3A3A3A3A3D4
:105D0300A3A3A31255D61214CC7407121030023F6A
:105D130008EC24020C0CED3400FD22125E99125D96
:105D230026E022E0F8A3E0F5838882A32288828913
:105D330083E508F0A3E509F02274EA120A6374FD0F
:105D43001210AE8A148B158C0E8D0F890D741912D7
:105D530012E5125EA1741B1212E5E0F511741C1218
:105D630012E5E0F50C741D1212E5125317741F129D
:105D730012E5E0F5106008E50CC3332404800274D7
:105D830002C0E074011212E5D0E0125EB28A088B01
:105D930009EA45097003025E7D8A828B83A3A3E52A
:105DA30014F0A3E5151269ABE50EF0A3E50FF0EAD5
:105DB3002413F582EB125E88E50DF0EA2414F582D4
:105DC300EB125E88E511F0EA2417F582EB126558B1
:105DD300640170401216B88A0E8B0FA80EA90F85A6
:105DE3000882850983A3A3A3A3E0687003A3E069E2
:105DF3006022EE4F6011E508241AF582E509125E70
:105E030088EEF0A3EF800CE5082417F582E509126C
:105E13005E88E4F0125E8C125EA18E828F8374051D
:105E2300F0A3E5107004E50C80487401250C125EA4
:105E3300AB7A008028850A82850B83E0125EA785F2
:105E43000A82850B83A3E08E828F83F0E50A240206
:105E5300F50AE50B3400F50BA30EAF830AEAC395ED
:105E63000C40D21216B8EA125EA71216B8EB8E8255
:105E73008F83F0AA08AB0912137C7403024F4DEE13
:105E8300240CF582EF125E9922122F48125E99229A
:105E9300EE240BF582EF3400F58322900334E0FE09
:105EA300A3E0FF228E828F83F0A3AE82AF83221200
:105EB3003F8A12172422C082C083E9C333FCE43330
:105EC300FDEA2CFAEB3DFBEA24FEF582EB34FF12EC
:105ED30055D4023B1F74F2120A6389098A0A125AC3
:105EE3005340047900804075080080020508E508E6
:105EF300C39509502AE508C333F8E433F9EE28F5CE
:105F030082EF39F583C082C0831216B88A0C8B0DD9
:105F1300D083D082E0650C7004A3E0650D70CDE5FD
:105F23000A650870BE79010253D174F0120A6374D2
:105F3300F31210AE8A088B098C0A8D0B890C750D30
:105F43000012173CE97900600302602FAA08AB092D
:105F530012153EA90C1215328A0E8B0FAE0EAF0F1F
:105F6300EE4F700302602D8E828F83A3A3A3A3A39E
:105F7300A3E0A2E2400302602D1216B8EA650A709C
:105F830003EB650B7011780D121021E4F50EF50F7C
:105F9300780E12101D8044AA0AAB0B121334E96465
:105FA3000170688518828519837404F074011212D4
:105FB300E5125902851882851983AA82AB83121CC4
:105FC3004CE964017045750D01780D121021E4F55B
:105FD3000EF50F780E12101D750D00780D1210219D
:105FE300780D12102174081212E585820E85830F35
:105FF300780E12101D902A65E493F9AC0AAD0BAA32
:1060030008AB091214CC74071210308E828F83A34D
:10601300A3A3A3A3A3E0A2E1400D8E828F83A3A336
:10602300A3A3A3A3C2E2F0750D01A90D0248D07486
:10603300F6120A63E9FE790012153EEEF9121532E3
:106043008A088B09A808A909E8496006126EE6F9CF
:1060530080027904023F0874F6120A637E079003F4
:106063005CE070341260A08A088B09A808A909E8CB
:10607300496025900361E0640188828983A3A3704A
:106083000B1260A7888289835001A3A3E0F9121839
:1060930044E9FEEE70027E07EEF9023F081258F360
:1060A30012182622E0FA88828983A3E0C39A227415
:1060B300EE120A63EAFEEBFF890A8C0C8D0B741255
:1060C3001212E5123CE212617C125A5A5051890EA7
:1060D300750F007403780E1211DD7462250EF582BC
:1060E300740F350FF583E0F8E50CC398502DE50BDD
:1060F3006024751100740378101211DD745C25108F
:10610300F8740F3511F988828983A3A3A3A3A3A3EA
:10611300E50C126186F07900025699790380F979CA
:10612300007AFE7BFF12617CE493651070047902B0
:1061330080E6E50B60E0890E750F007403780E129C
:1061430011DD745C250EF8740F350FF9888289838D
:10615300A3EEF0A3EF126186125920E50C12489AC0
:1061630074FF126D65E50AF0900366E08882898307
:10617300A3A3A3A3A3A3A3809C12152CE9F51090BA
:106183002A5822126EA8A3E508F0A3E5092274F6A3
:10619300120A63ECFF12152C902A58125A5A5027F0
:1061A3008908750900740378081211DD746112619E
:1061B300D0740F126A17E0F8EFC3985006EFF07926
:1061C300008006790380027904023F08EA2508F576
:1061D300822274F4120A63EAFEEBFF12152CE9F52E
:1061E3000A902A58125A5A5019750B007403780AE8
:1061F3001211DD745F250AF582740F350B1255D425
:10620300801890034B12515C600CEEFAEFFB1243C3
:10621300D812266580047AFE7BFF0240A974F61229
:106223000A638A828B83A3A3A3A3A3E4F0F8800168
:1062330008902A5EE493F9E8C399501E8808126215
:106243007E8C828D83A3A3A3A3A3A3A3A3E06970DE
:10625300DFECFAEDFB12165E801EE4936870198C76
:10626300828D83A3A3A3A3A3A3A3A3A37406F07AFA
:10627300008C828D831263A9023F0874E42508F51C
:1062830082740F126564F92274F4120A63EAFEEB56
:10629300FF8E828F83A3A3E0141263C0A3E0F912DD
:1062A300163A8A088B09EA450970030263818E82D4
:1062B3008F83A3A3E070358A828B83A3A3A3A3A3B5
:1062C300A3A3A3A3E064028A828B83A3A3A3A3A3B0
:1062D300A3A3A3A360107406F07AF08508828B83CE
:1062E3001263A90263817406F00263818E828F8335
:1062F300A3A3A3A3A3A3E060738E828F83A3A3A30B
:10630300A3E0607AEE2403F582EF126384706F904A
:10631300035512638A1263C0E0141269A2E0640396
:10632300705C8E828F83A3A3A3A3E0700DAC08AD32
:1063330009EEFAEFFB12150280448A828B83A3A332
:10634300A3A3A3A3A3A3A37404F0121C82EA540F70
:1063530004850882850983A3A3A3A3F0A3E4F07AA9
:1063630020FB1263A0701712639380128A828B83BF
:10637300A3A3A3A3A3A3A3A3A3E0640360AF0240C7
:10638300A912656414F022E08E828F83A3A3A32253
:106393007A207B009003C2E0F9121CC4221269BE6A
:1063A3008B09EA450922E0240C1263B5E0F91215C2
:1063B3007A22F8A3E03400F988828983221263C524
:1063C300A322123EE0A3A3A32274F6120A63790068
:1063D3007E0080258E08750900740378081211DD8C
:1063E300749C2508FA740F3509FB8A828B83A3A357
:1063F300E0600512150879010E902A5EE493F8EE29
:10640300C39840D0E9A2E07A407B009003C2E0F950
:106413005015121DD28B09EA4509700E7C647D006C
:106423007A401246EB8003121DCC023F0874F4122B
:106433000A63ECFEEDFF75089C75090F7C0080452F
:10644300850882850983A3A3A3A3A3A3A3E0F8EAF2
:106453002412F582EB12655868701F85088285093E
:1064630083123EF312655C687003A3E069700B85C9
:106473000882850983A3A3E070200CE5082408F8AB
:10648300E509125BE6902A5EE493F8ECC39840B00A
:10649300E4936C700579000240A98508828509831D
:1064A300A3A3A3A3A3A3E07004790180EA126BB0B2
:1064B3001217FC8B0BEA450B600F85088285098355
:1064C300A3A3A3A3A3A3E014F07C0080010C8C0A74
:1064D3001265325020EC12656A60F212383F6E701A
:1064E30003A3E06F70E7850882850983A3A3A3A3B1
:1064F300A3A3E014F0902A59E493F8902A46E49376
:1065030028F8A3E4933400F9850882850983A3A3BB
:10651300A3A3A3A3E0FAC3E89AE99400508B8508E8
:1065230082850983A3A3A3A3A3A3E4F00264AC908D
:106533002A4612653EE50A98E49922E4123322C3FF
:1065430022EE75F006A4FCADF0EA2CFCEB3DFDEC6D
:106553002411F582ED12656422126E9EEB126564BE
:10656300223400F583E02275F012A4F8A9F074FE3A
:1065730028F582740A39F583E0F42274EA120A6377
:10658300EAFEEBFF8C148D1589127C9C7D0F750838
:1065930001750900750A00750B00902A59E4937878
:1065A30008120F9E9080A6780C1212837A00801234
:1065B3008C828D83A3A3E0601E0AEC2408FCED34D7
:1065C30000FD902A5EE493F8EAC39840E3E4936AFB
:1065D300700579000267C08C828D83A3A3A3A3A354
:1065E300A3E4F0FA802E64016005E06403701D8E5D
:1065F300828F83A3A3A3A3A3A3A3A3A3E0F4700302
:10660300A3E0F47007780C79081211F00A7401788A
:1066130008120F9E8A10125A29E51098E499504DDA
:10662300EA75F012A4F8ABF0EB12383E651470046F
:10663300A3E0651560D612699A900368E068700359
:10664300A3E06960C7EA75F012A4F8EBF974FE28B9
:10665300F582740A1267C364046003E070888C8255
:106663008D83A3A3A3A3A3A3E004F0809F7A008058
:1066730066EA75F017A4F8ABF0EB1267D1651470F6
:1066830004A3E06515604F1267D264FE7003A3E0B4
:10669300F46043747E28F582740C39F583123E341A
:1066A300E0687003A3E069702DEA75F017A4F8EBB6
:1066B300F9748228F582740C1267C36019748328F5
:1066C300F582740C1267C3600D8C828D83A3A3A320
:1066D300A3A3A3E004F00A902A59E493F8EAC39829
:1066E300408F8C828D83A3A3A3A3A3A3E0F8902A56
:1066F3005DE493C398500DE4938C828D83A3A3A38D
:10670300A3A3A3F08C828D83A3A3A3A3A3A3E0607D
:106713000DEE2411F582EF1265586401700B8C8223
:106723008D83A3A3A3A3E4800D900356E0048C827E
:106733008D83A3A3A3A3F090035BE08C828D83A33B
:10674300A3F09003551267C81248BA8C828D831246
:106753003EFF8C828D83A3A3A3A3A3E512F0EE24B3
:1067630012125E851267C8A3A3A3A3F0E50C450D1F
:10677300450E450F60337A0080010A902A5EE49348
:10678300F8EAC39850238A08126806126558600411
:10679300651270E6750900E512F0740278081211AB
:1067A300DD126985780C1212567A407B001263A0C1
:1067B30070097C647D007A401246EB7901024F50E8
:1067C30039F583E022E08C828D83A3A3A322F9749D
:1067D3007428F582740C39F583E02274F4120A6389
:1067E300750A008002050A902A5EE493F8E50AC35D
:1067F30098500D850A0812680612462870E7E4F0DF
:106803000240A974E42508F582740F2274EC120A7D
:10681300638A108B118A828B83A3A31255D6121617
:1068230040EA4B60030269249080A6780C1212831D
:10683300750801750900750A00750B00902A59E463
:10684300937808120F9EFE80080E74017808120FC9
:106853009E8E12125A29E51298E4995026EE12657B
:106863006A60E612699A851082851183A3A3E068A2
:106873007003A3E06970D285080C85090D850A0EA3
:10688300850B0F7E0080057A007B000E902A5EE464
:1068930093F8EEC39840030269248E081268061227
:1068A300655860E7750900740278081211DD1269F2
:1068B30085850C08850D09850E0A850F0B7808124E
:1068C3001203E5084509450A450B60BF8E081262AD
:1068D3007E12163AEA4B60AF8A828B83A3A3A3A3EB
:1068E300A3A3A3A3A3E06405709D850C08850D09EC
:1068F300850E0A850F0B78081212168E1275130077
:10690300740278121211DD74ED2512F582740F35BD
:1069130013F58378081211CA902A5EE493FE026885
:106923008EEA4B60128A828B83A3A3A3A3A3A3A3A0
:10693300A3A3E06405601D851082851183A3A3A32F
:10694300A3124C0E851082851183A3A31255D61270
:10695300247A8029851082851183A3A3126992E08A
:10696300FCA3E0F5838C82E8F0A3E91269A2740129
:106973001269B58B09EA450970031263937F0C0210
:106983000D1874ED2508F582740F3509F58322126D
:1069930048C68A828B8322123843F8A3E0F9221275
:1069A30069ABA3A3A3A3A322F08A828B83A3A3A38C
:1069B300A322F07A201269BC227B009003C2E0F983
:1069C300121DD22274F6120A63E9FC7900800109D0
:1069D300902A58125A5A5039890875090074037855
:1069E300081211DD745D1261D0740F126A17E06A28
:1069F3007003A3E06B70D8890875090074037808E5
:106A03001211DD745C1261D0740F126A17E06C709E
:106A1300BE023F083509F5832274F7120A63890819
:106A23005308407E007F008056EEF8EFF9E875F0DA
:106A330007A4F8ACF075F007E9A42CF974E428F581
:106A430082740D1267C36A7003A3E06B702E74FE29
:106A53006A700374FF6B7003026AF0EEF8EFF9E8F3
:106A630075F007A4F875F007E9A42CF974EA28F582
:106A730082740D1267C35440650860711238279001
:106A83002A50126B1840A2126B107002E96F7076D5
:106A930074FE6A700374FF6B706C7E007F0080036A
:106AA300123827902A50126B18505BEEF8EFF9E872
:106AB30075F007A4F8AAF075F007E9A42AF974E8B9
:106AC30028F582740D1267C370D6A908EEFAEFFB9E
:106AD300EA75F007A4FAA8F075F007EBA428FB7495
:106AE300E42AF582740D3B1255D41214E4EE75F0CA
:106AF30007A4FEA8F075F007EFA428FF74E42EFAAC
:106B0300740D3FFB80047A007B00023E5C125A2422
:106B13006E22902A4E12653EEE98EF992274F2127D
:106B23000A638A088B09890B8C0A790012153EA91E
:106B33000A126BA2601988828983A3A3A3A3A3E08B
:106B4300650B700B88828983A3A3125EA1800A74EC
:106B530001650B7045AE08AF0974FE6E700374FFD8
:106B63006F6037126BB0121826EA4B60239003F55F
:106B730012515C600C8A828B83A3E06013790080DE
:106B83001B902A5CE493F88A828B83E0C39840EDE0
:106B9300E5086E7003E5096F70BB79010253D112EA
:106BA30015328A0C8B0DA80CA90DE849221258F353
:106BB300EEFAEFFB227F0B020D1874F4120A63EA5C
:106BC300FEEBFFE9A2E6501B79FF1224DA8B0BEAF6
:106BD300450B6009900368E0FAA3E080327AFE7BFC
:106BE300FF802D1213408A0A8B0BA80AA90BE849D0
:106BF300601A88828983A3A3A3A3E0640160D58874
:106C0300828983A3A3A3A3E0640260C8EEFAEFFB27
:106C13000240A974F2120A63890BEAFEEBFF8C08A7
:106C23008D09740E1212E5E0F50A7402650B703AD1
:106C33007900EEFAEFFB121532EA4B60608A828B21
:106C430083A3A3A3A3A3A3E0541860517508FE75FF
:106C530009FF780812101D8A828B83A3A3120E18D2
:106C6300126CB4121030790180307401650B7028F6
:106C7300AC0A7901121538E9601EE508450960B0D0
:106C8300EEFAEFFB1214C0902A4E12330050A18586
:106C930008828509837401F079000253D1902A6434
:106CA300E493FCA90AEEFAEFFB12145AE970E980A7
:106CB300B579009003681258F68A828B83125A754D
:106CC30012155074042274F4120A637C0079057A55
:106CD300007B001216348A088B0980677C007905D3
:106CE300EEFAEFFB1216348A088B098E828F83A388
:106CF300A3A3A312515C604B126D5124FFF0A3E0D8
:106D030034FF126D6512515C70398E828F83A3A399
:106D1300A3A3A3A3E0540460118E828F83A3A3A330
:106D2300A3A3A3A3A3E0F91215208E828F83A3A3A9
:106D3300A3A3A3A3A3A3A37406F07AF08E828F83E5
:106D43001263A9AE08AF09EE4F70910240A9EE2479
:106D530004F8EF3400F988828983E022A374FEF0FB
:106D6300A304F0888289832274EC120A638A108B4D
:106D730011ECFEEDFF74141212E5E0F50CA3E0F53F
:106D83000D74161212E5125317E9600C750800789A
:106D930008121021790B80657900EEFAEFFB1215CA
:106DA300328A088B09EA4509605B8A828B83A3A335
:106DB300A3A3A3A3E0A2E0504C781012101DAC0CC7
:106DC300AD0DAA0AAB0B12183874021210308A0ADE
:106DD3008B0BA80AA90B74FE68700374FF69602506
:106DE300850882850983A3A3123EFF7508007808EE
:106DF300121021790CAC10AD11EEFAEFFB121778DB
:106E0300740112103002698074F7120A6378E4790E
:106E13000D7C007D00804388828983A3A3A3A3A361
:106E2300A3E0A2E0402E88828983A3A3E06A7003D3
:106E3300A3E06B701F88828983A3A3A3A3A3E06449
:106E430001701188828983A3A3A3A3A37403126E81
:106E5300A4126E8D126E7A126E71902A50E493FE14
:106E6300740193FFC3EC9EED9F40AC023E5CE824AB
:106E730007F8E93400F922EC24010CED3400FD227B
:106E8300EAFEEBFF126E98125E9974FEF0A304F013
:106E930022AC82AD83EE126E9FEF22EA240BF582C1
:106EA30022126EA822F088828983A3A322C082C003
:106EB3008378E4790D7A007B008013126EE6888272
:106EC3008983A3A3A3A3A3A3126EDC126E71902ADA
:106ED3005012368940E5023B1FF0EA24010AEB34E5
:106EE30000FB228882898374FEF0A304126EA81427
:106EF300125C12E412489EF022C082C0839005AB5C
:106F0300E4F0A3F07C057D037A267B0512241A9016
:106F130010B5E0700479008002790112264812133B
:106F230076027BD274F7120A6374F51210AEE9FE8F
:106F3300EAFF74016E600874026E6003026FE8EF8B
:106F4300600574036F7053901089740212700012FD
:106F530012BA121388E9F8900543E0A2E34019E856
:106F630070169005ADE004F06404700C9080B212CA
:106F730012BA90109C1212AE74036F70659005AE36
:106F8300E0F9740129F0E9C3940540569080B212E8
:106F930012BA90109C1212AE804874016F7046743E
:106FA300016E901089702E740AF074011212E5E4D8
:106FB300F074021212E57403F09080A61212BA74F0
:106FC300041212E51212AE74081212E5E412795794
:106FD3001215BC8020740A1270001212BA1213A682
:106FE300E9F8E860107CE87D037A017B0090053CBA
:106FF300E0F9121DC0740B121030027DC2F0901024
:10700300A0E0F990109C2274F4120A638909900499
:10701300A5E0FEA3E0800F8A828B83A3E509F08EAF
:10702300828F83127EFEFFEE4F604B8E828F83A38F
:10703300A31279B760E98E828F83A3A3127763F5D6
:10704300087AD1F9121CA0EA4B70CC7A027B0012A9
:107053001C88EA4B700E7A107B0090053CE0F91215
:107063001CC480BB8A828B8374D1F0A3E509F0A989
:1070730008121C9480A91216B890051C12792512C7
:1070830016B280031210307F04020D1874F4120A32
:1070930063890B740C1212E512794D750A00800294
:1070A300050AE50AC3950B502F7D0080010DEDC342
:1070B3009C50EDE50AC333FEE433FFEA2EF582EB81
:1070C3003F1270F0F509ED1270E065087004A3E05B
:1070D300650970D979018002790002708AC333FE91
:1070E300E433FFE82EF582E93FF583E022F583E000
:1070F300F508A3E02274F6120A631271867003A3E3
:10710300E06D7017750841750905780812101DEEBA
:10711300FA121FE27402121030801A750802750900
:1071230080780812101D8C088D09780812101D1222
:1071330071AF121030800574021210307F02020DFD
:107143001874F6120A631271867003A3E06D701748
:1071530075084E750905780812101DEEFA121FE81E
:107163007402121030801A750803750980780812AA
:10717300101D8C088D09780812101D1271AF1210A2
:107183003080B9EAFEEBFF12719EFAA3E0F9EA241C
:1071930000FCE439FD90051CE06C221279B01279F1
:1071A3003AE0F8A3E0F988828983E022EE127DAB0E
:1071B300EF127E7CFD7C801279BF121FFA740422C9
:1071C30074F6120A6374FE1210AEEAFEEBFF851822
:1071D30082851983E4F0A3F01279DAFA888289832D
:1071E300A3A3E0F97509007508006005C394F14095
:1071F30005750882802F90051CE06A7003A3E06B7D
:107203007020851882851983AA82AB83121BB0E98B
:10721300F509851882851983127BCE70087508835A
:107223008003750881851882851983127722A9083E
:10723300EEFAEFFB121FEEE509601485188285193B
:1072430083127BCE6009851882851983127BD9024C
:10725300713A74F2120A63EAFEEBFF750A00750BCA
:10726300001272C81216B8EA65087003EB6509705C
:1072730012121BBCE914F50A79017A777B05121BFC
:10728300C28003750B80127D8CF50C780C121021D3
:10729300750C77750D05780C12101D780A121021E4
:1072A300780812101DE50BF50878081210211279E1
:1072B30070F582EF1279677A057B80121FF47407E9
:1072C300121030801412792F127951888289831217
:1072D3007F38F508E439F509227F06020D1874F6A4
:1072E300120A63E9FE7F00802F8A828B831270F279
:1072F300F9E5082400E439F509EF33F8E433F9EC50
:1073030028F582ED39F583E508F0A3E509F0EA24D1
:10731300020A0AEB3400FB0FEFC39E40CC02713F1D
:1073230074E8120A6374FB1210AE8A168B17851861
:1073330082851983E4F074031212E5E4F0A3F004E8
:107343001212E5E4F0127C2EF50AA3E0F50B850A90
:1073530082F583127F34FEE439FF850A82850B832D
:10736300A3A3E0FA850A82850B83A3A3A3E0F9EA2A
:10737300F508E439F509E50A2404F50AE50B3400B8
:10738300F50BEEFAEFFB12173CE96401702C127B4C
:10739300F7121021E4F508F509780812101D780892
:1073A30012102190051C120E18750880780812100F
:1073B30021127738121030027703EEFAEFFB12171F
:1073C3003CE9700C90051CE06E7003A3E06F70BE87
:1073D3001277288814602EC333FAE433FB121D0C92
:1073E30074031212E512792574031212E5127BCE8F
:1073F300601374031212E512771AA914121F828AFA
:107403000A8B0B8003751400127728880F602AC338
:1074130033FAE433FB121D0C74011212E5127925C1
:1074230074011212E5127BCE600F74011212E51281
:10743300771AA90F121F828003750F009004A5808D
:107443005C850A82850B83A3A3A3A3A3A3A3A3E4BD
:10745300F0A3F0AA0AAB0B851282851383A3A3E0E2
:10746300F8127763F9121C94851082851183E0C0AA
:10747300E0851882851983E0F8747728F58274050E
:10748300127EA5D0E0127BC904F0E515A2E05007F7
:10749300AA10AB11121D12851282851383E0F51217
:1074A300A3E0F513E5124513700302767B85128280
:1074B300851383A3A31279B760DD851282851383B5
:1074C300A3A3A3A3A3A3A3A3E0A2E050CA8512820C
:1074D300851383A3A3A3A3127BCE85128285138373
:1074E300A3A3601F1279B7FA7901851282851383EA
:1074F300A3A3A3A312770D1226658A108B1175150A
:1075030001801012770DA3A3A3E0F510A3E0F511FA
:10751300751500E5104511700302748D8510828581
:107523001183A3E065087004A3E065096003027496
:107533008D851082851183A3A3A3A3A3A3A3120EF6
:1075430018851082851183A3A3A3A3A3A3E0FC74CE
:10755300051212E5127986A914121F64740212101F
:1075630030E9703C851082851183A3A3A3A3A3A351
:10757300A3A3A3A3120E18851082851183A3A3A32B
:10758300A3A3A3A3A3A3E0FC74031212E5127986B9
:10759300A90F121F647402121030E9700302748D74
:1075A300E50F2514C333240AFA7B00121C888A0AC8
:1075B3008B0BEA450B700302746B8A828B8374D244
:1075C300F0851682851783A3A312794D8A828B8354
:1075D30012795F8A828B83A3A3A3A3E514127F3E50
:1075E300E50FF0E5146038EA2405FAEB3400FBE517
:1075F3000A240AF8E50B3400F98A828B8312796135
:1076030074031212E5127756121019E514C333FCF2
:10761300E433FD8A828B83127BE0121030800D8A63
:10762300828B83A3A3A3A3A3E4F0A3F0E50F7003CA
:10763300027444E514C333F8E433F9E50A28F8E5A2
:107643000B39F9E8240AFAE93400FB850A82850B31
:1076530083A3A3A3A3A3A3A3A31279257401121243
:10766300E5127756121019E50FC333FCE433FD120C
:107673007DD9121030027456851882851983E06013
:1076830027127BF712102175087775090578081200
:10769300101D74031212E5127C0112102190051CB7
:1076A300120E187508008029EEFAEFFB12173CE959
:1076B300702A127BF712102175087775090578086F
:1076C30012101D750800780812102190051C120E67
:1076D300187808121021127738121030740312121E
:1076E300E5127BCE600874031212E5127BD9740194
:1076F3001212E5127BCE600874011212E5127BD9D7
:1077030074051210307F10020D1812771122E0F861
:10771300A3E0F583888222127722AA0AAB0B22E028
:10772300FCA3E0FD22850A82850B83E0F8A3858212
:107733000A85830B22E5162402FCE5173400FDE5D8
:107743001612796BE5171279CC7A067B80121FF437
:10775300740722E0F50CA3E0F50D750E00780C22FA
:10776300127713A3127711E02274F4120A6374F4EC
:107773001210AE8A088B09ECFEEDFF740B1212E5B2
:107783007403F01212E5AA82AB8312241A1216B202
:10779300EAFCEBFD74031212E5AA82AB83122414F4
:1077A300E9600A1278BE6010E06401600B851882FC
:1077B30085198374840278718E828F83A3A3A3A314
:1077C300A3A3A3A3E06017C394F150121278BE7071
:1077D30018EE2414127D8F6005C394F1400B8518B5
:1077E300828519837482027871E508240CF582E599
:1077F30009127D9264217002A3E0704F851882857F
:107803001983748CF01278B01210211278C51225E6
:10781300F47401121030E97056851882851983E4D7
:10782300F0121EF81278BE704674011212E5AC8293
:10783300AD83127E99FB1225DCE970337D007C0059
:107843007900127E99FB121FD080241278B0121097
:10785300211278C51225EE7401121030E9851882C1
:107863008519837007E4F0121EF880037488F01200
:107873007DA9E5091278B612102174011212E5856B
:10788300820A85830B780A12101DE508240CF58201
:10789300E509127D92F50AA3E04480F50B780A12FC
:1078A300101D127990121030740C027087EE24149C
:1078B300F582EF127E7CF50A780A2212792FE064B2
:1078C3000322EE240BFCEF3400FD8E828F83A3A3EF
:1078D300A3A3A3A3A3A3A312798A8E828F83A3A3B3
:1078E300A3A3A3A3A3A3E0F922C082C08374F312CA
:1078F30010AE851882851983E4F0041212E512791B
:107903002574031212E5AA82AB8312259A85188285
:10791300851983AA82AB83121304740D12103002EB
:107923007BD2EAF0A3EBF02212792F221279B01264
:10793300793A2212793A223400F58322EE2404FEA6
:10794300127C242285188285198312795122E0F84A
:10795300A3E0F9221279D2AA82AB8322A3A3E8F08F
:10796300A3E9F0221279CC22240FF58222EE24021D
:10797300FCEF3400FDEE240F22AC82AD8385188228
:1079830085198312798A22E0FAA3E0FB227901E5C3
:10799300082402FCE5093400FDE508240FFAE50993
:1079A3001279A7223400FB121FCA740522EE241396
:1079B300F582EF22127711E022020FE2EE2402FA9F
:1079C300EF3400FBEE12796BEF12793AE0F922F013
:1079D3008518828519832212719EFCA3E0FBEC2299
:1079E30074F6120A6374E01210AEEAFEEBFF851818
:1079F30082851983AC82AD83121FB812185C74029E
:107A03001212E512797C121766E964017003027B96
:107A1300C474181212E5AA82AB831216C47402123C
:107A230012E5AC82AD8374181212E5AA82AB8312FD
:107A33002414E9602C1216BE8A088B09A808A90928
:107A4300851882851983E0687003A3E069601212C8
:107A5300794790036B1279617A6B7B03794B12241C
:107A630032EE2411F582EF127EA5C082C083121676
:107A7300B88A088B09D083D082E065087004A3E03C
:107A83006509603E74021212E5AA82AB83121346A3
:107A93008A088B09A808A909E8496026888289838E
:107AA300A3A3A3A3E06401600D88828983A3A3A396
:107AB300A3E06402700C74021212E5AA82AB831273
:107AC30013521216B88A088B09A808A909851882C7
:107AD300851983E0687003A3E069601174021212D0
:107AE300E512797C121328E96003121EF87402125E
:107AF30012E512797C12183E79001279801214E48F
:107B0300740B1212E5E4127BC9F8A3E0F9740C12AA
:107B130012E5127961740B1212E5AA82AB83121C6F
:107B23004CE9604B7C087D00790074181212E5AAB9
:107B330082AB83121C76740E1212E5AC82AD837491
:107B4300181212E5AA82AB83122414E9602174028D
:107B53001212E5AC82AD83740E1212E5AA82AB83D6
:107B630012259A740B1212E5AA82AB8312130474C2
:107B7300021212E5AC82AD83740E1212E5AA82AB37
:107B83008312259A740B1212E5AA82AB831212F8A0
:107B9300E9602E740C1212E512794D85188285194D
:107BA30083E0687003A3E0696017127947740C12CD
:107BB30012E5127961740B1212E5AA82AB831213D8
:107BC30004742002713C1279D2E022127BE722D0A6
:107BD30083D082020FE212798A121D122212798A4D
:107BE300127DD922E0F8A3E0F9E849223400F988AC
:107BF30082898322E516127DABE517127936E0F50B
:107C030008780822127C0B22A3E03400F9888289C9
:107C130083E0223400FB12241AEE2408FE127C2493
:107C230022EF3400FF8E828F83E022A3F0127C3494
:107C330022127C3822EA2413F582EB3400F583E028
:107C43002274F6120A638C088D09127CBDFCEFFDC9
:107C5300AA08AB09127C19850882850983A3A3A30B
:107C6300A3A3A3A3A3127CC7850882850983A3A327
:107C7300A3A3A3A3127EBAF8E5082413127EA1E8F6
:107C8300127E517403687018EEFCEFFDE508240BB7
:107C9300127F19C0E0E5082414127EA1D0E0800E03
:107CA300127CC2E508240BF582E509127CB5F002CB
:107CB300713F127936E8F0A3E922127FC3EE221254
:107CC3007E92F822127E89FAA3E0F9EA2274F21274
:107CD3000A63EAFEEBFFEE2410127D8FC3940C407F
:107CE3000D12792BE0240B127D96F50A8003750A99
:107CF30000E50AC333F8E433F9E8240DFAE9127E08
:107D0300A960751279B0127E6F8A828B83127FDB32
:107D13007066EEFCEFFDEA24030A0A0AEB127C16F6
:107D2300127E30A3127D9B240B127D82E50A6048EC
:107D3300E508240DF8E5093400F9850A0B8E828FD6
:107D430083E0C0E0E508240B127EA1D0E0127E5C44
:107D5300C0E0E508240C127EA1D0E0127E518E8291
:107D63008F83E0FCA3E0FBEC88828983127DB01251
:107D73007E61150BE50B70E6AA08AB090272DCF510
:107D830082E509127936E4F022EE240EF582EF1231
:107D93007E7C22F8127C0722127DA1E50822F0A343
:107DA300E9F0127E6522E508240EF58222F0A3EBAA
:107DB300F0127DB822E824020808E93400F9227F92
:107DC30001020D18127DCB22F088828983E022EA1A
:107DD3002413F582EB22121C6A740322127DE32220
:107DE300F08E828F83A32274F7120A63EA2413F8B6
:107DF300EB127BEFE0FAA3E0F5838A82127EB412E2
:107E03007DC7F8A3E0F988828983A3E0FA88828991
:107E130083A3127F10A3127962027DC2FAE50934AB
:107E230000FB12241A223400FB121D0C22127E3492
:107E330022FAA3E0F9EA850882850983228E828FDC
:107E430083E0850882850983A3A3A3A3A322127ECB
:107E53005522127DE30EAF8322127E55E022127E5D
:107E63006522EE24020E0EEF3400FF22127E7CFE0A
:107E7300A3E0FF8E828F83E02212793AE022F08A18
:107E8300828B83A3A322127DE3AE82AF83E022E041
:107E9300FAA3E0F9EA22EE240BFAEF340022F5828A
:107EA300E50912793622127E298A088B09EA4509E7
:107EB30022E08C828D8322A3A3A3F0A3E9127DA4E5
:107EC3008E828F83E02274F6120A638C088D091266
:107ED3007EF7127EFE127F05127F2A2402127F197B
:107EE300850882850983A3A3A3A3A3A3A3A3A3A311
:107EF300F002713F127DD212793622127951E8FED7
:107F0300E922FF8E828F83E0127F0F22FAA3E0F92A
:107F1300EA8C828D8322127E1F8E828F83A3A3A37A
:107F2300A3A3A3A3A3E022127DA1EEFCEFFDE5082A
:107F330022127F3822127E92240022127F46A3A3AC
:107F4300A3A322127E81A32274F6120A638C088DE6
:107F530009127FB68508828509831212AE12793F12
:107F6300850882850983A3A3A3A3127FDBC3940699
:107F73005005127E448038850882850983A3A3A314
:107F8300A3E064FE600E850882850983A3A3A3A3EF
:107F9300E0F4701C127E40A3127E5185088285098D
:107FA30083A3A3A3A3E0F47007127FCBF0A3E9F0AC
:107FB30002713F127FC37904EEFAEFFB121C7C229D
:107FC300127C38FEA3E0FF228E828F83E0127E3480
:107FD300A3A3A3A3A3A3A322127DDFAE82AF832215
:107FE3007406F5D575D41C7406F5D375D224D2B8AE
:037FF300020FE298
:020000040001F9
:10800000526F757465722053656E643A2049443D21
:10801000256420543D256420483D2564204C3D25A1
:1080200064204D3133353D2564204D373D25640DA9
:108030000A00526F75746572204E6F646520537428
:1080400061727465640D0A004A6F696E6564204E42
:108050006574776F726B0D0A006C1A681590204278
:1080600026E024261E1C1F081E53656E64206661D0
:10807000696C65640D0A000B050F01000002AA80FF
:1080800002AA800000000000000000FFFFFFFFFFC9
:10809000FFFFFFFFFFFFFFFFFFFFFF82003A003BF4
:1080A00000050805000100000000010002000100B9
:1080B000000000F8FF0730000000005800006400D6
:1080C0000000FEFFFFFF00000C00000000FF08742E
:1080D000F7120A63E99003C2F0900377E4F01223E9
:1080E000F09003D6E4F0A3F09003C3F0A3F01217CE
:1080F000F61213101214541223F6900339E4F0A36D
:10810000F0902A6993FA790212246202C8F674F296
:10811000120A63EAFEEBFF548060699003C2E0F943
:10812000121C9A8A088B09EA4509604F7C0080017D
:108130000CEC75F003A4F8A9F0744128F5827429B9
:1081400039F583E493F4602CE493F88508828B83FB
:10815000E06870DCAA08EC75F003A4F8744228F516
:1081600082742939F583E493C0E0740193F583D0D8
:1081700082122665AA08AB09121C8EEEFAEF648003
:10818000FB028347EF5420601D12166A8A088B0990
:10819000EA4509600A12159EAA08AB09121C8EEE68
:1081A000FAEF642080DAEE54207003028288750CA6
:1081B0000012A8078B09EA4509700B7C027D007A42
:1081C000207B0012D1C07C0079047A007B0012165B
:1081D000348A088B098018850882850983A3A3A3A4
:1081E000A3A3A3A3A3A37401F0850A08850B09E543
:1081F000084509606D7C007904AA08AB09121634A1
:108200008A0A8B0B750C01E5082404F8E50912A510
:108210009224FFF0A3E034FF12E15B70CC8508826A
:10822000850983A3A3A3A3A3A3A3A3A3A3E064019A
:1082300070A5850882850983A3A3A3A3A3A3E05403
:10824000047094850882850983A3A3A3A3A3A3A391
:10825000A3A37406F07AB78508828509831284AFD8
:1082600080871216047C0079017A007B0012163494
:108270008B09EA45097009E50C70057A2012834ADA
:10828000EE6420FAEF028180EE5410600812149020
:10829000EE641080EEEE5440600812150EEE64405D
:1082A00080E1EE5480600812139AEE648080D4EF6F
:1082B000540160169003F512ABB7600612BC36127B
:1082C0002665EEFAEF6401028180EF5408602E12F9
:1082D000146090060EE06401701B90060FE06015BC
:1082E000FC75F0E8A4CCA8F075F003A428FD7A0092
:1082F0007B0812D1C0EEFAEF6408028180EF5410BF
:1083000060139003D4E06005E4F0121460EEFAEF1D
:108310006410028180EF5402600B1217C0EEFAEF76
:108320006402028180EF5404601912C06912BED445
:10833000790190037512C7611213F4EEFAEF640429
:108340000281807A007B000286CE7B009003C2E02F
:10835000F9121DCC2274F7120A6374E11210AEEA0E
:10836000FEEBFFEE4F6033851882851983AC82AD3A
:108370008312169A74061212E5E0601E7417121228
:10838000E5E0FD74011212E5E0FCEEFAEFFB790086
:108390001224B6E9600479A48002790002C8F1745D
:1083A000F6120A63EAFEEBFF8E828F83A3A3A3A3D8
:1083B000A3A3E05440601312CCC71286A960067ACA
:1083C000FF7BFF80701284918061900362E0A2E1E4
:1083D00050568E828F83E0241C12A5A112E083E008
:1083E000FA8882898312C3E7E0F9EA2400FCE439C1
:1083F000FD8E828F83A3A3A3A3A3A3A3E054106045
:10840000047940800279007508FE7509FF7808122A
:10841000101DEE240E12848A120E1812849112146A
:1084200066740412103080031216BE74FE6A700364
:1084300074FF6B604112CCC712C5E912173CE98E7C
:10844000828F83600612849DE4800512849D7401EE
:10845000F07C6E7D158E828F8312C76112245CE9D9
:10846000F5087015EE4F60097901EEFAEFFB121670
:1084700010A90802BC927508CDAA088E828F8312BB
:1084800084AFE960DF80EAEE240BF582EF12AAE800
:10849000228E828F8312AABBFAA3E0FB22E0240D76
:1084A0001284A4221284A822F8A3E012B37D22E051
:1084B000240C12A5A5F912157A2274F6120A63E9A2
:1084C000FEEAFF7A0F7B00121C88EA4B60198A8251
:1084D0008B83740CF0EEA3A3F0EF8A828B83A3F05E
:1084E00012BEBD7900802FEEF912163A8A088B0968
:1084F000A808A909E849601C88828983A3A3A3A3CB
:10850000A3A3A3A3A3740612DBE4E0F9121520EEE3
:10851000F9121616791002BC92EAFCEBFD7A017B87
:10852000009003C2E0F9121DC022C082C08379000E
:10853000900362E0A2E1EA501112AA97120EC9015B
:10854000010A4785005C8509801212AA9724FD6004
:10855000F61460F324FD60EF24FD60EB02B839747B
:10856000F2120A63EAFEEBFF8C088D09890A740E89
:108570001212E512B179850C82F583E4F0A3F012B2
:10858000868D60171286B670128E828F8312AC2A87
:10859000850C82850D8312BED48003750A00128675
:1085A00087EF12AA9B14602414603914605D146074
:1085B0006514603E14607F24FE70030286501470C0
:1085C000030286641470030286778035780C1210DB
:1085D0001DAC08AD09EEFAEFFB121478740212100C
:1085E00030028680AC08AD09EEFAEFFB12147E0271
:1085F000868312869C700AEEFAEFFB1214C602867E
:1086000083750A0079011224028078A90AEEFAEF34
:10861000FB12177E806A12977A640270E4E50A7092
:108620000A12D07F7003A3E0697058EEFAEFFBA93D
:108630000A12170C804A12D07F7003A3E06970C140
:1086400012977A640270BAEEFAEFFB1216F48033D6
:108650009003F712ABB7602BEEFAEFFB12BC3612A9
:108660002665801F12D07F7003A3E0697093EEFA35
:10867000EFFB12178A800CEEFAEFFBA90A1217968D
:10868000E9F50AA90A8047EE241DF58222EE241D91
:1086900012AAE512AABBF912171EE9228E828F8355
:1086A000A3A3A3A3A3A3A3A3A31286AD2212A5B938
:1086B000FB12173CE9228E828F83A3A3A3A3A3A35B
:1086C000A3A3A31286AD64022274031210307F06A6
:1086D000020D1874F4120A6374DE1210AE8A088B4D
:1086E000098A828B83A3A3E0F912163A8A0A8B0BBC
:1086F000AE0AAF0BEE4F70030287D885088285095A
:1087000083A3E064F16033850882850983A3E06474
:10871000CD6027850882850983A3E0641A601B85E4
:108720000882850983A3E064E9600F8508828509D2
:1087300083A3E064E160030288758E828F83A3A324
:10874000A3A3A3A3A3E0540870030287E08E828F43
:1087500083A3A3A3A3A3A3A3A3A37405F09003FBE4
:1087600012ABB7600612BC361226659003FD12AB41
:10877000B76036900362E0A2E1502E8E828F8312A2
:10878000893AA3A3A3A3A3A3A312A8FE88828983E3
:108790001293ABEA4B6012850882850983A3E0F946
:1087A0009003FD12CCCB1226658E828F83A3A3A3E8
:1087B000A3A3A3A3A3A3E0640270108E828F83A35C
:1087C000A3A3A3A3A3A3A3A37406F085088285098A
:1087D00083A3A3E0F9121616121604742202A0DF76
:1087E0007900121610E97003028875900362E0A206
:1087F000E1400302875D12ABAD700302875D8E829C
:108800008F8312C76174031212E512CE3585088278
:10881000850983A3E064E9701B1289461210218543
:108820000882850983A3E0F50A780A121021129BB9
:10883000C7121030740C1212E512893012E0731254
:10884000BED474081212E5E0600479408002790019
:10885000740E1212E512A8FE740C1212E51293A304
:10886000700302875D8E828F83A3A3A3A3A3A3E0DB
:10887000442002875C850882850983A3E0C0E074F8
:10888000021212E5D0E012AFD8EEF0A3EF129BE691
:10889000851882851983AA82AB8370051213D6804E
:1088A0000312171874021212E5E064E970141289B9
:1088B00046121021750AE9780A121021129BC7127C
:1088C0001030900362E0A2E140030287A98E828FFC
:1088D00083A3A3A3A3A3A3A3A3A3E0640270388EDE
:1088E000828F83A3A3A3A3A3A3E05404602912CC83
:1088F000C71286A98E828F83700F12CCCB74FFF0C3
:10890000A312A5D174050287CAA3A3A3A3A3A3A3FB
:10891000A3A374030287CA850882850983A3E06440
:10892000E960030287A9EEFAEFFB12179C0287A900
:10893000E0F8A3E0F98E828F8322E0F8A3E0F988C3
:10894000828983A3A3228E828F8312ABBCFAE9FBB8
:10895000750A01780A2274F4120A63EAFEEBFF75C5
:1089600008007509008E828F83A3A3A3A3A3E060F0
:10897000427508088E828F83A3A3A3A3A3A3A3A3F6
:1089800012AEFA8B0BEA450B601075082C8E828FA5
:1089900083A3A3A3A3A3E0D2E0F08E828F83A3A33B
:1089A000A3A3A3E0540364016003028A53430811A4
:1089B000028A53EE241812977D6044EE241A12970F
:1089C0007D701D12D07F7003A3E0697006750822C8
:1089D000028A53900377E06404707875090180730C
:1089E000EE241BF582EF128A72241AF582EF129D93
:1089F000D7EE2419128A6A1214D8E9705680DC1254
:108A000086B6700375080112D07F7003A3E0697009
:108A100006E508D2E1F508E50860158E828F83A38C
:108A2000A3E07006E508D2E58004E508D2E6F50883
:108A300012869C64017006E508D2E0F5088E828FEC
:108A400083A3A3E0600D12868D64016006E508C271
:108A5000E0F508E508A2E1400CE509A2E04006E5E2
:108A600008D2E7F508A90802A0E2F582EF12CE5578
:108A7000F9223400128A7822F58312A906EE22C068
:108A800082C08379018A828B83A3A3E0C3940240CE
:108A900001198A828B83A3A3A3A3E0C3940240029B
:108AA00079008A828B83A3A3A3A3A3A3A3A3A3E098
:108AB00064F87003A3E0F460458A828B83A3A3A3C8
:108AC000A3A3A3A3A3A3E064F97003A3E0F4602E1F
:108AD0008A828B83A3A3A3A3A3A3A3A3A3E064FA83
:108AE0007003A3E0F460178A828B83A3A3A3A3A3DC
:108AF000A3A3A3A3E064FB7003A3E0F470027900D6
:108B00008A828B83A3A3A3E0F8900365E0686002E8
:108B1000790002B83974EC120A6374CF1210AEEA0D
:108B2000FEEBFF74031212E5129792751000751197
:108B30000074051212E5AC82AD838E828F83A3A3ED
:108B4000A312893212C75F12169AE9600F740512D8
:108B500012E5AA82AB83121598E9700879011224F4
:108B600002029194EE241B12848A12AC3374121206
:108B700012E512BED4740B1212E5E06021741C12CF
:108B800012E5E0FD74061212E5E0FC8E828F83127E
:108B9000C75F79011224B6E96004790280C07405C8
:108BA0001212E5AA82AB83121592E9F509740B1231
:108BB00012E5E0702A90035FE06024742255096496
:108BC00022601C74425509644270CF74221212E56F
:108BD0001293B8600A74221212E51293C470BBE9B2
:108BE000A2E6503C74051212E5AA82AB83121580EE
:108BF000E97003028B5C74221212E51293B2700CBE
:108C000074221212E512C2B6640D601474051212B9
:108C1000E5AA82AB83121772E96401700302919492
:108C2000EE242C12848A129A037003A3E069701C4C
:108C300075080078081210217808121021EE242EF1
:108C4000128A6A1293D2129BDD121030740B121228
:108C5000E5E07003028CFF1293D21293AB8A0A8B69
:108C60000BEA450B7003028D8C74061212E5E0F8D6
:108C70008E828F83A3A3E028F8A3E03400F9E824D0
:108C80000D12939B8A828B83A3A3A3E068601CE8E8
:108C90008A828B83A3A3A3F09080A61212BA850ABE
:108CA00082850B83A3A3A3A31212AE7904740612C8
:108CB00012E512CDA62AF8A3E034008882F583A33A
:108CC000AA82AB83121C7C8A0C8B0D8C0E8D0F85B7
:108CD0000A82850B83A3A3A3A3780C120F7F400302
:108CE0000291949080AE780C12116B850A82850BEC
:108CF00083A3A312D4BDF0A3E50EF0A3E50FF0907B
:108D00000362E0A2E15003028E26900377E0640440
:108D10006008E064096003029194E509A2E540035C
:108D2000028DCE129404C0E074011212E5D0E0125C
:108D300093FCC0E074021212E5D0E0F07416121237
:108D4000E5E06401702074101212E51293E37003E1
:108D5000A3E0697011740E1212E51286C3700774D5
:108D6000161212E5E4F0EE242412848A120E147412
:108D7000041212E5AC82AD8374091212E5AA82AB2B
:108D8000831213DC74041210300291949003BCE03F
:108D900064016003028CFF74221212E51293B87012
:108DA00009E509A2E65003028CFF74121212E5E0F5
:108DB000F47003A3E0F47003029194EEFCEFFD74F1
:108DC000051212E5AA82AB831215A4029194A2E6C1
:108DD000400302919474221212E512C3F4701E74BF
:108DE0001C1212E5E06402600302919474051212F1
:108DF000E5AA82AB83790012170C029194742212B7
:108E000012E51293C46003029194741C1212E5E0FF
:108E10006404600302919474051212E5AA82AB8384
:108E200012170002919474161212E5E0602212B338
:108E30007412E07B1412A5CCF8A312BC36A3A3A332
:108E4000A3A3A3E0C0E074161212E5D0E0F0700610
:108E5000E509C2E7F509E509A2E35061751110A221
:108E6000E25018740A1212E5E054E3F0740A121288
:108E7000E5E0131313541FF8E0802CA2E4502A7489
:108E80000A1212E5E01313543F5407F860097407FF
:108E900068600B18E87007C3E509C2E7F509E83315
:108EA0003354FCF8E054E348F0740A1212E5E0C0D1
:108EB000E08E828F83A3A312A6A9D0E0F09003775F
:108EC000E064046005E064097068740E1212E51233
:108ED000D08C7003A3E0696019740E1212E512863B
:108EE000C3600F740A1212E5E054036401600302C8
:108EF000919474071212E5E0701B129404C0E074A0
:108F0000011212E5D0E01293FCC0E074021212E5E7
:108F1000D0E0028D6574221212E512C3F4700302D0
:108F20008DDF74221212E51293C460030291940241
:108F30008E0A750800746155097003029199E5095C
:108F4000A2E0507512A8F874051212E5AA82AB834C
:108F5000121514E970601216CAE9F5087416121297
:108F6000E5E0700F74101212E51293E37003A3E0B2
:108F700069604612A8F674051212E5AA82AB831244
:108F8000151AE96026E509A2E3500B74031212E5F5
:108F900074FFF0A3800F740E1212E51293BE12122A
:108FA000E5E8F0A3E9F0751004800EE509C2E5F5E7
:108FB00009750800800353099FE509A2E5503C129A
:108FC0009404C0E074011212E5D0E01293FCC0E0FA
:108FD00074021212E5D0E0F0EE242412848A120EFC
:108FE0001474041212E5AC82AD8374091212E5AA5E
:108FF00082AB831213DC7404121030E509A2E65030
:109000003B74031212E585820A85830B780A1210DD
:109010001D12A8F674071212E5AA82AB83121586F8
:109020007402121030E9F508601274221212E5126F
:10903000AA9E6401700674104510F5107403121294
:10904000E5E064FE7003A3E0F47003750800900689
:1090500011E0640160030290F5EE241212977DF492
:109060007003A3E0F470030290F5740E1212E5C3CE
:10907000E094F9A3E094FF507CEE241212848A124B
:10908000AC3374101212E5E0687003A3E069606508
:1090900074101212E512A0CC8A0A8B0BA80AA90B35
:1090A000E849605188828983A3A3A3A3E064016097
:1090B0000D88828983A3A3A3A3E06402703774247C
:1090C0001212E5740112D4B0F8A3E0F9742F121251
:1090D000E512BED474241212E5AA82AB831212FEEA
:1090E000E9601274271212E5AA82AB83121352E9C7
:1090F0006003121EF8E509A2E74003029194E50817
:1091000070030291948E828F83A3A3A3A312B385CD
:109110008A0A8B0BEA450B607BEE2404F512EF34D0
:1091200000F5138E828F83A31293EE12101985120D
:1091300082851383E0FC7D0012B70F121030740794
:109140001212E512941474011212E5E4F012AFD772
:1091500085820C85830D780C12101D781012101D5D
:109160007808121021EE241212848A120E18851229
:1091700082851383E0F9740A1212E512A8FEAA0A86
:10918000AB0B1216827407121030E96007AA0AAB03
:109190000B121D12743102BC3A74071212E5E0641E
:1091A00001703474221212E512AA9E6405702874AC
:1091B000031212E5858208858309780812101D794B
:1091C0000012A8F874071212E5AA82AB8312158662
:1091D000740212103080BD74161212E5E0700F7424
:1091E000221212E51293B26003028DBB80A6121602
:1091F0000AE970A0741D1212E5E070030292D674A1
:10920000201212E512A8FE741F1212E5E0FA741E75
:109210001212E5E0F91214D8E970030292B4741F37
:109220001212E5E0701F740E1212E51293BE1212B4
:10923000E512BED474031212E512A0CC8B0BEA45E2
:109240000B7068806374201212E512C761741F12DC
:1092500012E5E0F91214D274031212E512C5E97492
:109260000D1212E5E06004780880027800E8240816
:10927000FA740C1212E5E06004780880027800E8C5
:109280002AFA740A1212E5E060047801800278007C
:10929000E8042AF88E828F83A3A3E028FAA3E0349F
:1092A000008A82F583E014F07510401216CAE9F5C1
:1092B0000802903C7808121021790B740F1212E505
:1092C00012A8FE74111212E512C761121778740108
:1092D000121030029194740E1212E51293BE121203
:1092E000E512BED4E509A2E3500474408001E4F520
:1092F000087808121021741E1212E5AC82AD837436
:109300000F1212E512C761740A1212E5E0F9121584
:10931000447401121030E9600F7510208E828F8323
:10932000A3A312AA9E543FF0741D1212E5E060221E
:10933000740E1212E512A8FE741E1212E5AA82AB78
:109340008312169474031212E512C5E97440451095
:10935000F51074071212E5E06401601579007410CD
:109360001212E512A8FE740E1212E512C761121451
:10937000DEE509A2E35004794080027900741012FE
:1093800012E512A8FE740E1212E51293A3700302E6
:1093900092AB74204510F5100292ABF582E912CE23
:1093A00055F8221294AD121472E9221294AD1218DB
:1093B000262212AABB64032212AABB64062212AFA1
:1093C000F47403221293CBE0640722A3E0F58388B0
:1093D0008222EE242AF582EF3400128A78241212B7
:1093E000AAE52212AFF4EE241212CE526822A3E0B4
:1093F000F50CA3E0F50D750E00780C22F0EE24308C
:1094000012CE5222EE242E12AAE5129414EE242F2C
:1094100012CE5222E0851882851983F02274F4124C
:109420000A63EAFEEBFF8C088D0990060EE0600FE0
:1094300012D07F7003A3E0697005121460804F7929
:109440000012C7541215328A828B83E582458360ED
:1094500035A3A3A3A3A3A3E05418602AE508241B03
:10946000F582E50912848D120E1812A27312848DF2
:10947000120E18EE2418128A6A1294911215507462
:10948000041210308008790012949112148A02A0FC
:10949000E28E828F83A3A3A3A3A3A3A3A3A3128A71
:1094A0007A12D76BEF1294A9223400F58312A5B972
:1094B000FB2274F0120A6374EA1210AE8A0A8B0B54
:1094C000EA2402F50EEB3400F50F0A0AFB121346EC
:1094D0008A088B09AE08AF09750801850A82850BD9
:1094E00083A3E0F50C750901AC0EAD0F85188285DC
:1094F0001983AA82AB8312241A74081212E51297F8
:1095000092740A1212E57402F074131212E5E4F078
:10951000901055E0700EEE4F700AE50C700675085D
:10952000C30296C0900377E0640860067508C20223
:1095300096BC850A82850B83A3A3A3A3A3A3A3A39D
:10954000A3A3E0A2E1500EA2E35005750904800C2C
:109550007509038007A2E35003750902EE4F7003FB
:109560000295E98E828F83A3A3A3A3E06404600D18
:109570008E828F83A3A3A3A3E06403700C7404659D
:1095800009602C7403650960268E828F83A3A3A3D0
:10959000A3E06402600D8E828F83A3A3A3A3E06483
:1095A00001702874026509600674016509700F8EE8
:1095B000828F83129F2E1212E512BED4802B8E82D0
:1095C0008F83A3A3A3A3E06402600D8E828F83A385
:1095D000A3A3A3E06401700A8E828F8312A0D3122A
:1095E00026651297847E007F0074081212E5E064FD
:1095F000FE7003A3E0F4704212130AE9703CE50C1C
:1096000060179003B4E06402700F90105C129F2EFC
:109610001212E5E8F0A3E98020850A82850B83A376
:10962000A3A3A3A3A3A3A3A3A3E05402F912149C8E
:1096300074081212E5EAF0A3EBF074081212E5E0E8
:1096400064FE7003A3E0F470057508C7806EE50C36
:10965000F50D780D121021850A82850B83A3A3A333
:10966000A3A3A3A3A3A3A3E0F912976F74091212F3
:10967000E512C7611213FA7401121030E9703DA9A6
:109680000912976F74081212E51298788A0E8B0FE0
:10969000AE0EAF0FEE4F601C7402650C700BEE2423
:1096A0000512977D54FB4408F0740A1212E5E4F0A9
:1096B000F508800874081212E5129792E50C700FF5
:1096C000851882851983AA82AB8312243E8010FC00
:1096D000A909851882851983AA82AB831216FAE933
:1096E000F8EE4F6053E50C60208E828F83A3A3A316
:1096F000A3A3E0D2E6F07402650C700D8E828F8316
:10970000A3A3A3A3A3E0D2E5F0850A82850B83A3DC
:10971000A3A3A3A3A3A3A3A3A3E0A2E6500D8E82B9
:109720008F83A3A3A3A3A3E0D2E7F08E828F83A3AA
:10973000A3A3A3A3A3E004F0E5087003E8602BFC57
:109740007D007A017B101223FCEE4F600312978498
:1097500074081212E5E064FE7003A3E0F4600B7479
:10976000081212E512A0D3122665741602CC0CE57D
:109770000A2402FCE50B3400FD22EE2417F582EFEB
:1097800012CE5522E50A2402FAE50B3400FB12132F
:10979000522274FEF0A304F02274F7120A6374F7E5
:1097A0001210AEEAFEEBFF900377E06403600DE079
:1097B00064016008E0640960030298738E828F83FD
:1097C000A3E060030298527C007D007A027B0012C5
:1097D00023FCEE2402FAEF12A59912C74912BED457
:1097E0007953122432790012987FE06409600312E1
:1097F0009E5F851882851983740112BCAA90037735
:109800007404F074011212E5AA82AB83794A12241F
:109810002C74011212E5AC82AD837A6D7B031224A5
:109820001A90036BE064FE7003A3E0F4601179000A
:1098300074011212E5AC82AD8390036B129878909C
:109840000362E0A2E35004D2F08002C2F012BC979F
:10985000801E8E828F83A3AE82AF83FC7D007A034D
:109860007B101223FC8E828F83E0F912987FE4F044
:109870001215E6740902C8F31294AD121322229055
:1098800003751294AD1213F490037722C082C08343
:1098900090033912ABB7701F900377E0146009246E
:1098A000FC600A14600C800F900341803290033DED
:1098B000802D90033F8028E849600890033A129B6E
:1098C000C1700C8A828B83A3E0F91213E2801B9093
:1098D000033A12A30F70051217B4800E9003F91209
:1098E000ABB7600612BC3612266502B83974F412A2
:1098F0000A6374FB1210AE8A088B097A0F7B001280
:109900001C888A0A8B0BAE0AAF0BEE4F70030299CC
:10991000F78E828F8312C35F795012242C850882C0
:10992000850983A3E060030299DF900375E0F4707A
:1099300003A3E0F46034900375E064FE7003A3E0D9
:10994000F46027851882851983129A037003A3E0B7
:10995000696017850882850983A374EA129DE77AF6
:10996000757B03795012243280758518828519839E
:1099700012D10F12BED47A687B03795312242C9033
:10998000036812BFAB12BED47A6B7B03794B1224EF
:109990002C7A6A7B0379E112242C90037CE0C39437
:1099A0000F502190036AE0C0E074021212E5D0E08B
:1099B000F074041212E57401F0041212E5AA82ABED
:1099C00083122456750A00780A121021780A1210A0
:1099D000219010BDE0F912A320129BDD12103085FA
:1099E00008828509831299FCA3F09003777403F031
:1099F000EEFAEFFB12BEBD740502A0DFA3E08E827B
:109A00008F832212D113E0682274F5120A6374D88E
:109A10001210AE8A088B098A828B83A3A3A312AA91
:109A2000C074151212E5AC82AD838A828B83A3A326
:109A3000A3A3A3A3A312AA8712C75C1215F87415D7
:109A40001212E5E0706B850882850983A3A3A3A3A6
:109A5000A3A3A3A3E0C3940B40578E828F83A3A339
:109A6000A3A3A3A3A3A3E064027046EE240B129762
:109A70007DF4703D900377E06402603AE064066034
:109A80003590033912ABB76005129BC1604F90034C
:109A900077E064086005E06404701674171212E53C
:109AA000E0F9741C1212E5AC82AD8312C754121592
:109AB000FE742802DE7E90033912ABB7701F750862
:109AC0000078081210217808121021EE2410128458
:109AD0008A12D78912A6A1129BDD1210308E828FB6
:109AE0008312C35612A5D112AC3374021212E512BE
:109AF000BED4EE240D12977DC0E074041212E5D09E
:109B0000E0129BE6F508A3E0F509740F780812123D
:109B10007474051212E5E508F074191212E5E0C03C
:109B2000E074061212E5D0E0F0741B1212E5E0C0FA
:109B3000E074071212E5D0E0F074161212E5E0C0EE
:109B4000E074091212E5D0E0F074171212E5E0C0DB
:109B5000E074081212E5D0E0F0EE241012977DC0F8
:109B6000E0740A1212E5D0E0F0741A1212E5E0C0B7
:109B7000E0740B1212E5D0E0F074271212E5E0C099
:109B8000E0740C1212E5D0E0F0741C1212E5A98208
:109B9000AA8389088A09750A0078081210197C08B6
:109BA0007D0074101212E5AA82AB8312B70F121057
:109BB00030851882851983AA82AB831213EE029A2C
:109BC000B112A315640122E508240CF582E50912FF
:109BD000AAE812AA8CA3A3A3A3A312CA721294ADDB
:109BE0001216D0740222F012D76A12CE542274F6E2
:109BF000120A6374C91210AE9003F312ABB7600679
:109C000012BC36122665900377E064087003029C4C
:109C1000A29003B4E06402702C902A46E49390036F
:109C200059F0902A46E493900357F09080AE1212B8
:109C3000BA9003801212AE9080AE1212BA900384D2
:109C40001212AE805D900388E0F874F828F58274F3
:109C50000A129DD7900359F074F928F582740A12FC
:109C60008A6D900357F07508FF7509FFEA780812AE
:109C700011DDE508F4FCE509F4FD3395E0FE900301
:109C800080129DDC7508FF7509FFE9C39A780812F8
:109C900011DDE508F4FCE509F4FD3395E0FEA312BF
:109CA0009DDC851882851983E412BCB379041224E3
:109CB00032900388E07009741E1212E57401800668
:109CC000741E1212E5E412AFD8740FF090105A12FD
:109CD000C361794612243274011212E5E4F0901047
:109CE000A1E0C0E074021212E5D0E0F0900365E05C
:109CF000C0E074031212E5D0E0F074041212E5E43F
:109D0000F074051212E5E4F074071212E5E4F09025
:109D10000388E0C3940F500CE0C0E074061212E513
:109D2000D0E0800774061212E5740FF07C897D0381
:109D300074081212E5AA82AB8312241A7C037D00F8
:109D400079FF74101212E5AA82AB83121C7690037D
:109D5000C1E0C0E074131212E5D0E012BE417401FC
:109D60001212E512BDC71216E890037CE0C0E07441
:109D70001C1212E5D0E0F090037DE0C0E0741D12EB
:109D800012E5D0E0F090036AE0C0E0741A1212E528
:109D9000D0E0F090037512AC3374181212E512BEC5
:109DA000D474201212E5E4F090037FE0C0E0741F49
:109DB0001212E5D0E0F074341212E5E4F0742912C6
:109DC00012E5E4129DE774141212E5AA82AB831225
:109DD0002450743702BC8F12CE55FA22ECF0A3ED5A
:109DE000F0A3EEF0A3F022F07A687B037953129D82
:109DF000F2221224327A6B7B03794B12243222C076
:109E000082C0838A828B83A3E09003776004E4F0AE
:109E1000804A7408F0900388E0702290034312ABEC
:109E2000B76008790012BC3612266590037512A837
:109E3000FE7A057B001223FC129E5F801F790012C0
:109E400013E890036812A8FE7A067B001223FC90A8
:109E5000036B12A8FE7A047B001223FC02B839902F
:109E600003751294AD1218202274F4120A6374EA76
:109E70001210AEEAFEEBFFEE24020A0AEF3400FBFA
:109E80001213468A088B09EA45097003029F298A42
:109E9000828B83A3A3A3A3E0640160278A828B83C0
:109EA000A3A3A3A3E06402601A8A828B83A3A3A363
:109EB000A3E06403600D8A828B83A3A3A3A3E06461
:109EC000047066EE2402FCEF3400FD8518828519CB
:109ED0008312C348129F2E1212E512BED4740A12C6
:109EE00012E57401F074131212E5E412C361122436
:109EF00044890AAC0A7D007A077B001223FC85089E
:109F000082850983A3A3A3A3A3E0C2E012C18BA30C
:109F1000A3A3A3129F3412080BE885088285098346
:109F2000A3A3A3A3A3A3A3A3F0741602A0DF12AF5D
:109F3000F47408227401F012D7982274F2120A63A2
:109F400074F81210AEEAFEEBFF8C0A8D0B890C85BB
:109F50001882851983AC82AD837583807582937472
:109F600008120F5EF50DEEFCEFFD85188285198352
:109F7000AA82AB8312C2B17003750D019003C38036
:109F80003BEEFCEFFDE508240BFAE509340012C2B4
:109F9000B0601E850882850983A3A3E0650C70115B
:109FA000850882850983E0650A7004A3E0650B607B
:109FB00038E5082414F582E50912848D12A5C4E55C
:109FC0000845096024E50DA2E040B68508828509B0
:109FD00083E0650A7004A3E0650B70D5850882856F
:109FE0000983A3A3E0650C70C8AA08AB0974080232
:109FF00086CBC082C0839003C302B83674F7120ABE
:10A00000639003C312A5B98012EA2414F582EB12FF
:10A01000848D12AAC0121D12EEFAEFFBEA4B70E912
:10A020009003C3E4F0A3F002C8F674F4120A63EAE2
:10A03000FEEBFFEE241312977D6403700DEE240BEC
:10A04000FAEF3400FB121346800CE06402707812C1
:10A05000D56CEF12A0C98A088B09E508450960672D
:10A060008E828F83A3E0700F850882850983A3A366
:10A07000A3A3A3A3E4804F64F1600A8E828F83A31D
:10A08000E064E17025850882850983A3A3A3A3A3C7
:10A09000A3E06401701485088285098312A0D3129D
:10A0A0002665EE240BFAEF12978B850882850983CB
:10A0B000A3A3A3A3A3A3E0600E850882850983A3BD
:10A0C000A3A3A3A3A314F0801912AAE81294AD12BB
:10A0D0001340221294AD90035112CCCF227403127C
:10A0E00010307F04020D1874F1120A638A088B097C
:10A0F000ECFEEDFF890A8A828B8312CB648A828B05
:10A10000831299FC12A1A58A828B83A3A3E0C45475
:10A11000F0FA88828983E04A12A1B51299FC12A153
:10A12000AFE0333354FCF88E828F83E04812A1AF46
:10A13000A3E033333354F8F88E828F83E04812A1C2
:10A14000A58508828B83A3A3A3A3A3A3E0A2E0E435
:10A15000331313FA88828983E04AF0E5082407F56F
:10A160000CEB12B7151210197C0812B70912103037
:10A1700012CD29E508240FF50CE5093400F50D781A
:10A180000C1210197C0312B709121030E50AC3949F
:10A190000F400D12A27312848D1299FDA3A3A3F098
:10A1A0007F07020D18F0EEF8EFF9A30EAF8322122D
:10A1B000A1B5A3A322F08508828B83A3A32274F107
:10A1C000120A63EAFEEBFF890A8C088D098E828FE2
:10A1D00083E08C828D8312AF0FAE82AF83E012B723
:10A1E000D412B74EC412B7D412A27CE054038C82AE
:10A1F0008D8312B74CA2E2E4338C828D8312B74B6D
:10A20000131313541F12B7D412B74AA2E7E4338CC6
:10A21000828D83A3A3A3A312A27C8E0C8F0D750E37
:10A2200000780C1210197C087D00E508240712CC78
:10A23000BB12103012CD298E0C8F0D780C12101914
:10A240007C037D00E508240F12CCBB121030E50A18
:10A25000C3940F40148E828F83A3A3A3E0C0E012A7
:10A26000A27312848DD0E0800612A27312DBC3F0B9
:10A2700002A1A0E5082412F582E50922A3A312AFEA
:10A28000130EAF832274F4120A6374F91210AEEA4B
:10A29000FEEBFF890890033912ABB7600E12A30FD3
:10A2A0007009EEFAEFFB1217AE805F900375E06E57
:10A2B0007003A3E06F70537401650860097A897BAD
:10A2C0000312C2B170447A007B0212A80B8B0BEA16
:10A2D000450B70369003781212BA8518828519835F
:10A2E0001212AE90037EE0C0E074041212E5D0E0DA
:10A2F000F074051212E57401F074061212E512C32F
:10A300005F12138EE9609B121394740702A0DF1290
:10A31000A3156402221293CCA3A3A3A3A3A3E022B8
:10A3200090037512A90290036B22E0F902B839EA92
:10A33000F0A3EBF002B83974F6120A639003D5E08B
:10A34000701B7C0079017A007B00121634EA4B60A6
:10A350000C8A828B8312ABB7600312157402BC9215
:10A36000C082C08312A7F3401079FF12162EE9F8BD
:10A37000902A66E493C39850047901800279000220
:10A38000B83974F0120A638A088B09890B750C00BE
:10A390008A828B83A3A3A3A3A3A3A3A3E0F912168A
:10A3A0003A8A0E8B0FAE0EAF0F750A01EE4F6003A7
:10A3B00002A462850882850983A3A3A3A3A3A31291
:10A3C000A8FE850882850983A3A3A3A3A3A3A31240
:10A3D000B50B12C7611216228A0C8B0DAE0CAF0D95
:10A3E000EE4F700302A58A8E828F83A3A3A3A3E4FA
:10A3F000F0A3F0E508240B12A596E0C0E0128487D4
:10A40000D0E0F0121748EE240CF582EF12C5E5E516
:10A4100008240EF582E50912848D12AC33EE240E69
:10A42000F582EF12BED1750C01EE2406F8EF12A5ED
:10A4300092547FF0A3E054FC12A5CC5404600302B4
:10A44000A4E790109A12B45E740778081211DD8E9A
:10A45000828F83A3A3A3A3A3A3E04508F0A3E045B1
:10A4600009F08E828F83A3A3A3A312A5C2740778D9
:10A4700008121274E5085407F508E50B60798E821E
:10A480008F83A3A3A3A3A3A3A3A3A3740212B74F71
:10A49000240D12A5A1A2E2500B90036312BFABA33F
:10A4A000A312BED4E508700302A559EE2406F8EF06
:10A4B0003400F9E8FAE9FB8A828B83E0547FFCA33D
:10A4C000E054FCFDE50824FFF508E434FFF50974C9
:10A4D0000778081211DDEC4508F8ED4509F98A8284
:10A4E0008B8312BED480728E828F83A3A3A3A3A377
:10A4F000A3E0448002A461E5087005750A00805954
:10A500008E828F83A3A3A3A3A3A3E054206012127F
:10A510001C82EA547F245F8E828F83A3A3A3A3802F
:10A52000238E828F83A3A3A3A3A3A3E05410600A66
:10A53000121C82EA540F240A80DD8E828F83A3A32B
:10A54000A3A37401F0A3E412A5D1740412A8028B92
:10A5500009EA4509700312BC6CE50CA2E0502E8E8E
:10A56000828F83A3A3A3A312C8DBF9EEFAEFFB1239
:10A570001628E96018EE240C12848A12ABB7600327
:10A5800012A5AAEEFAEFFB121D12750A00A90A0223
:10A59000CC0F12C07D22FAE5093400FB8A828B833E
:10A5A0002212A5A5221284A8E02212AAE212A5B1C5
:10A5B0002212A5B9FB121D1222E0FAA3E0228E821C
:10A5C0008F83A3A3E0F508A3E0F5092212D4B7E036
:10A5D0002212BEDFA3A3A32274F4120A6374F7123B
:10A5E00010AE7E0012163AEA4B700302A69A8A82D7
:10A5F0008B83A3A3A3A3A3A3A3A3A3E064066003E5
:10A6000002A69A8A828B83A3A3A3A3A3A3A3E0FF9A
:10A610008A828B8312A6A9E0C0E074081212E5D0EA
:10A62000E012AAB412C2BD12BED4121658EF5408DA
:10A63000606685188285198312A8FE7A007B001255
:10A64000161C8B0BEA450B704F90037512AC37123A
:10A65000246E7C007D007A007B0080288E828F83B0
:10A6600012AA9EF47003A3E0F4602D90037512A665
:10A67000A112C761122150E9641A601C7C007D00A0
:10A68000EEFAEFFB12161C8A0A8B0BAE0AAF0BEE2A
:10A690004F70C979001224747E01EEF9740902A08A
:10A6A000DF12A9028E828F832212C3EBA3A3A322FF
:10A6B000C082C083EA4B70059003D680068A828BE5
:10A6C00083A3A312A8BA60258A828B83A3A3A3A322
:10A6D000A3A3A3E0540860E5EC4D60158A828B8348
:10A6E00012AA9E6C7003A3E06D70D280047A007B86
:10A6F0000002B83974F2120A63EAFEEBFF890A8C91
:10A70000088D097A107B00121D0CEA4B60408A828A
:10A710008B83A3A3A3A3A3A3A3A3A3E412AAA2A38B
:10A72000E50A12D121A312DE748A828B83A3A3A32C
:10A73000A3E4F0A312AAAE12A75112CF6BEA240C25
:10A74000F582EB12DBCE12A751A3A3F0A3F0028691
:10A75000CEA312A75622F08A828B832274F4120AA7
:10A7600063EAFEEBFF89088C0A8D0BEE4F60547490
:10A770000165087014790112162EE9F8902A6AE42E
:10A7800093C398500F7911806774046508702E1276
:10A79000A7F340F18E828F83A3A3A3A3A3A3A3A3B4
:10A7A000A3E50812B73812CD0C8E828F83A3A3E4E1
:10A7B000F0A3F09003D612ABB7601F800D74026552
:10A7C0000860D179C18029E0F8A312893D12A8BAA6
:10A7D00088828983A3A370EF80039003D6EEF0A351
:10A7E000EF12A8028B0BEA450B700312BC6C7900C8
:10A7F00002A0E2790412162EE9F8902A67E493C3C6
:10A800009822F012A807227A207B009003C2E0F978
:10A81000121DD222C082C083E9F879009003D6804D
:10A820001D8A828B83A3A3A3A3A3A3A3A3A3E068EE
:10A83000600574FF687001098A828B83A3A312A844
:10A84000BA70DE02B83974F7120A63EA4B700590E9
:10A8500003D680068A828B83A3A312A8BA60248AB7
:10A86000828B83A3A3A3A3A3A3A3A3A3E06970E400
:10A87000EC60148A828B83E0240D12CDC2A2E240E8
:10A88000D380047A007B0002C8F6C082C0839003A4
:10A89000D680068A828B83A3A312A8BA60128A820A
:10A8A0008B83A3A3A3A3A3A3A3A3E06970E5800460
:10A8B0007A007B0002B8393BF5831294ADEA4B2253
:10A8C000C082C0839003D6800688828983A3A312A6
:10A8D000ABB7601B88828983E0FCA3E0F5838C82A0
:10A8E000E06A7003A3E06B70E0E8FAE9FB80047AA9
:10A8F000007B0002B839A908EE241212AAE512A9B9
:10A90000022212A90622E0FCA3E0FD2274F2120A40
:10A91000638A0A8B0B8C0C8D0D750800750900EA93
:10A92000450B602E9003D680068E828F83A3A312E0
:10A93000A959601EAC0CAD0DEEFAEFFB850A8285BD
:10A940000B83122665E9640170DFEEF8EFF98808E1
:10A950008909AA08AB090286CEE0FEA3E0FFEE4F0C
:10A96000227900020FE274F7120A639003D612AC48
:10A97000337C007D00800BE8FCE9FD88828983122E
:10A98000AC31E8496030EA687002EB6970E9900325
:10A99000D612C761E86A7002E96B88828983A3A333
:10A9A000700812AC339003D6800912AC338C828DC0
:10A9B00083A3A312BED402C8F674F7120A63EAFE98
:10A9C000EBFFEE4F601512165212AAC612ABB7601B
:10A9D0000312A5AAEEFAEFFB121D1202C8F674F7D5
:10A9E000120A638A828B8312AA9EFCA3E0FD900365
:10A9F000D612AC337508007E00803188828983A32B
:10AA0000A3A3A3A3A3A3A3A3E0640570180E888245
:10AA10008983E0FFA3E0F5838F82E06C7003A3E0FD
:10AA20006D700205088882898312AC31E84970CBC9
:10AA3000902A5712D9DF5008902A5612D979400F20
:10AA40008A828B83A3A3A3A37401F0A3E4800C9058
:10AA50000363E0F812AA87E8F0A3E912AAAE74052E
:10AA600012AAA2E0440812AAB4F47003A3E0F460AE
:10AA70000E90037512CA6B122468E9641A70057986
:10AA80000112247402C8F6A312AA8C22E0F98A8269
:10AA90008B83A3A3A3A322128688EB12AAE812AA8F
:10AAA000BB2212AAA62212D129A3A3A3A32212AACF
:10AAB000A6A3A32212A75612AABB2212CCD3E0222D
:10AAC000E0FEA3E0FF228E828F83E0241C12A5A566
:10AAD000FAA3E0FB121D128E828F8312A5B112AA77
:10AAE000E222EE240CF582EF3400F58322C082C00E
:10AAF00083EAFCEBFDEC4D700479058046EC24FB09
:10AB0000F582ED34FFF58312ABB7700712AB46E068
:10AB1000F46005121C8E80E19003C2E0C0E012AB2D
:10AB200046D0E0F0902A5BE493F97AD87B03121CBC
:10AB3000BEE96401700B7A007B2012BC7079008042
:10AB400002790402B839EC24FFF582ED34FFF58375
:10AB50002274F4120A63A2AFE433F508C2AF900383
:10AB6000D812A959603AEE24FBF582EF34FFF58341
:10AB700012ABB77A007B209003C2600512BC7380D1
:10AB800005E0F9121CCAE4F50AF50B780A12101D4B
:10AB9000EEFCEFFD7AD87B03121CB8740212103061
:10ABA000E508A2E092AFEEFAEFFB02A0E28E828F00
:10ABB00083E0241C1284A412ABBC492212AFF8E833
:10ABC00022C082C08374E11210AEEA2413F582EB36
:10ABD000129780C0E074111212E5D0E012AFEB744E
:10ABE000091212E512AFE42404F8EB3400F9E8FC92
:10ABF000E9FD8C828D8312AC33740B1212E512AF17
:10AC0000E42414F582EB129780C0E074121212E56E
:10AC1000D0E0F0EA240EF582EB128A6D8C828D83EF
:10AC200012AC3712151A741F801DA3A3A3A3A3A3EC
:10AC3000A3A3A312AFF42212A90285188285198357
:10AC4000AA82AB8322740212103002B83974F01257
:10AC50000A6374FC1210AEEAFEEBFF750B00750A76
:10AC6000007508FE7509FF12160AE96005791102E0
:10AC7000AEE6EE241512977D603D9010B2E0C4332D
:10AC800054E0F8E0333354FC48C0E0EE241512845D
:10AC90008AD0E012AF0F12AEFA8B0DEA450D6014A8
:10ACA000750B017508FFEE240F12977D440412BE48
:10ACB000ECD2E0F0750A408E828F831286A7600680
:10ACC000EE241212DBCBEE241312977D7010902A23
:10ACD00065E493C0E0EE241312848AD0E0F08E8203
:10ACE0008F83E0A2E750045403801CEE24141297D3
:10ACF0007D7015900354E0C0E0EE241412848AD0D5
:10AD0000E0F0900354E004F0EE241112977D64010A
:10AD10007016900605E0600D90035FE0700A8E8269
:10AD20008F83E0700312DBC8900362E0A2E1504A17
:10AD3000E50BA2E040188E828F831286A7603B8EBF
:10AD4000828F83E06008EE240B128690602CEE2444
:10AD50000F12977D54406015EE241312977D640105
:10AD6000700BEE240F12977D54FBF0800DEEFAEF7E
:10AD7000FB121670E9700302AC6D8E828F83E06463
:10AD800001700E12D56CEF12AA9B6402700312AE12
:10AD9000F2EE240F12977D5440600302AE53E50B90
:10ADA000A2E0500302AE53900362E0A2E14003022E
:10ADB000AE53E50AF50B780B121021EE2406FCEFDA
:10ADC0003400FD8E828F8312C75FEE2412128A6ACE
:10ADD0001215447401121030E96009EE241212B702
:10ADE0001F12AEEB8E828F83A3A3A3A3A3A3E06065
:10ADF0003EEE2402F50CEF3400F50D850C82128A2C
:10AE0000742407FAEF3400FB1216948A088B098524
:10AE10000C82850D83E065087004A3E06509700C61
:10AE20008E828F83A3A3A3A3A3A3E4F012AEF28E1A
:10AE3000828F83E064016008A90A12AF041214DE55
:10AE4000A90A8E828F8312AF04121472E96004EE95
:10AE500012AEEB851882851983AC82AD83EEFAEFD2
:10AE6000FB1216888A0A8B0B74FE6508700474FF47
:10AE70006509700312A5BEEA450B60668E828F835A
:10AE8000E0C0E074011212E5D0E0F074021212E5A5
:10AE900012CF6B74011212E585820C85830D780C3C
:10AEA00012101DEE240F12848A120E18EE240E12B8
:10AEB000977DF50C780C121021900368120E18740F
:10AEC000071212E5E0F9AC08AD09121682740712F8
:10AED0001030E9FE74106E700BAA0AAB0B121D1233
:10AEE00080027E10EEF9740402CC0C12CE50442085
:10AEF000F022EE12CE504440F022A31294AD79FF1E
:10AF00001224DA22A3A3A3A312C8E71294AD22123B
:10AF1000AF1322F08E828F83A322C082C08374DE9F
:10AF20001210AE8A828B8312AC2F740E1212E5E8D7
:10AF3000F0A3E912AFEB740C1212E512AFE4240D8A
:10AF4000F582EB129780C0E0741A1212E5D0E0F09F
:10AF5000EA12D56DEB12848D12AC3374201212E517
:10AF600012AFE42415F582EB129780C0E07408124A
:10AF700012E5D0E0F0EA241CF582EB12848D12ACCD
:10AF80003374121212E512AFE42411F582EB12971A
:10AF900080C0E074091212E5D0E012AFD874FFF05F
:10AFA00074011212E574FFF074021212E574FFF0DE
:10AFB0009080A6120E1474041212E5AC82AD837454
:10AFC000071212E5AA82AB831213DC74041210304C
:10AFD0007900742202AC47A312AFDC22F0851882FC
:10AFE00085198322E8F0A3E9F0EA2212A756A312FA
:10AFF000AFF322A312AFF822E0F8A3E0F92274EA3B
:10B00000120A6374EE1210AE8A148B15ECFEEDFF7B
:10B01000890E74281212E512B179742A1212E5E031
:10B02000F50F742B1212E512A5C4742D1212E5E06F
:10B03000F512A3E0F513750A107A1E7B00121D0CA1
:10B0400074021212E512C5E974021212E512ABB7CE
:10B05000700302B16D750B00EEFAEFFB1213408A1C
:10B06000108B11A810A911E849602688828983A352
:10B07000A3A3A3E06401600D88828983A3A3A3A393
:10B08000E06403700CE5085440700674044509F54B
:10B0900009E50954046003750B018518828519833D
:10B0A000AA82AB83795012BA2812C76174021212B5
:10B0B000E512A6A9A312C5E974101212E512D4BFB5
:10B0C000F074021212E5E0240B1284A07402F01254
:10B0D00012E512A6A97402F01212E512CCCB12CF1F
:10B0E0006B74021212E5E0241B1284A0E50EF074CA
:10B0F000021212E5E0240C1284A0E50FF074021293
:10B1000012E5E0241C1284A0E514F0A3E515F07408
:10B11000081212E512DE76740A1212E5E50FF085C8
:10B120001282851383C082C083740D1212E5AC8233
:10B13000AD83D083D0827403120F5EA90B74021208
:10B1400012E5AA82AB83121610E964017017E50BB1
:10B15000A2E0500CA90F12163AEA4B600312165ED9
:10B16000750A00800874021212E512A5ADA90A74CE
:10B17000121210307F0E020D18E0F50CA3E0F50D51
:10B180002274EE120A63EAFEEBFF8C088D098E82B0
:10B190008F83A3740812BFCFE060088E828F83A3D1
:10B1A0007410F012977A60098E828F83A3E02408CE
:10B1B000F0EE241512977D60088E828F83A3E00441
:10B1C000F08E828F83A3A3A3A3A3A3E060198E8232
:10B1D0008F83A3A3A3A3A3A3A3E0C3332402F88E66
:10B1E000828F83A3E028F0EE241112977D6005750D
:10B1F0000B0E8003750B008E828F83A3C082C083E9
:10B20000EE240D12977DD083D082F8E028250B8C98
:10B21000828D83F0EE241112977D600512B72628E7
:10B22000F0850882850983E0C3947540097508009C
:10B2300075090002B35F12B3858A088B09EA4509D4
:10B24000700302B35FEEFAEFFB12168EEA850882F6
:10B2500085098312C5EA12B37412B50312B3A7F0BD
:10B26000EE2404080812B37812B964A312B3A7A39A
:10B27000A3F0EE241312B38DF0EE241412B38DA3B9
:10B28000F0750A08EE241612977D6010EE2418124D
:10B29000A8FBE508240812D770750A1012977A6087
:10B2A00016EE241A12A8FB850A0CE508250C12D705
:10B2B000707408250AF50A8E828F83A3A3A3A3A323
:10B2C000A3E06058EE2407F510EF3400F511851067
:10B2D00082F583E0C0E012B36812848DD0E012B32F
:10B2E00097E0C0E012B36812848DD0E012B39712D9
:10B2F00093EE121019851082851183E0C333FCE4AC
:10B3000033FD850A0CE508250C12CCBB12103085E4
:10B310001082851183E0C333250AF50AEE24151245
:10B32000977D600BC0E012B36812848DD0E0F012FC
:10B3300084871293EF121019EE240D12977DFC7D75
:10B3400000850B0A8E828F83A3E0F8E50828F8E5D4
:10B35000093400F9E8250AFAE912CCBE121030AA25
:10B3600008AB097F0A020D18850A0CE508250CF5C3
:10B3700082E50922EE2402F8EF12B37D223400F9AF
:10B380008882898322E0FA7B00121D0C2212AAE532
:10B3900012B3B1A3A3A322F0050A8E828F83A3A3C5
:10B3A000A3A3A3A3A3A322A3A312D4B7A312B3B1AD
:10B3B0002212B968A3A32274F6120A638A828B83CD
:10B3C000E0FC90036512B45E740278081211DDECA3
:10B3D0004508FCAD09EA241212B458740678081224
:10B3E00011DDEC4508FCED4509FDEA2415F582EB7D
:10B3F0001297806004780180027800E4C8F9ED4972
:10B40000FDEA2411F582EB129780F508880974098A
:10B4100078081211DDED4509FDEA241612B45874BE
:10B420000B78081211DDED4509FDEA241712B45816
:10B43000740C78081211DDED4509FD8A828B83A317
:10B44000A3A3A3A3A312B45E740A78081211DDECBF
:10B45000FAED4509FB02BC92F582EB12AAE8E0F591
:10B46000087509002274F4120A6374FD1210AE8A82
:10B47000088B09ECFEEDFF74011212E585820A8546
:10B48000830B780A12101D74021212E5AC82AD8390
:10B49000EEFAEFFB1214BA7402121030E9705D85F7
:10B4A000188285198312B503F074011212E5E0F8D1
:10B4B00012B50BA3A312BED4851882851983E06050
:10B4C0002D1485088285098312AFD7E0C333F8E4D1
:10B4D00033F974011212E5E028F8A3E039F9E82401
:10B4E000FEF582E934FFF58312A5B9FB80128508C9
:10B4F00082850983A3E4F0EEFAEF80EF7AFE7BFF0A
:10B5000002A0DDE085088285098322A3E0F9850891
:10B51000828509832274EE120A638A0A8B0BECFE81
:10B52000EDFF750F01E9C394085005790002B706D5
:10B530008E828F83E912A75212B98DE96003750FCD
:10B540000012B9718E828F8312B9B712D56CEF12C7
:10B55000B9ACC0E0EE241112848AD0E012B9A4C0C4
:10B56000E0EE241212848AD0E012AF0F740812B7F2
:10B5700038A3A3A3E0601512B959EE2413F582EFA6
:10B5800012BED18E828F83A3E02408F08E828F8337
:10B59000A3A3A3A3A3A3A3A3E060218E828F83A36D
:10B5A00085820885830912B998EE2415F582EF1279
:10B5B000BED1850882850983E02408F08E828F83BE
:10B5C000A3A3A3A3A3E0601A8E828F83A38582081E
:10B5D00085830912B9808E828F83A3A3A3A3A312AC
:10B5E000B73FEE241912B71F241B12DBCBA312BFE7
:10B5F000C7E0700302B69CEE2419F8EF3400F98E10
:10B60000828F83A3858208858309E0FAE50A2AF5FB
:10B6100082E50B1297808882898312B73FFAE50A88
:10B620002AF582E50B129780C0E0EE241A12848A74
:10B63000D0E012B73F88828983E06059F8902A5A97
:10B64000E493C398500575110C8008EE24191297E5
:10B650007DF5118E828F83A3E0F8E50A28F50CE5CD
:10B660000B12B715121019E511C333FCE433FD7A40
:10B67000447B0F12B70F121030EE241B12848A7411
:10B6800044F0A3740FF0E511C333F88508828509EF
:10B6900083E0288006EE241812DBC0F08E828F83B0
:10B6A000A3E0F88E828F83E0C398500302B52BA3EA
:10B6B000E0FA8A08E50A2508F8E50B3400F9128655
:10B6C00087EF12C17212B74FC39AC0E0EE2417126F
:10B6D000848AD0E012BEDA602BEE2417F8EF340033
:10B6E000F9880889098882F583E024F212C073245E
:10B6F0000EFAA3E03400FB8882898312C5E912B7F1
:10B7000026C398F0A90F02B3637D00EEFAEFFB1297
:10B710001C6A7403223400F50D750E00780C221299
:10B72000AAE5E4F0EE22900360E0F9121BCEE9F8FE
:10B73000850882850983E02212AF13A3A3A322F018
:10B74000850882850983E004F022A3A3A3A3A3F0C4
:10B750008E828F83E02274F4120A638A088B09EACE
:10B7600012B7DBF0EA1313543F12B7D4A3A3A3F02C
:10B77000EAC4131312B7DBA3A3F0EB12B7E612B7B8
:10B78000EE7409780A12127412B7E412B7ED740A53
:10B79000780A121274E50A5401C0E0EC2418F5820C
:10B7A000ED12848DD0E012B7F3740B780A12127484
:10B7B00012B7E4A312B7ED740C780A12127412B720
:10B7C000E4A3A3A3A3A3A3A3A3F0740D7808121268
:10B7D00074028A65540F8C828D832254038C828D6F
:10B7E00083A3A322E50A54018C828D8322A3A3A301
:10B7F000A3A3A3F08A0A8B0B22C082C08379008A9C
:10B80000828B83A3A3A3A3A3A3E090035F600FE0B5
:10B8100070228A828B83A3A3E07019098016E060EE
:10B82000138A828B8312C758900368E06A7003A35F
:10B83000E06B70E7800312C761D083D082020FE211
:10B8400074F0120A638A0A8B0B890C8C088D098AA2
:10B85000828B8312B98D12B9718508828509831292
:10B86000B9B7E50812D56DE50912B9ACC0E0E50835
:10B870002411F582E50912848DD0E012B9A4C0E04C
:10B8800012A27312848DD0E012C17A740812C1A47E
:10B89000601112B959E508241312C16E12C17AE081
:10B8A0002408F0850882850983A3A3A3A3A3A3A3E7
:10B8B000A3E06017850882850983A312B994E5087F
:10B8C000241512C16E12B74F2408F085088285092D
:10B8D00083A3A3A3A3A3E06019850882850983A39A
:10B8E000AE82AF8312B98085088285098312B74A78
:10B8F00004F0AA08AB091216A6E9F50D70568508E2
:10B9000082850983A3A3A3A3A3A312B9647014E03F
:10B91000FA8A0EE50A250EF8E50B12BEC6E50CC341
:10B920009A802112B994E8240EF8E912BEC6900359
:10B9300060E0F9121BCE8E828F83E0F8E50CC3988D
:10B9400024F2C399C0E0E5082417F582E5091284C2
:10B950008DD0E0F0A90D02CC0FE50A2408F8E50B24
:10B960003400F92212B96822E0850882850983A390
:10B9700022850A82850B83A3A312B9CDE0F9EA22BE
:10B98000E0F8E50A28F582E50B12CE552212CC1418
:10B990001216A022AE82AF83E0F8E50A28F8E50B84
:10B9A0003400F92212B9E0A3A3A3E02212AAE8E826
:10B9B00012B9D9A3A3E022A3A3A3A3A3A3A3A3A3E0
:10B9C00012B9D912B9CDA3A3E0F9EAF822E0FA85B9
:10B9D0000A82850B83A3A3A322F0A3E912B9E02274
:10B9E000F0850A82850B83A3A3A3A322C082C08310
:10B9F0007AE67B0379E212242C7AE67B0302B839DB
:10BA0000C082C08390036802B836C082C08374FECF
:10BA10001210AE851882851983AA82AB83794B12E6
:10BA2000BA2812C76102AC4512242C8518828519E8
:10BA30008322C082C083794A12242C02B83974F65A
:10BA4000120A639003EEE0FE04F0EEF912163A8B50
:10BA500009EA450970EDEE60EAF902BC9274EC1255
:10BA60000A63EAFEEBFF8C128D13890A741412121A
:10BA7000E5E0F50E74151212E5E0F50B750C007596
:10BA80000D001218268A088B09EA45097017E50B84
:10BA9000600302BB66A90AAC12AD13EEFAEFFB120B
:10BAA000184A02BC34E50A6021EA2402F582EB124E
:10BAB0009780850A102510F8E4340013E813F0701D
:10BAC000098A828B83A3A37401F0E50B700302BB88
:10BAD000549003FB12ABB7600612BC36122665E524
:10BAE0000E700E850882850983E4F0750D0102BB96
:10BAF0007F900362E0A2E1400302BB879003FD1246
:10BB0000ABB7600CA90EAA08AB0912BC36122665A9
:10BB1000850882850983E0FA12D7A0EA98E499C3E0
:10BB200065D033500A850882850983E02401F085B9
:10BB30000882850983E0F8902A5CE4936870407578
:10BB40000C01EEFAEFFB121556850882850983A3D6
:10BB5000E4F0802B8A828B83A3A3E0F89010BDE0F1
:10BB6000C398501B80857401650B7013E50A600F44
:10BB7000900362E0A2E15015EEFAEFFB1215569029
:10BB80000362E0A2E140227401650B701CE50E9097
:10BB900003FF6013E004F090109BE0F89003FFE0D7
:10BBA000C3984005750C01E4F0E50CA2E0C0D0E5B7
:10BBB0000DA2E092F01211A4158172F0507690035C
:10BBC00062E0A2E15039EEFAEFFB1213408A088BD3
:10BBD00009A808A909E8496026E50DA2E0500D88EA
:10BBE000828983A3A3A3A3A3E0C2E0F0E50CA2E0B3
:10BBF000504288828983A3A3A3A3A3E0D2E0F0E507
:10BC00000CA2E0502F900362E0A2E15012EEFAEF96
:10BC1000FB12132EE96008EEFAEFFB790080129018
:10BC2000036BE06E7003A3E06F7009EEFAEFFB792F
:10BC30000112140C80071293CC221210307F0C02D8
:10BC40000D18C082C08374016A7001EB70077A011D
:10BC500012BC6E801490109212C5E9EA4B60051276
:10BC6000851980057A0112834A02B8397A207B004F
:10BC70009003C2E0F9121CC422C082C083901094C9
:10BC800002A32FC082C08390109602A32F740112CA
:10BC900010307F02020D18A2F0E433851882851956
:10BCA0008312BCB379521224322212BCB3794212ED
:10BCB000243222F0AA82AB832274F4120A6374EC59
:10BCC0001210AE74011212E5AC82AD8312BE349034
:10BCD00003B4E06402706274051212E5E4F07407C4
:10BCE0001212E5E4F07A04F912131612D3D7EA9887
:10BCF000EB99507D12130AE97077902A5412BDE136
:10BD0000600F7A047903121316902A5412BDE7507B
:10BD10000874051212E57401F0902A5212BDE16018
:10BD20000F7A027901121316902A5212BDE7504180
:10BD300074071212E574018037900380780812129C
:10BD40008312BDD8600474018001E4C0E074051260
:10BD500012E5D0E0F0900384780812128312BDD867
:10BD6000600474018001E4C0E074071212E5D0E0C1
:10BD7000F090105AE0F97CC57D0374011212E512AF
:10BD8000BDC774071212E5E0701174051212E5E0E8
:10BD90007009851882851983E480088518828519C1
:10BDA000837401F0901055E0758310758256F8E0A9
:10BDB00058F8851882851983E05812BCB37941126E
:10BDC0002432741402A0DFAA82AB831215F27AC562
:10BDD0007B03794512243222E5084509450A450BC3
:10BDE0002212BE00E8492212BE0075832A758246DF
:10BDF000E493C398F8A3E49399F9C3EA98EB9922E2
:10BE0000E493F8740193F92274F7120A6374ED1243
:10BE100010AEE9FE9003C112C3FA12BE34741212BE
:10BE200012E5EE12BE4185188285198312BDC774D2
:10BE30001302C8F390105AE0F97AC57B031215F883
:10BE400022F090105AE0F97CC57D032274F4120AA6
:10BE500063EAFEEBFF90105CE064FE7003A3E0F485
:10BE600070547A1612C05C604D8A828B8374011202
:10BE7000BEDA8A828B83A36004740280027401128A
:10BE8000C3658A828B83A3A3A3A3A3A3A3A3A312A3
:10BE9000BEEBFCA3E0FDEA24020A0AEB12D773E52D
:10BEA000082413F582E50912DBCE12BEB91284878D
:10BEB00012C70512BED402A0E2AA08AB099003C2C1
:10BEC000E0F9121C94223400F9E508241DF582E5FE
:10BED0000912AAE8E8F0A3E9F02212BEDFE022F09E
:10BEE0008E828F83A3A3A3A3A3A322A3F0EE241582
:10BEF00012CE522274F2120A6374FD1210AE8A0836
:10BF00008B09890A8C0B74011212E5740412C1ABFF
:10BF10008A0C8B0DAE0CAF0DEE4F607912D77A7490
:10BF200007F0A3A882A983E508240812A59612BFEA
:10BF3000BC8A828B8312BFBB850882850983A3A339
:10BF4000A3A3A3A3A3A3A3A3E08882898312BFCF43
:10BF5000740112BFC712DE7612C1B6EE2413F58249
:10BF6000EF12CB5E650A60067401650A700712BFA6
:10BF7000A07404800412BFA0E4F090105C12BFAB68
:10BF800012BED47401650B700312DBC8EEFAEFFB2E
:10BF900012137C8002791090105C1297920286C96D
:10BFA000EE240F12AAE57440F0A322E0F8A312BF1A
:10BFB000B222E0F98E828F83A3A322A3E088828934
:10BFC00083F0A308A98322F0EE241812AAE522F038
:10BFD000EE241612AAE52274F4120A63EAFEEBFFBD
:10BFE0007A007B0412834C12C06912BED49003778E
:10BFF0007409F01216B28A088B09AC08AD09EE2458
:10C000001312848A12C76112C2B16401704B7A0F95
:10C0100012C05C60448A828B83740212C073FAA3DC
:10C02000E0FB8A828B83A3E0FC8A828B83A3A3E05C
:10C03000FBEC850882850983A3A312C5EA8882895F
:10C040008312CCCBA3A3A312B50312BEEBFAA3E0D9
:10C05000FB794A12243212BEB902A0E27B00121C04
:10C06000888A088B09EA45092290033B12AFF490B5
:10C07000109622F0EE241DF8EF12C07D2212B37D3F
:10C08000E02274F4120A6374FD1210AE8A088B0960
:10C0900074011212E5740212C1AB8A0A8B0BAE0A4C
:10C0A000AF0BEE4F700302C15A12D77A7404F0A39B
:10C0B000E412C17AA3A3A3E0640170088882898393
:10C0C000A37420F0850882850983A3A3A3A3A3E01A
:10C0D0006401700988828983A3E0D2E6F085088232
:10C0E000850983A3A3A3A3A3A3E06401700A8882A4
:10C0F0008983A3E0D2E78006EE241312DF3412C155
:10C100008BE06401700AEE241612C197241880088F
:10C11000EE241712C197241AF582EF12C17212C1D0
:10C12000A464017009EE240F12C15FA3E4F0850836
:10C13000828509831286A96009EE240F12977D4437
:10C1400004F012C1B685088285098312BFAB12BE06
:10C15000D4EEFAEFFB12137C8002791002A0DDF519
:10C1600082EF12C166223400F5837401F022F58259
:10C17000E50912AAE8E8F0A3E92212C17E2212C161
:10C180008222F0850882850983A32212C18F2212A0
:10C19000C182A3A3A3A32212AAE5740112C17E1235
:10C1A000AFF3EE2212C18FA3A3E02212C1AF22127D
:10C1B000C77112172422EE2417F582EF12C16612FE
:10C1C00016B2EE241A12AAE5EAF0A3EBF02274F4F8
:10C1D000120A6374F31210AE8908EAFEEBFF7C0DBD
:10C1E0007D007900851882851983AA82AB83121C91
:10C1F00076128687EF12939E12C2B6F8741F5860AB
:10C200000A7901122402790002C2A8E8A2E55008C6
:10C21000740C1212E57401F0E8A2E75008740B12D6
:10C2200012E57401F0E8A2E6740A50081212E574EF
:10C2300001F080081212E5E064017005EE2413801D
:10C2400003EE241512A8FB74021212E5AA82AB8336
:10C2500012241A12848712C2BC12BED4740A12129B
:10C26000E5E06401703312869C703B1216BE8A0AA8
:10C270008B0BA80AA90BEE240B12977D687003A301
:10C28000E06970221216B2EAFCEBFD74021212E5AC
:10C29000AA82AB8312C2B1600D851882851983AA68
:10C2A00082AB83121406A908740D02A0DFEEFAEF28
:10C2B000FB122414E9221293CBA3E022E012C2C1A4
:10C2C00022F8A3E0F98518828519832274F6120AF0
:10C2D0006374F31210AE8A088B09ECFEEDFF7C0D3F
:10C2E0007D007900851882851983AA82AB8312D9D3
:10C2F000A6A3A3A3A3A3A3A3A3A312C35612C36578
:10C30000F8A2E55008740B1212E57401F0E8A2E7F8
:10C310005008740A1212E57401F0E8A2E6EE500427
:10C3200024138002241512A8FB74021212E512C312
:10C3300048A3A3E0C0E0740C1212E5D0E012C36180
:10C34000121400740D02BC8FAA82AB8312241A85CA
:10C35000088285098322E012C2C1E8F0A3E92274B1
:10C360000212C76D22F0EE241D12AAE512CCCFA353
:10C37000E02274F7120A6374E11210AEEAFEEBFFDA
:10C380008E828F8312C3E7A3E0A2E050578E828F84
:10C3900083A3E0F9E8FAE9FB8A828B83A3A3A3A332
:10C3A000A3A3E054FE12C3FA8A828B83E0241B12FB
:10C3B000A5A1F98A828B83E0241CFAA3E012A59937
:10C3C00012C7611216ACE9701B741D1212E512C37C
:10C3D000F47011851882851983AC82AD83EEFAEF73
:10C3E000FB12171202C8F112C3EB2212CCD3A3A383
:10C3F000A3A3A32212AABB64042212AFDCAC82ADB9
:10C400008322E9F87900740468600A740A68600598
:10C41000740368700109020FE274F6120A638A82DB
:10C420008B837420F0A3A37401F01213828A088B0B
:10C4300009AE08AF09EE4F60108E828F837401F051
:10C440009003B5E0700312C1B6EEFAEFFB02BC92A6
:10C45000C082C08390105B02A32AC082C083E9908F
:10C46000105B02A333C082C0839003DA7401F0E949
:10C47000A2E350037403F0E9A2E15004E0D2E2F039
:10C4800002B83974F6120A6379007C008A088B09B5
:10C490007808120D5EF8FF07B6C4B4C4B4C4B4C4BF
:10C4A000B4C4ADC4B1C4B6C4AAC40C80097C0480B1
:10C4B000050C80F67C089003DAE05C6003098003D9
:10C4C000EC60010902BC9274F4120A63EAFEEBFF0D
:10C4D00089081213468A0A8B0BA80AA90BE849603F
:10C4E0004088828983A3A3A3A3E014C3940450319A
:10C4F00074016508601A88828983A3A3A3A3E064FA
:10C5000001600D88828983A3A3A3A3E06402700A5B
:10C510008882898312A0D3122665EEFAEFFB1213EC
:10C520005202A0E274F6120A638A828B83E07012D0
:10C53000A312ABB7600C8A828B8312C7601225D618
:10C5400080047A007B0002BC92C082C0839003B456
:10C55000E06402700B900377E06408700312175ACE
:10C5600002B839C082C0837C0012C5D16A7003A3AF
:10C57000E06B7011902A60E493C0E012DBD9D0E048
:10C58000F079C580490CECC3940340DD7C0012C5F2
:10C59000D164FE7003A3E0F47015EC12D82812C524
:10C5A000E9902A60E49388828983F07900801F0CE7
:10C5B000ECC3940340D87C00EC75F003A4F8A9F018
:10C5C00012DBD460D50CECC3940340EC79C702B8FD
:10C5D00039EC75F003A4F8A9F074DE28F582740331
:10C5E00039F583E0223400F583EAF0A3EBF02274FE
:10C5F000F2120A6374DD1210AEEAFEEBFF750A0058
:10C60000900368E06E7003A3E06F701EEE4F70033E
:10C6100002C6F59003EF12ABB7700302C6F5750AB8
:10C620000112BC3612266502C6FE1213408A088B20
:10C6300009EA4509700302C6F58A828B83A3A3A386
:10C64000A3E0640160108A828B83A3A3A3A3E064A8
:10C6500002600302C6F5851882851983E412AFEBE8
:10C66000740B1212E512C7651212FEE9700302C6BE
:10C67000F585088285098312C70512BED479001298
:10C68000149C85088285098312C5E974031212E59A
:10C69000AC82AD83740D1212E512C34812AC337430
:10C6A000151212E512BED474171212E5E4F07C02E2
:10C6B000850882850983A3A3A3A3E0F9740D121250
:10C6C000E5AA82AB831216FA85088285098312AC2B
:10C6D0003374011212E512C765121304750A019032
:10C6E00080A61212BAE508240CF582E50912848DA1
:10C6F0001212AE800990037512D11A12180EA90AEF
:10C7000074230286CB12AFF490105C22C082C083E7
:10C7100074FE1210AE790190034D12CCCB12266537
:10C7200085188285198312C5E985188285198312B7
:10C73000C74912C765795312243285188285198337
:10C7400012C761121EAA02AC4512C74D2212AFF8E1
:10C75000900368228E828F83A3A3A3A3A3A3A3A382
:10C76000A31294AD22E8F0A3E912C76D2212C7719B
:10C770002212AFDCAA82AB832274F5120A6374F32F
:10C780001210AE8A088B09ECFEEDFF750A12EA451D
:10C79000097005790002C85B900368E065087004C1
:10C7A000A3E0650970141216B2EAFCEBFD12C2ADEB
:10C7B0007005750A018003750A0085188285198342
:10C7C000E4F0041212E512DE76851882851983AA38
:10C7D00082AB83121C4CE9602774031212E5AA8213
:10C7E000AB83122594E964017016750A0174031273
:10C7F00012E5AC82AD8312C2AD6021750A00801CC7
:10C800007412650A70169003B4E06402700EEEFCB8
:10C81000EFFDAA08AB09121328E970DFEEFCEFFD6B
:10C82000AA08AB0912182CE9F8740A687005750A91
:10C8300001801D74A0687012EEFCEFFDAA08AB0920
:10C8400012183EAA08AB091218567401650A70093D
:10C850007900AA08AB0912176CA90A740D02DE7ED2
:10C8600074F6120A63EAFEEBFF890812175AE5080C
:10C87000F5097809121021790DEEFCEFFD7AFC7BA9
:10C88000FF12177802BC8D74F7120A63EAFEEBFF01
:10C890008E828F83A3A3A3A3A3A3A3A3E06015EE1B
:10C8A000241512848A12949E121766E9640170049A
:10C8B000790180258E828F83A3A3A3A3A3A3A3E0E2
:10C8C0006015EE241312848A12C8DBFAA3E0FB126F
:10C8D0001766E9640160D97900801B12C8E7A3A339
:10C8E000A3A3A3A3A3E02212A9068E828F83A3A3EE
:10C8F00022741F1210307F01020D1874F0120A63A7
:10C9000074FD1210AE8A088B09ECFEEDFF890B74E2
:10C91000131212E5E0F50C750A0174011212E574A8
:10C920000412D5716049E50C601DEA2417F582EB0D
:10C9300012DBC312D1308A828B83E0D2E7F0EA2483
:10C9400014F582EB12DBCEEA12D56DEB12D77E74B2
:10C950000312CD0EEE88828983A3A3F0EF8882892B
:10C9600083A3A312A75112DE7412137CE9F50AA95E
:10C970000A740302CC0C74F2120A63EAFEEBFF891C
:10C980000A750B01EE241D12848A12893AE0FA8896
:10C99000828983A3A3A3E0F9EA2400F508E439F52A
:10C9A0000912977A64046008790112240202CA66A7
:10C9B000EE241D12848A12C2B6120EC9020002D1E0
:10C9C000C9030B3FCA030C37CA0D24CA0E3FCA3C29
:10C9D000CA7900AB09121532EA4B603D8A828B831B
:10C9E000A3A3A3A3A3A3E05418602E128487120E5E
:10C9F000188A828B83A3A3120E1879008E828F83EC
:10CA0000A3A3A3A3A3A3A3A3A312CA6B1215507439
:10CA100004121030750B0080267901AA08AB0912A8
:10CA20001412801BAB0912174EAA08AB0912175437
:10CA3000E964C5700A80DD121ECE8003750A0012FB
:10CA4000869C6022EE241112977DC3940240171237
:10CA5000848712D08C7003A3E069600AE50BA2E022
:10CA60005004A90A800279000286CE12CA7212947A
:10CA7000AD2212A9068A828B832274EC120A637497
:10CA8000F51210AE8A0A8B0B890C8C0E8D0F741F59
:10CA90001212E5E0F50D74201212E5E0F510A3E0A6
:10CAA000F5117E01EE1212E5740AF0E97007E50D4A
:10CAB000C333240AF012CCDC700302CB5712CCF142
:10CAC0007409F0A3E50CC43354E0450D12CD14E510
:10CAD0000C702D7C008023ECC333F8E433F9E510AF
:10CAE00028F8E51139F98882898312CB6488828914
:10CAF000831299FCF0A30EAF830CECC3950D40D7C5
:10CB0000E5082417F582E50912C1621216B2E5089C
:10CB1000241AF582E50912C5E574031212E5AC8208
:10CB2000AD83AA0AAB0B122510E96019E50824169B
:10CB3000F582E50912CB5E1212E5A882A983E50809
:10CB4000241812BECD85088285098312CD0AAA0851
:10CB5000AB0912137CE9FEEEF9740B02BC3A12C168
:10CB600066740322E08E828F83F0A3AE82AF8322AD
:10CB700074F0120A6374F81210AE8A088B0912CD91
:10CB8000B0F50A74E058F50BA3AE82AF8312CD82E4
:10CB90006078E50B706FE50AC333FA7B00121D0C59
:10CBA0008A0C8B0DEA450D60617C0080228E828F9D
:10CBB0008312CC14EC33F8E433F9E50C28F582E564
:10CBC0000D3912C5E7EE24020E0EEF3400FF0CEC17
:10CBD000C3950A40D8780C12101D780A12102174DF
:10CBE000031212E5AC82AD837900E50812D56DE53C
:10CBF0000912848D12D0787403121030AA0CAB0D78
:10CC0000121D128005790112240274081210307F5F
:10CC100008020D1812A5B9F9EA2400E439FB2274C0
:10CC2000EE120A638A0C8B0D890E8C088D09741222
:10CC30001212E5E0F50F74131212E512CD02900501
:10CC40007312ABB76072E50FC333F8E433F9E8242D
:10CC50000EFAE93400FB121C888A108B11AE10AF5B
:10CC600011EE4F60538E828F8374D4F012D4BD12B4
:10CC7000B738E50EF0AC08AD09EE2405FAEF12D78F
:10CC800073EE240D12848AE50FF0850A08850B09DE
:10CC9000750A007808121019E50FC333FCE433FD60
:10CCA000EE240EFAEF12CCBE121030EEFAEFFB902B
:10CCB000057312CCCB12266502B363FAE509340082
:10CCC000FB121C6A7403228E828F8312CCCF221235
:10CCD000CCD322E0F8A3E0F58388822285188285F0
:10CCE0001983AA82AB831217248A088B09EA4509A3
:10CCF00022EA12D76BEB12CE55FEA3E0FF8E828F95
:10CD00008322E0F50AA3E0F50B22A3A3E50AF0A332
:10CD1000E50BF022F0A3AE82AF83AC0EAD0FEEFABE
:10CD2000EFFB12CD262212241AEE2408FEEF340067
:10CD3000FF2274F6120A6374F81210AE890812CD3D
:10CD4000B0F974E058F509A3AE82AF83740169604D
:10CD50000979011224027900802312CD8260F7E55F
:10CD60000970EE8E828F83A312CDA6F9EA2400E427
:10CD700039FB8E828F83E0F91217A8A90874080284
:10CD8000BC8FEEFCEFFD851882851983AA82AB83E8
:10CD900012CD26851882851983AC82AD837A897B72
:10CDA00003122414E922E0FA8E828F83A3A3E022E7
:10CDB000EA128688EB12CE55240112CDC2F8741FF8
:10CDC0005822FEA3E03400FF8E828F83E02274F6A7
:10CDD000120A6374E11210AEEAFEEBFF12ABAD6013
:10CDE0004F8E828F8312C76185188285198312CE78
:10CDF0003574091212E512D08C7003A3E06960301B
:10CE000012CCC7120E187508FE7509FF78081210AB
:10CE10001D741C1212E5E0F9740D1212E512A8FE41
:10CE2000740F1212E512C7611215507404121030FB
:10CE3000741F02BC8FAC82AD83EA241BF582EB1217
:10CE4000CE55F9EA241CF582EB1294A912169A2207
:10CE5000240FF582EF3400F583E02274F7120A63A1
:10CE6000E9FE7C007D0078007900800D12CF19E08A
:10CE70002CFCA3E03DFD12DDA012DE09502CE8FAE7
:10CE8000E9FBEA75F012A4FAAFF075F012EBA42FEB
:10CE900012DDA9F460E012CF2012A8B760D8EE60CE
:10CEA000CB12CF19E4F0A3F080CC78007900800D8C
:10CEB00012CEF9E02CFCA3E03DFD12DDA012DDFC5A
:10CEC0005030E8FAE9FBEA75F017A4FAAFF075F014
:10CED00017EBA42F12DDD87003A3E0F460DC12CFAF
:10CEE0000012A8B760D4EE60C712CEF9E4F0A3F048
:10CEF00080C8ECFAEDFB02C8F612CF003BF58322A6
:10CF0000E8FAE9FBEA75F017A4FA75F017EBA42F1D
:10CF1000FB74892AF582740C2212CF203BF5832200
:10CF2000E8FAE9FBEA75F012A4FA75F012EBA42F07
:10CF3000FB740A2AF582740B2274F7120A638908BB
:10CF4000EAFEEBFF9003C1E0C39508501B1216EEFA
:10CF50009003F112CF6B90035BE075F064A4FCAD1D
:10CF6000F07A007B0212852102C8F6EEF0A3EFF002
:10CF70002274F6120A63EAFEEBFF9003DB8013884B
:10CF8000828983E06E7003A3E06F603A88828983B0
:10CF9000A3A312ABB770E87A047B00121D0C8A08B9
:10CFA0008B09A808A909E849601C8882898312CFE7
:10CFB0006B9003DB12C76188828983A3A312C5E942
:10CFC0009003DB12BED402BC9274F4120A637E009A
:10CFD0009003DB80070E88828983A3A312ABB7700E
:10CFE000F4EEC333FAE433FB121D0C8A088B09EA12
:10CFF0004509607E7F009003DB802488828983124C
:10D00000A8FEEFC333FAE433FBE5082AF582E5090D
:10D010003BF583ECF0A3EDF00F88828983A3A31284
:10D02000ABB770D79003BD12D08C7003A3E06978C2
:10D0300008701912101DEEF50A780A1210217C8969
:10D040007D0379009003BD12D078801A12101DEE76
:10D05000F50A780A1210217C897D0379009003BDBE
:10D0600012C7611217847403121030AA08AB091298
:10D070001D1212139402A0E21294AD121790228E88
:10D08000828F83A3A3A3A3A3A3A3A3A312C74DE04B
:10D090006822C082C08380108A828B8312AC319058
:10D0A00003DB12BED4121D129003DB12A8BA70E883
:10D0B00002B83974F6120A6390037512AAC090037D
:10D0C000F112D10F12BED47AF17B037950122432BF
:10D0D0009003F112D11A1218509003F112AAC090C5
:10D0E000057512ABB760257A067B00121C88EA4BE7
:10D0F000601A8A828B8374D5F0A3A3E412D1210431
:10D1000012D13090057512CCCB12266502BC92125A
:10D11000D1132212AFF890037522128A7AFAEFFB2C
:10D120002212D1252212D1292212A756A3A3A3226B
:10D1300012D125A3EEF0A3EFF022C082C0839003AA
:10D14000F374D2F0A37417F09003F574CCF0A374C9
:10D1500017F09003F774EAF0A3741702A333C082A8
:10D16000C083900368E064FE7003A3E0F4600E9057
:10D170000362E0A2E150061218321217D802B83941
:10D1800074F6120A639003B6E06032FE75F0E8A40C
:10D19000CEA8F075F003A428FF121C828A088B0920
:10D1A000A808A909902A4AE49358F8A3E49359F9E6
:10D1B000EE28FCEF39FD7A007B0112D1C002BC924F
:10D1C0009003C2E0F9121DC62274EC120A63750CBA
:10D1D00000750E00750F001213707A047900121397
:10D1E000168A08AE087A0279011213168A087A03A1
:10D1F0007903121316EEC39508C39AF50B1218089B
:10D20000EAF510E50B2510F50A850B088A12E508EA
:10D210002512F8E43400F9E849700302D31C8808A9
:10D22000750900740278081211DDAA08AB09121DF5
:10D230000C8A0E8B0FEA450F700302D319850A087A
:10D24000750900740278081211DDAC08AD0979FF88
:10D25000121C767508007509008058A90812136A17
:10D260008A128B13AE12AF13EE4F60448E828F83FF
:10D27000A3A3A3A3E0600464047035050C8E828F21
:10D2800083A3A3A3A3A3A3A3A3A3A3E0F912184476
:10D29000780E12101DAD0A8E828F83A3A3A3A3A3C1
:10D2A000A3A3A3A3E0FC8E828F8312D3CE121030EF
:10D2B00012D3C112D3D7E50898E509995007E50CB8
:10D2C000C3950B409675080075090085100CC3E5E1
:10D2D00008950CE50994005043AA08AB09121814EC
:10D2E0008A0C8B0DEA450D602B780E12101DEA2476
:10D2F0000EF582EB129780FEEA240FF582EB128A7C
:10D300006D121844AD0AEEFC850C82850D8312D394
:10D31000CE12103012D3C180B2750A00750C629023
:10D320000360E0600CF9121BCEE9F87454C398F561
:10D330000C75F003E50C84F50B94204003750B1F6E
:10D34000AE0EAF0F751200E50C6006751220750C5D
:10D3500000E50BC3950A5005850B0D8009850A0D64
:10D36000E512D2E6F512EEFCEFFDAA12A90D121796
:10D37000E4E9F513E512A2E6402C150D75080075D9
:10D380000900800BEE2404FEEF3400FF12D3C185A8
:10D390000D10C3E5089510E509940040E7E50DC5BB
:10D3A0000AC3950AF50AE97006E512A2E65095E56A
:10D3B0000E450F6007AA0EAB0F121D12A91302BC77
:10D3C0003DE5082401F508E5093400F50922129429
:10D3D000AD1217DE740222902A4612BE00C32274D8
:10D3E000F2120A63EAFEEBFF89088C098D0A740EBB
:10D3F0001212E512C7617C007D008C0B800EEAFCE6
:10D40000EBFDEA2404FAEB3400FB050BE50BC395B6
:10D410000A50228A828B83E0F47003A3E0F4701830
:10D420008A828B83EEF0A3EF12A752A3A3E5091221
:10D43000D121E508F00286CEEC4D600C8C828D8304
:10D44000C3E09EA3E09F50B68A828B8312D7F8EE8A
:10D4500098EF9950A9EAF8EBF988828983E0F47093
:10D4600003A3E0F46011E82404F8E93400F9050BA3
:10D47000E50BC3950A40E2E8FCE9FDE824FCF8E985
:10D4800034FFF98882898312B1798C828D8312D41A
:10D49000BF12D4B08C828D83A3A312DBEDE08C820B
:10D4A0008D83A3A3A3F0C3EA98EB9940CA02D420CA
:10D4B00012D4B7A3A3E022F08882898322A3A3E534
:10D4C0000CF0A3E50D2274F2120A6374FD1210AE83
:10D4D00089088A09ECFEEDFF750A0175F003E9A4DD
:10D4E0002402C0E074011212E5D0E012D571607719
:10D4F000EA12D56DEB12D77E7408F0741F550845FB
:10D5000009A3F012D758750A0080398E828F83E004
:10D5100088828983F0A3A882A9838E828F8312BF19
:10D52000BB8E828F83A3A3E05407C4FC8E828F83BB
:10D53000A3A3A3E054074C12BFBDEE2404FEEF34B6
:10D5400000FF050AE50AC3950840C08A828B83A3C1
:10D55000A374FCF0A374FFF0EA2413F582EB12C16C
:10D560006212137CE9F50AA90A0286C9EE12D76B8A
:10D570002212C1AFEA4B2274F1120A638A0A8B0BA2
:10D580007508007AFE7BFF7CFE7DFFE50A12868827
:10D59000E50B12D77EA3E0F509741F5509F50C12AF
:10D5A000D758E509A2E74017E50A2417F582E50BED
:10D5B000129780FE75F003E50CA424026E600879D2
:10D5C0000112240202D755E50C600B88828983E0A2
:10D5D000FEA3E0FBEEFA750D00803988828983E0B6
:10D5E000FEA3E0FDEE2400E43DFFE824020808E984
:10D5F00012A592548870C8E05407F50EA3A882A91A
:10D6000083EEFC900368E06E7003A3E06F70038507
:10D610000E08050DE50DC3950C40C0E508700BA97B
:10D62000091217F0E9700302D75512D76212A0C988
:10D630008A0C8B0DAE0CAF0DEE4F60538E828F8334
:10D64000A3A3A3A3A3A3A3E4F0902A5C93F88E82E0
:10D650008F83A3A3A3A3A3A3A3A3E0C398401D12F6
:10D66000D79412080BE88E828F83A3A3A3A3A3A34E
:10D67000A3A3F0E508C39407500205088E828F83A8
:10D68000A3A3A3A3A3A3A3A3A3E508F002D7557C58
:10D69000FF7DFF12D76212848D12C7611217FC8AB8
:10D6A0000C8B0DAE0CAF0DEE4F70491218028A0CA8
:10D6B0008B0DAE0CAF0DEE4F700302D7557C177D6E
:10D6C000007900121C7612D76212848D12893012F2
:10D6D000BED4900375E0F8A312D789A312BED4EE8E
:10D6E000240F12848A129F3412080B12DF2BEE24AF
:10D6F0000E12C15F902A5CE493F8EE240D12977D20
:10D70000C398401212D79412080B12DF2BE508C3FE
:10D71000940750020508EE240E12848AE508F0EE04
:10D72000240C12B71F2402FAEF3400FB122594E9EF
:10D730007023850A82850B83A3A3A3A3A3A3A3A31A
:10D74000E06012E50A2415F582E50B128A722402C4
:10D75000FAEF12D77302A1A0E824020808E9340006
:10D76000F922E50A12D76BE50B22EE240BF5822293
:10D77000FAE5093400FB12241A2212D76AEF12AA22
:10D78000E812AFF4888289832212BFB2A3A3A3A3B5
:10D79000A3A3A32212D7982212D7A07A027B002239
:10D7A000902A5CE4932401F8E43400F92274F7121F
:10D7B0000A63E9FE74FE6A700374FF6B70047901FA
:10D7C000803374605E646060F5EEA2E5500E9003F5
:10D7D0006812D7F8EC98ED99401980E2A2E6900320
:10D7E000685008C3E09AA3E09B80EDC3E09AA3E0F1
:10D7F0009B50DB790002C8F612AFF4C32274F71213
:10D800000A637E00800412DFDD0E12D97640F77EB7
:10D8100000EE12D82812979288828983E4F00EEEE7
:10D82000C3940340EC02C8F675F003A4F8A9F074A1
:10D83000DD28F8740339F988828983A32274F712EA
:10D840000A637F0080010F902A59E493F8EFC39890
:10D850005026EF12DA926A7003A3E06B70E812DFD1
:10D86000886C7003A3E06D600A74FF6C700374FF32
:10D870006D70D312D95F80047A007B0002C8F67401
:10D88000F6120A637CFF7DFF7AFE7BFF1217FCEA2B
:10D890004B7045750800803BE50875F017A4F8A9A2
:10D8A000F0748328F582740C39F583E0600D74827E
:10D8B00028F582740C39F583E07016747428FE74B0
:10D8C0000C39FF8E828F8312C761121556EEFAEF64
:10D8D000FB050812D9DC40C002BC92C082C0837A2A
:10D8E000007B007D008014ED12D9697003A3E0F481
:10D8F0006008EA24010AEB3400FB0D902A59E493F6
:10D90000F8EDC39840E102B83974F4120A638A084A
:10D910008B09ECFEEDFF800B12181AEEFCEFFDAA4E
:10D9200008AB091217FCEA4B70EE02A0E274F61283
:10D930000A637D007E0080020D0E12D97650191206
:10D94000D9687003A3E0F460F08D08EA65087001FF
:10D95000EB70E512D95F80047A007B0002BC927400
:10D960007428FA740C39FB22EE75F017A4F8A9F0AC
:10D9700012DA9D64FE22902A59E493F8EEC39822AD
:10D9800074F7120A63EAFEEBFFEE4F601012D9A0A3
:10D9900074FEF0A30412A5D1A31412979402C8F642
:10D9A0007C177D007900121C768E828F832274F79B
:10D9B000120A63EAFEEBFF7508008018E50875F0AF
:10D9C00017A4F8A9F012DF9C7003A3E06F600312A4
:10D9D000DFE5050812D9DC40E302C8F6902A59E4D5
:10D9E00093F8E508C3982274F4120A638A088B0935
:10D9F000ECFEEDFF900375E06E7003A3E06F70190D
:10DA00001213408A0A8B0BA80AA90BE849600AE89E
:10DA10002408FAE93400FB8020EEFCEFFDAA08ABF5
:10DA2000091217FC8A088B09A808A909E8496005AA
:10DA3000E8240D80DD7A007B0002A0E274F4120A73
:10DA4000638A0A8B0BECFEEDFF75080075090080F8
:10DA50002EE50975F017A4F8A9F012DFD0601EE5D5
:10DA60000912DA92650A7004A3E0650B7003750869
:10DA70000AEEFCEFFD12DE6760034308A005099083
:10DA80002A59E493F8E509C3985004E50860C202F6
:10DA90008A6575F017A4F8A9F012DA9D2212DE5CEF
:10DAA000E02274F6120A637E007F008053EEF912C2
:10DAB000136AEAF8EBF9EA4B604388828983A3A3EF
:10DAC000A3A3E06401603688828983A3A3A3A3E0B3
:10DAD00064026029E82407F582E9129DD774012ABF
:10DAE000F09003B7E0C39A501488828983A3A3A35C
:10DAF000A3A3A3A3A3A3A3E412DBE4A3F012DB9CE0
:10DB000012D3D7EE98EF9940A47E007F008052EEAA
:10DB1000F8EFF9E875F017A4F8AAF075F017E9A482
:10DB20002AF912D9707003A3E0F4603212DBA52445
:10DB30000C12939B740128F09003B7E0C398501E19
:10DB400012DBA5240FF582E912DBCEE8240EF58264
:10DB5000E912DBC312A5CCFAA3E0FB12155612DBC7
:10DB60009C902A59E493F8C3EE98EF940040A07E6D
:10DB7000007F00EEF8EFF9E875F003A4F8AAF0755D
:10DB8000F003E9A42AF912DBD4600214F012DB9C42
:10DB9000C3EE9403EF940040DA02BC92EE24010E2F
:10DBA000EF3400FF22EEF8EFF9E875F017A4F875EE
:10DBB000F017E9A42AF9747428F8740C39F9E822EA
:10DBC000F582EF12AAE8E422EE2411F582EF12AA00
:10DBD000E8E4F02212DBD9E02274DD28F582740338
:10DBE00039F5832212DBEDA3A3A3A3A322F088823D
:10DBF0008983A3A3A32274F2120A638A088B09EC17
:10DC0000FEEDFF740E1212E512CD02750C007C00C1
:10DC10007D018010121C82E50CF5F0EA84ACF075F1
:10DC20000C007D0078007900800312DDA012DDFC7D
:10DC3000400302DCC2E8FAE9FBEA75F017A4FA85B2
:10DC4000F00D75F017EBA4250D12DDD87003A3E0DD
:10DC5000F460D712DDB665087004A3E0650960CAF8
:10DC600012DDB66E7003A3E06F60BF12DDB6650A09
:10DC70007004A3E0650B60B2E8FAE9FBEA75F017FF
:10DC8000A4FA75F017EBA4250DFB74822AF58274B3
:10DC90000C12DD97509474016D050C608DE50CC37A
:10DCA0009C4087E875F017A4F8AAF075F017E9A46E
:10DCB0002AF9747428F582740C39F58312C761024D
:10DCC000DD9478007900800312DDA012DE094003A4
:10DCD00002DD7BE8FAE9FBEA75F012A4FA85F00DA3
:10DCE00012DDE864FE7003A3E0F460DC12DDDE65A3
:10DCF000087004A3E0650960CF12DDDE6E7003A337
:10DD0000E06F60C412DDDE650A7004A3E0650B609D
:10DD1000B7E8FAE9FBEA75F012A4FA75F012EBA481
:10DD2000250DFB74032AF582740B12DD975099E8D8
:10DD3000FAE9FBEA75F012A4FA75F012EBA4250DCE
:10DD400012DDA964016081E06402700302DCC87422
:10DD5000016D050C700302DCC8E50CC39C50030286
:10DD6000DCC8E875F012A4F8AAF075F012E9A42A4C
:10DD7000F974FA28F582740A02DCB9E50C6011EC3A
:10DD8000700E7401650C600302DC147C0102DC1F60
:10DD90007AFE7BFF0286CE3BF583E014C394062215
:10DDA000E8240108E93400F922FB74FE2AF58274A4
:10DDB0000A3BF583E022E8FAE9FBEA75F017A4FADA
:10DDC00075F017EBA4250D12DDCB22FB74742AF538
:10DDD00082740C3BF583E02212DDCB64FE22E8FA6C
:10DDE000E9FBEA75F012A4FA75F012EBA4250DFB1D
:10DDF00074FA2AF582740A3BF583E022902A59E4EA
:10DE000093FAC3E89AE9940022902A46E493FA74BC
:10DE10000193FBC3E89AE99B2274F5120A638A080E
:10DE20008B09ECFEEDFF750A008002050A902A5965
:10DE3000E493F8E50AC3985021EEFCEFFDE50A757E
:10DE4000F017A4F8A9F012DE6760E0E50A75F01794
:10DE5000A4F8A9F012DE5C12DE768025747428F531
:10DE600082740C39F58322747628FA740C39FB120B
:10DE70002414E922A3A3E508F0A3E509F022121077
:10DE8000307F03020D18E9F87907C3940D40047937
:10DE9000018019E8C3940740047903800FE8C39414
:10DEA00003400419198005E870027900020FE2743A
:10DEB000F0120A638A088B098C0A8D0B890C1218E0
:10DEC000028A0E8B0FAE0EAF0FEE4F605B12D9A021
:10DED00012DE768E828F83A3A3A3A3A3A3A3A31290
:10DEE000CD0AE50C600AEE240F12848AE50C800648
:10DEF000EE240F12DF34F09003F512ABB7601A90E6
:10DF000003BCE064017008EE240E12DBC08010EE4A
:10DF1000240E12848A74078006EE240E12DF341257
:10DF20009F3612080B12DF2B02CC0FEE240D12AA23
:10DF3000E5E8F02212AAE574012274F5120A638A58
:10DF4000088B09ECFEEDFF750A00800F12DF9C7054
:10DF500003A3E06F600312DFE5050A902A59E493FA
:10DF6000F8E50AC398501EE50A75F017A4F8A9F061
:10DF700012DF8865087004A3E0650970CF12DF9195
:10DF800012CF6B80D402DE8112DF8C2212DF91E08F
:10DF900022747E28F582740C39F5832212DF8C6E90
:10DFA0002274F7120A63EAFEEBFF7508008019E598
:10DFB0000812DA926E7003A3E06F700A12DFD0705D
:10DFC00005E50812DFDE050812D9DC40E202C8F6DA
:10DFD000747628FA740C39FB122594E922EE75F058
:10DFE00017A4F8A9F012D95F12181A2274F7120AAE
:10DFF000637E00801312D9687003A3E0F4600812F6
:10E00000DFD0700312DFDD0E12D97640E802C8F6C9
:10E01000C082C0839003F97468F0A37418F0900371
:10E02000FB746EF0A37418F09003FD7474F0A37485
:10E030001802A33374F7120A63EAF8EBF990033974
:10E0400012E07B702B88828983A3A3A3A3A3A3A33D
:10E05000A3A3120E1890033912E0731212BA888229
:10E060008983A3E0F9121418740212103012139469
:10E0700002C8F612A5B9F5838A8222E012E083A3D2
:10E08000A3E022FAA3E0F5838A82A3A3A3A322C07C
:10E0900082C0839003BF12E152F09003BF12ABB76E
:10E0A000700579011217A202B83974F6120A637466
:10E0B000FC1210AEE9FE902A61E493700874E16EE0
:10E0C000600302E14DEA2408F8EB12B37912E15241
:10E0D00012E15B700E9003BFE4F0A3F07901121718
:10E0E000A2806A9010B6E06064FA9003BF12D7F87D
:10E0F000EA98E499505779001217A28A088B09AC64
:10E1000008AD09ECF8EDF9E875F064A4F8AAF0752B
:10E11000F064E9A42AF99003BF12C761120813E85A
:10E12000941AE99400402690056D12ABB7601E90DA
:10E1300003BF12C2BC12BED474021212E5ECF0A3EB
:10E14000ED12C36190056D12CCCB122665740402EA
:10E15000BC8FE02401F0A3E034002212D4B712AB4C
:10E16000BC4922C082C08374F81210AE8518828523
:10E170001983AC82AD837583807582837408120F16
:10E180005E851882851983AC82AD8312C2B16401A9
:10E190007004790080027901740802AC4774F412AB
:10E1A0000A6374F81210AE7E008E089004EBE4F05F
:10E1B0007F79750A08750B00780A12101D74021217
:10E1C00012E5AC82AD837A007B00EFF912EAFB1214
:10E1D0001030851882851983E0F47003A3E0F47091
:10E1E000139004EBE07004EFF080197A01EFF9125C
:10E1F0001D1E801074041212E5E0F47003A3E0F415
:10E200006002EFFE0FEFC3947F40A7EE9004EB6037
:10E210001EE0600FF9121D2A7A007B00EEF9121D34
:10E22000308013EEF9121D2AEE9004EBF08007E027
:10E230006004F9121D2A7F79AC087A007B00EFF99F
:10E24000121D248B0BEA450B60057508017F780FC2
:10E25000EFC3947F40E2E508A2E050147F797C0090
:10E260007A007B00EFF9121D240FEFC3947F40EE7C
:10E270009004EBE0704A7F007A0012E2C564F87007
:10E2800004A3E064077004EAFF802AEFC333F8E4D4
:10E2900033F912E2D1C082C08312E2C5F8A3E0F9DB
:10E2A000D083D082C3E098A3E0995002EAFF0AEA43
:10E2B000C3940640C574792F9004EBF0F9121D2A1F
:10E2C000790102EB39EAC333F8E433F912E2D1E021
:10E2D0002274DF28F582740439F5832274F7120A58
:10E2E0006374F81210AEEAFF851882851983E4F092
:10E2F000A3F0EF600874021212E5E48007740212C2
:10E3000012E574FF12E95A7A007B00121D5474085A
:10E310001210307F01020D1874EE120A6374F812A5
:10E3200010AE890C8A0E8B0F8C0D750A08750B00C8
:10E330007E007F00750808750900780812101D74AA
:10E34000021212E5AC82AD83AA0AAB0BA90C12EA49
:10E35000FB121030851882851983E0F47003A3E066
:10E36000F4700302E4A674021212E512E76C40088E
:10E370007508FC7509FF800D74021212E512E7752D
:10E38000F508E9F50974F8C3950AF87407950BF9CF
:10E39000C3E89508E99509501AEE2400F8EF34080F
:10E3A000F9E8C3950AFEE9950BFF750A00750B089D
:10E3B00002E4A612F05F12E4C1E849700302E47CB3
:10E3C000E50E450F604AA80EE50F547FF9851882C7
:10E3D000851983E0687003A3E069600302E48CE5BB
:10E3E0000F5480701374061212E5E0F47003A3E07A
:10E3F000F4600302E48C801174061212E5E0F470FC
:10E4000003A3E0F4700302E48CAA0AAB0B02E4BDA0
:10E4100074021212E512F461A90C12E7427404129C
:10E4200012E5E0687003A3E0697046E50D602E74A4
:10E43000061212E5E0F47003A3E0F4704F85188231
:10E44000851983E0FAA3E04480FB121D36EA4B6095
:10E450003B7C019004ECE0F9121D42802F740612FF
:10E4600012E5E0F47003A3E0F460217AFF7BFF8003
:10E470004C7C01AA0AAB0BA90C121D42E50824082A
:10E48000F8E5093400F9EE28FEEF39FFE50A250822
:10E49000F50AE50B3509F50BC3E50A94F8E50B948D
:10E4A00007500302E334E50C12E74EE50AF0A3E55A
:10E4B0000B12E4F4EEF0A3EFF07A007B0074088016
:10E4C0000E851882851983E0F8A3E0F922740412FE
:10E4D00010307F0A020D1874F7120A63E9FE122049
:10E4E000A8EE12E74E7408F0A3E412E4F4E4F0A3FB
:10E4F000F002E313F074ED28F582740339F58322FA
:10E5000074EE120A6374F71210AE89088A0A8B0B34
:10E510007E007F00750C01750D00780C12101D74C3
:10E52000021212E5AC82AD83EEFAEFFB9004EBE051
:10E53000F912EAFB121030851882851983E0F46025
:10E540000812E763790002E737EE24010EEF34008A
:10E55000FFC3940840BE7E087F007401F09004EB76
:10E56000E012E74EE0F50CA3E0F50D750E08750F0F
:10E5700000780E12101D74031212E5AC82AD83EE0A
:10E58000FAEFFBA90812EAFB12103074011212E52F
:10E59000E0F47003A3E0F4700302E70D74031212B9
:10E5A000E512E76C4008750EFC750FFF800D7403D3
:10E5B0001212E512E775F50EE9F50F74F8C39EF82F
:10E5C00074079FF9C3E8950EE9950F500302E70D14
:10E5D00074F8C3950CF87407950DF9C3E8950EE926
:10E5E000950F500B851882851983E4F002E716EE2B
:10E5F0002408FEEF3400FF74011212E512E4C7E8AC
:10E6000049700302E6F974011212E5E0650A70042C
:10E61000A3E0650B700302E6F974031212E512F42D
:10E620003EEEFAEFFBA90812E73C1212E5E0687033
:10E6300003A3E069600302E6F974071212E5E0F44F
:10E640007003A3E0F4700B7C00EEFAEFFBA9081254
:10E650001D427509007809121021E4F510F51178B2
:10E660001012101D74061212E512F43E74041212F8
:10E67000E512EA5A9004EBE0F9121D6C74031210D3
:10E6800030E9700302E5E4E50C2408F50CE50D34EF
:10E6900000F50D780E12101D780C12101D9004EB71
:10E6A000E0FCEEFAEFFBA908121D667404121030AC
:10E6B00074031212E512E78612E73C1212E5E068D5
:10E6C0007003A3E069600302E5E474051212E51229
:10E6D000E786121D488A108B11A810A91174051223
:10E6E00012E5E0687003A3E069600302E5E47401E9
:10E6F0001212E512E786121D78EE250EFEEF350F99
:10E70000FFC3EE94F8EF9407500302E55D8518828D
:10E71000851983E0700512E7638014E50A450B70E4
:10E720000E12E93EA908121D2AE5089004EBF085B7
:10E730001882851983E0F9740902E4CF12E7427464
:10E740000522121D4E8A108B11A810A9112212E762
:10E750005222C333F8E433F974E128F582740339A3
:10E76000F583229004EBE0F9121D2A22C3E094FC09
:10E77000A3E094FF2212E77922E02403F8A3E03417
:10E7800000F9E854FC2212F43EAA0CAB0D9004EB05
:10E79000E0F92274F4120A63EAFEEB800374804FFE
:10E7A000FF7508797C00EEFAEFFBA908121D248B97
:10E7B0000BA90BEA496008E5089004ECF080150508
:10E7C00008E508C3947F40DCEF548060D09004ECEF
:10E7D000E4F0FAFB02EB3E74EE120A6374F61210D8
:10E7E000AE890A8A0C8B0D8C088D09741C1212E5F7
:10E7F00012F074C3EC94F4ED94FF400E85188285FA
:10E80000198374FCF0A374FF801CEC2403F8ED342E
:10E8100000F9E854FC2408F8E93400F985188285E9
:10E820001983E8F0A3E9F07F007C069004EBE00494
:10E83000FEEEC3947F40027E799004EBE06E602B85
:10E8400074872EC333F8E433F974D328F582740443
:10E8500039F58312EA5AE4C39AFA74089BFB12E270
:10E86000CC2AFAA3E03B12E94950080E1CEC70C117
:10E8700002E937EC700302E937EE12F07EFA740811
:10E880009912E949400302E9147510088F117810B4
:10E8900012101D74041212E5AC82AD837A007B0065
:10E8A000EEF912EAFB12103074061212E5E0F47071
:10E8B00003A3E0F4700B12E9537A04FBEEF9121D86
:10E8C0005AAA0CAB0DEEF9121D30E9606AE50AF5A3
:10E8D0000B780B121021780E12101DAC08AD09AA8E
:10E8E0000CAB0D9004EBE0F9121D6C7403121030A8
:10E8F000E960059004EBE0FFE50A700AEE850E8200
:10E90000850F83F0803112E93EEEF9121D2AEE9058
:10E9100004EB80EFE50AF50B780B121021780E124C
:10E92000101DAC08AA0CAB0DEEF9121D6C7403128D
:10E930001030E96002EEFFEFF9740A02E4CF7A01C9
:10E940009004EBE0F9121D1E22FB12E4C1C3EA9809
:10E95000EB9922851882851983E4F0A312F097229F
:10E9600074F2120A6374F81210AE89098C08EA2452
:10E97000F8F50AEB34FFF50B750C08750D00780CF3
:10E9800012101D74021212E5AC82AD83AA0AAB0B01
:10E9900012EAFB121030E508702374061212E5E447
:10E9A000F0A3F074041212E5AC82AD83E50A2404EE
:10E9B000FAE50B3400FBA909121D548019740212E8
:10E9C00012E512F08812E953AA0AAB0BA909121D2D
:10E9D00054E50912E9E074081210307F06020D18A0
:10E9E000C333F8E433F974ED28F582740339F58301
:10E9F000E02EF0A3E03FF02274F4120A6374FE12DA
:10EA000010AE851882851983ECF0A3EDF08908EA31
:10EA1000FEEBFFEE24FCFEEF34FFFF851882851924
:10EA200083AC82AD83EEFAEFFB121D5A750A0275B4
:10EA30000B00780A12101D74021212E5AC82AD832D
:10EA4000EEFAEFFBA90812EAFB1210308518828556
:10EA5000198312EA5A740202EB3BE0FAA3E0FB22AC
:10EA600074F0120A6374FC1210AE890C8A0A8B0BC4
:10EA7000ECFEEDFF750800750900EE2403F50EEFBE
:10EA80003400F50F7402780E121274AE0EAF0F122E
:10EA9000EE426049750E04750F00780E12101D7459
:10EAA000021212E5AC82AD83AA0AAB0BA90C12EAE2
:10EAB000FB121030E50A2404F50AE50B3400F50BCF
:10EAC0007800880E12ECECE0FAE5082AF508E50972
:10EAD0003400F50908E8C3940450B480E5AA08ABF3
:10EAE0000974041210307F08020D18E5822510FC0D
:10EAF000E5833400FDAA0CAB0DA90E12209C740214
:10EB00002274F4120A63E9FE750801750900780899
:10EB100012101D8A088B09740278081212748E0A6A
:10EB2000F50B7409780A1211DDE5082400FAE509ED
:10EB3000350BFB1220A202EA5574081210307F0434
:10EB4000020D1874F7120A6374FC1210AE8C828DD9
:10EB500083E0851882851983F08C828D83A3E0C0C1
:10EB6000E074011212E5D0E0F074021212E574FFB5
:10EB7000F074031212E574FF12F093121D54740422
:10EB800002E31074EE120A6374FC1210AE8909EAF3
:10EB9000FEEBFF8C0C8D0D74161212E512F06CEE6C
:10EBA0005403F508606A74FC5EFE750E04750F0070
:10EBB000780E12101D74021212E5AC82AD83EEFACB
:10EBC00012EAFB121030E50C450D6029850A82859A
:10EBD0000B83E0C0E085080E12ECECD0E012ECFFF5
:10EBE0000508E50C24FFF50CE50D34FFF50DE508EF
:10EBF000C3940440D1851882851983AC82AD83EE1D
:10EC0000FAEFFBA909121D54EE2404FEEF3400FFB5
:10EC1000E50C5403F508850C0E850D0F7402780E73
:10EC2000121274850E0C850F0DE50C450D604D78A4
:10EC30000C12101DAC0AAD0B8E0E8F0F7402780EE5
:10EC4000121274850910F511740978101211DDE59E
:10EC50000E2400FAE50F3511FB1220A274021210E7
:10EC6000307402780C1211DDA80CA90DEE28FEEF0D
:10EC700039FFE50A28F50AE50B39F50BE508606967
:10EC8000750E00750C04750D00780C12101D7402C1
:10EC90001212E5AC82AD83EEFAEFFBA90912EAFB92
:10ECA0001210308025850A82850B83E0C0E0850E36
:10ECB0000C851882851983E582250CF582E583345D
:10ECC00000F583D0E012ECFF050E85080C74FF25DB
:10ECD0000CF5080470CF851882851983AC82AD834A
:10ECE000EEFAEFFBA909121D5402E4CD85188285C6
:10ECF0001983E582250EF582E5833400F58322F041
:10ED0000850A82850B83A385820A85830B2274EE94
:10ED1000120A6374FC1210AE890E8A0C8B0D8C0BD8
:10ED200074161212E5E0F508A3E0F5097418121242
:10ED3000E5E0FEA3E0FFE5085403F50A6060F51086
:10ED4000C3E5089510F508E5099400F50975100468
:10ED5000751100781012101D74021212E5AC82AD0C
:10ED600083AA08AB09A90B12EAFB121030EE4F6020
:10ED70002A751001781012101D850A1074021212E3
:10ED8000E512EAEB12103012EE51050AEE24FF1ED6
:10ED9000EF34FFFFE50AC3940440D212EE5EEE5456
:10EDA00003F50A8E108F1174027810121274AE10CF
:10EDB000AF118029751004751100781012101D74A0
:10EDC000021212E5AC82AD8312EAF5121030E50CA6
:10EDD0002404F50CE50D3400F50D12EE5E12EE4242
:10EDE00070D2E50A60597E007510048E11781012F9
:10EDF000101D74021212E5AC82AD83AA08AB09A9FA
:10EE00000B12EAFB121030801975100178101210E5
:10EE10001D8E1074021212E512EAEB12103012EE7F
:10EE2000510EAF0A74FF2FF50A0470DD8518828534
:10EE30001983AC82AD83AA08AB09A90B121D540239
:10EE4000E4CDEEF8EFF9E824FF1EE934FFFFE849CE
:10EE500022E50C2401F50CE50D3400F50D22851892
:10EE600082851983AC82AD83AA08AB09A90B121D58
:10EE700054E5082404F508E5093400F5092274EC8A
:10EE8000120A6374F81210AE89088A108B11ECFE16
:10EE9000EDFF741C1212E512F074741E1212E5E0FC
:10EEA000F50CE912E74E12F06C75090085188285A1
:10EEB0001983EAF0A3EBF074021212E5EEF0A3EF6F
:10EEC00012F093AA0AAB0BA908121D54751208750B
:10EED0001300781212101D74021212E5AC82AD8379
:10EEE000AA0AAB0BA90812EAFB121030851882851A
:10EEF0001983E065107004A3E06511600302F00857
:10EF000074021212E5E06E7003A3E06F600302F07A
:10EF100008E50C700302EFE6850E82850F83EEF89C
:10EF2000EFF9E85403F50CE58245837015E875F0B8
:10EF3000FFA4F8AAF075F0FFE9A42AF9E8FAE9FBC2
:10EF400080207A007B00800AE0FCEA2CFAEB340097
:10EF5000FBA3E8FCE9FDEC24FF18ED34FFF9EC4DD0
:10EF600070E6E50C601E7404C3950CF895E0F9E8B2
:10EF700075F0FFA4F8ACF075F0FFE9A42CF9EA28CD
:10EF8000FAEB39FB74041212E5EAF0A3EBF012F08D
:10EF90005FE50E450F6017780E12101DEEFCEFFDB9
:10EFA000AA0AAB0BA908121D607402121030EEFC05
:10EFB000EFFDAA0AAB0B12F45374041212E5E068D9
:10EFC0007003A3E069702274041212E512F48B74CA
:10EFD000041212E5E0687003A3E069700C851882E2
:10EFE00085198312F48475090174021212E5C3E0D5
:10EFF00094F4A3E094FF40067EFC7FFF80437402FC
:10F000001212E512F088803974021212E5C3E094FE
:10F01000F4A3E094FF40067EFC7FFF800874021298
:10F0200012E512F08812F07CF8740899F9C3E89E92
:10F03000E99F500812F07CFE740899FFE50812E978
:10F04000E0E508C333F8E433F974E128F58274038A
:10F0500012E9EDA90974081210307F0C020D18E5B1
:10F060000A2408F50AE50B3400F50B22E0F50AA3A3
:10F07000E0F50B22E0F50EA3E0F50F22E50812E71C
:10F080005212E4C7E4C3982212E7792408FEE93457
:10F0900000FF2212F09722F0851882851983AC8236
:10F0A000AD8322C082C0837900E9C333FCE433FD21
:10F0B000749B2CF58274803DF583E06A7003A3E0B5
:10F0C0006B600709E9C3940340DFD083D082020F4D
:10F0D000E274F6120A63E9FE8A088B09ECFAEDFB8A
:10F0E00012F15C500E12F165EE12F171E508F0A319
:10F0F000E509F07F02020D18C082C083121D18803E
:10F10000C974F2120A63EAFEEBFF8C088D09740ED3
:10F110001212E512F06C794E12206CE97004790A33
:10F120008037EEFAEFFB121D36EA4B6010EEFCEF73
:10F13000FD9004ECE0F9121D787900801C780A1229
:10F14000101DAC08AD09EEFAEFFB7901121D3C74FD
:10F1500002121030E960C7790902E9DB121D72E979
:10F16000F8C394032274ED28F58274043400F58307
:10F1700022F0E812F17722C333F8E433F974F0286F
:10F18000F582740439F5832274E8120A6374F51267
:10F1900010AE8A168B178C0C8D0D74231212E5E0BD
:10F1A000F512A3E0F513751100794E12206CE97089
:10F1B00005790A02F434E5124513700302F432AA09
:10F1C00016AB17121D368A088B09A808A909880AE8
:10F1D000890B74011212E5E8F0A3E9F09004ECE069
:10F1E000F510E8450B7005790902F43475080875C7
:10F1F0000900780812101D74051212E5AC82AD8367
:10F20000EA24F8FAE934FFFBA91012EAFB121030E5
:10F2100074051212E5E50C2512F8E50D3513F9C356
:10F22000E098A3E099408A12F4441212E512F074B7
:10F23000AE12AF1375080080717514017515007852
:10F240001412101D74021212E5AC82AD83AA0AAB2F
:10F250000BA91012EAFB121030851882851983E081
:10F26000F8850E82850F83E06860267508017407B3
:10F270001212E5C3E098F0A3E09400F0850E8285B9
:10F280000F83E0F874071212E5E028F0A3E03400E1
:10F29000F0E50A2401F50AE50B3400F50B850E8232
:10F2A000850F83A385820E85830F12EE42708AE557
:10F2B00008A2E0400302F432851882851983E4F045
:10F2C000858208858309780812101D74071212E5DB
:10F2D00012F43EAA16AB177900121D3C74021210EC
:10F2E00030E9F508700302F3DC74051212E512E749
:10F2F0006C40067EFC7FFF800B74051212E512E75E
:10F3000075FEE9FF12F46974091212E5E0F4700366
:10F31000A3E0F4700A7C0074011212E512F479780B
:10F320000C12101D780A12101DAC0874051212E59B
:10F3300012EA5AA910121D66740412103012F44415
:10F340001212E5120E18AC12AD13AA0AAB0BA908E3
:10F35000121D60740212103074051212E5E0C3959C
:10F360000CF8A3E0950DF9E8C39512F50EE9951395
:10F37000F50F780E12101DE50A2512F50AE50B357A
:10F3800013F50B780A12101DAC0874051212E5E093
:10F39000250CF8A3E0350DF9E82512FAE93513FB41
:10F3A000A910121D66740412103012F4697405124B
:10F3B00012E512F46112F45374071212E5E068705A
:10F3C00003A3E069701674071212E512F48B740738
:10F3D0001212E5E0687003A3E069600575110A8008
:10F3E0000874031212E512F484851882851983E0EB
:10F3F00060266510700B740A6511700512E7638052
:10F400001712E93E85188285198312E766851882EE
:10F41000851983E09004EBF0851882851983E065F7
:10F4200010600F740A651160097C01EC1212E5127C
:10F43000F479A911740B1210307F10020D18E0FC42
:10F44000A3E0FD22E50A250CF50AE50B350DF50BC9
:10F45000742522A908121D4E8A0C8B0DA80CA90D2B
:10F460002212F43EAA0AAB0B22E50812E752E0C3CF
:10F470009EF50AA3E09FF50B22E0FAA3E0FBA9109A
:10F48000121D422212F49A121D782212F49A121DB1
:10F49000488A0C8B0DA80CA90D22E0FCA3E0FDAA64
:10F4A0000AAB0BA9082274F0120A63EAFEEBFF8C88
:10F4B0000A8D0B74101212E5E0F50CA3E0F50D7443
:10F4C000121212E5E0F508A3E0F50912F15C5027ED
:10F4D0008882AE82780C12101DAC08AD09EE12F1D4
:10F4E00077E0250AFAA3E0350BFB74ED2EF5827464
:10F4F000043400F5838023EEFAEFFB121D36EA4B4D
:10F500007004790A801E780C12101DAC08AD09EA4F
:10F51000250AFAEB350BFB9004ECE0F912EAFB123A
:10F520001030790002EAE674F4120A63EAFEEBFF97
:10F530008C088D097A097B00121D0CEA4B6035900E
:10F5400004A512FD638A828B8312FD519004A5EA03
:10F55000F0A3EB12F610EEF0A3EF12F577E508F04A
:10F56000A3E50912F577A3A3743212F5857401128D
:10F57000F585A3F002FF6212F57B22F08A828B836D
:10F58000A3A3A3A32212F57BA3A3A32274F6120ABA
:10F5900063EAFEEBFF8E828F83E0F9121BA48B09D6
:10F5A000EA45096004790280187C007D00EEFAEFDC
:10F5B000FB121B808B09EA450970047910800279DF
:10F5C0000002FE5E7F01020D1874F2120A638908C0
:10F5D0008A098B0A121BAA8A0C8B0DAE0CAF0DEE9A
:10F5E0004F60287A047B00121C88EA4B601D8A82D7
:10F5F0008B8374FDF0A3E50A12F610E50812F610ED
:10F60000A3E509F08E828F8312FA027F06020D189D
:10F61000F08A828B83A3A32274E8120A6374FC121B
:10F6200010AE74021212E5ECF0A3EDF074011212A8
:10F63000E5E9F08A108B11741C1212E5E0F512A3B3
:10F64000E0F51374211212E5780C1212839004A5D0
:10F65000E0F508A3E0F509750AFE8A828B83E05481
:10F660000C640C701779FE12F81A700302F7EB1293
:10F67000F7F5700302F7EB12F80C803BA3A3E0F45C
:10F68000700BE5084509700302F7EB801D8A828B39
:10F6900083A3A3E0F9121BAA8A148B15A814A91539
:10F6A000E8FEE9FFE849600F80CD8508828509837F
:10F6B000A3A3E0FEA3E0FFEE4F700302F7EB80157B
:10F6C000A90A12F81A700302F7EB12F7F570030299
:10F6D000F7EB12F80C7516FF7517FF850882850980
:10F6E0008312FD698E828F836028E0FA7902850893
:10F6F00082850983A3A3A3A312FDAF122665EA4B5B
:10F7000060278A828B83E0F516A3E0F517121D129D
:10F71000801712FD6A60128E828F83A3A3A312FD4D
:10F72000AFA3E0F516A3E0F517851082851183A33A
:10F73000A3A3A3A3A3A3A3E065167004A3E0651786
:10F7400060168E828F83E07076851082851183A388
:10F75000A3A3A312FD697067E5102402F514E51157
:10F760003400F515851482F583E0851882851983A8
:10F77000F08E828F8312F803780C12101574241205
:10F7800012E5E0F50B780B12102174231212E5122A
:10F790000E18781212101D740B1212E5120E187446
:10F7A0000C1212E5E0F9EEFCEFFDAA10AB11121BF2
:10F7B00098740B12103085188285198312F803850E
:10F7C0001082851183E0540C640C700302F6C0A310
:10F7D000A3E0F47016850882850983E0F508A3E0AC
:10F7E000F509E5084509600302F6AA740412103011
:10F7F0007F10020D18121BAA8A088B09AE08AF09E8
:10F80000EE4F22E0851482851583F0228E828F834D
:10F81000E0F9121BA48A088B0922A3A3A3A3E0FA90
:10F82000A3E0FB1224D4E9F50A74FE650A2274E809
:10F83000120A638A088B098C128D138917741C12A3
:10F8400012E5E0F50AA3E0F50B741E1212E5E0F5EF
:10F8500016741F1212E5780C121283EA240EF58238
:10F86000EB12F9E412FD57EA2410F582EB12F9E4E9
:10F87000E02424FA7B00121C888A148B15AE14AF86
:10F8800015EE4F700302F9DB8E828F83741A12FD1E
:10F890004212F9F212FD51850882850983A3A31251
:10F8A000F9F2A3A312FD5174181212E512FD75EEC0
:10F8B0002406FAEF3400FB121BC8850882850983F1
:10F8C000A3A3A3E0C0E0EE240F12F9E1D0E0F0859D
:10F8D0001282851383E0C0E0EE241412F9E1D0E037
:10F8E000F0E508240CF582E50912F9E4E0C0E0EE49
:10F8F000241512F9E1D0E0F0850A82850B83E0C07F
:10F90000E0EE241612F9E1D0E012F9E9E0C0E0EEF1
:10F91000241712F9E1D0E012F9E9A3E0C0E0EE24E7
:10F920001812F9E1D0E0F0EE241912F9E1E516F031
:10F93000EE241A12F9E1780C121256EE241E12F976
:10F94000E1E51712FD42A3A3A3A3A3A312FD5FEE5B
:10F95000241212FD4A741A1212E512FD63EE2410ED
:10F9600012FD4AEE241F12F9E1E4F0E5082410F537
:10F9700082E50912F9E4E0F812F9DEE8F0A3E4F018
:10F98000E86041EE2422F8EF3400F9E8FAE9FBEEF2
:10F9900024240808EF3400F98A828B8312FD5185F4
:10F9A0001008851109750A00780812101912F9DE7D
:10F9B00012FD758A828B8312FDD2121C6A740312A7
:10F9C0001030800AEE242212F9E1E4F0A3F0EEFAFE
:10F9D000EFFB85128285138312FA0202F7F0EE2400
:10F9E00020F582EF3400F58322F0850A82850B83AF
:10F9F000A322A3A3A3A3E0F8A3E0F98E828F83A39D
:10FA0000A322A3E0F8A3E0F5838882E0F9121C9416
:10FA10002274EA120A6374E21210AEEAFEEBFF8C63
:10FA2000088D09890A74341212E512FD57743612D2
:10FA300012E5E0F50EA3E0F50F74381212E5E0F5DB
:10FA400014A3E0F515743A1212E5E0F50CA3E0F505
:10FA50000D743C1212E5E0F50BEC450970057902D6
:10FA600002FD38E9A2E3503B8E828F83A3A3A3A3B8
:10FA7000A3A3A3A3E0640270E51216B88A128B1345
:10FA8000A812A9138E828F83E0687003A3E06960D7
:10FA9000127C03790112FDCE121538E9600579CD8B
:10FAA00002FD388E828F83A3A3A3A3A3A3A3A3E005
:10FAB000640260118E828F83A3A3A3A3A3A3A3A335
:10FAC000E0640F702212FDCE12173CE98E828F8304
:10FAD000A3A3A3A3A3A3A3A36005740FF0803CE09A
:10FAE000640F703702FA5E8E828F83A3A3A3A3A351
:10FAF000A3A3A3E0640360238E828F83A3A3A3A3A5
:10FB0000A3A3A3A3E0640160128E828F83A3A3A3A7
:10FB1000A3A3A3A3A3E0600302FA5EEE2408F8EF18
:10FB200012FF09C0E0740A1212E5D0E012FF127051
:10FB300012EEFCEFFD74021212E5AA82AB831224CE
:10FB40001A800F8E828F8312FD6374021212E512E7
:10FB5000FD5174111212E5E4F0A3F09004A512FD1A
:10FB60006D604B88828983A3A312FDD2E5086A7079
:10FB700003E5096B8882898370E412FD5FE8FCE984
:10FB8000FDEC4D6029850882850983E0FA79028CB5
:10FB9000828D83122665EA4B60368A828B8312FD42
:10FBA0006374111212E512FD51121D128022850894
:10FBB0008285098312FD6A6017850882850983A3FF
:10FBC000A3A312FDAF12FD6274111212E512FD51D2
:10FBD00074171212E5E4F0A3F0E50AA2E4501A74D7
:10FBE0000A1212E5E0640F6010E06401600B741704
:10FBF0001212E57404F0A3E4F0E50AA2E7500974D8
:10FC0000171212E5E04410F0E50AA2E6501274174C
:10FC10001212E5E04401F074011212E5740180064D
:10FC200074011212E5E4F0E50AA2E2500974171219
:10FC300012E5E04440F0851882851983E4F0850CD4
:10FC400082850D83E0C0E074191212E5D0E012FD48
:10FC500042E0C0E0740B1212E5D0E0F08E828F8398
:10FC6000A3A3A3A3A3A3A3A3A3E0C0E0740C1212B5
:10FC7000E5D0E0F0740F1212E5E510F0A3E511F005
:10FC800074131212E5E50EF0A3E50FF074151212CD
:10FC9000E5E514F0A3E515F090107EE0C0E0741ADD
:10FCA0001212E5D0E0F0741B1212E5E50BF0851896
:10FCB00082851983AA82AB83121BB6E9C3950EE431
:10FCC000950F502090031812FD6D601474021212EB
:10FCD000E5AA82AB8390031912FDB012266580104D
:10FCE0007E02800E74021212E5AA82AB83122600F5
:10FCF000E9FE740A1212E5E06402702E1216B88A48
:10FD00000E8B0FA80EA90F74021212E5E0687003A3
:10FD1000A3E0697015EEFB850C82850D83E0FA8502
:10FD20000882850983E0F9121B8CEE7009850C822C
:10FD3000850D83E004F0EEF9741E1210307F0E0280
:10FD40000D18F085088285098322F582EF3400F5CD
:10FD500083E8F0A3E9F022E0F510A3E0F51122A377
:10FD6000A3A3A3E0F8A3E0F922A3A3A3A3E0F8A32D
:10FD7000E0F9E84922E0FCA3E0FD22C082C08390C4
:10FD800004A580048A828B8312FD9F600B8A828B7C
:10FD90008312FDABE06970ECD083D082020FE2E009
:10FDA000FAA3E0FBEA4B228C828D83A3A3E0F8A3A5
:10FDB000E0F58388822274F6120A6312FE636007FC
:10FDC000A3A312FDD280047A007B0002FE5E8E8225
:10FDD0008F83E0FAA3E0FB2274F4120A63EAFEEBDD
:10FDE000FF8908121BA48A0A8B0BAC0AAD0B7900A1
:10FDF000EC4D603C8C828D83A3A3A3A312FD9F6076
:10FE00001CAA08098C828D83A3A312FDAB12266560
:10FE10008E828F83EAF0A3EBF07901801B12FDA79D
:10FE2000A3A3A312FDD28E828F83EAF0A3EB8007F7
:10FE30008E828F83E4F0A3F002FF6274F7120A63EC
:10FE40008A828B83E0640170047E0880027E00A3B6
:10FE5000AA82AB831225FAE9C39EF902F5C47F0298
:10FE6000020D18121BA48A828B83E582458322C06F
:10FE700082C0839004A512FD638882898379008003
:10FE8000080912FDD28A828B83E582458370F202D3
:10FE9000FD98C082C0839004A5801A12FDA7E0F8E7
:10FEA000E96003E8600BE88A828B83F0A3AA82AB47
:10FEB000838C828D8312FD75EC4D70DF02FD98748A
:10FEC000F7120A63EAFEEBFFEC2408F8ED12FF09D3
:10FED0008E828F83A3A3A3A3A3A3A3A312FF127055
:10FEE0000512241A800E8C828D8312FD638E828F00
:10FEF0008312FD518E828F83A3A3A3A3A3A3A3A3E5
:10FF0000A3A3E4F0A3F002F5C43400F98882898346
:10FF1000E022F088828983E064032274F4120A6389
:10FF2000EAFEEBFF121BA48A088B09A808A909E8BE
:10FF300049700D8E828F837432F0A37401F0802299
:10FF4000E82406F508E93400F509750A0078081276
:10FF500010197C027D00EEFAEFFB121C6A7403128A
:10FF600010307F04020D18C082C083E9900644F06F
:10FF7000D083D082020FE2C082C08312206612209A
:10FF80007E1218861220CC1220F61221381220AED2
:10FF900080DE74F6120A63EAFEEBFF54806019807B
:10FFA00003121C8E900644E0F9121C9AEA4B70F181
:10FFB000EEFAEF6480FB8036EE5402600A122108EC
:10FFC000EE6402FAEF80EEEEA2E0501E1220C09026
:10FFD0000649E070107C647D007A017B0090064445
:10FFE000E0F9121DC0EE640180D97A007B007F0227
:0DFFF000020D18C082C08312214402FF7070
:020000040002F8
:108000008882898312839A22129FD5F9EA229004EA
:1080100009129FD5FB1218F222E0F508E4F509F5E4
:108020000AF50B227401F0900AA3E0640F22740990
:108030001210307F04020D18EE2412FAEF3400FB08
:10804000121A96E9221210307F06020D18790512D5
:108050001AA2740422A3A3E024F5C39412221221CD
:10806000928A0C8B0D8C0E8D0F22121B7A900AC3F4
:1080700012A8717A147B0022C082C0839004091276
:108080009D756009900409129FD0121D129004067C
:1080900012953D7408F0A3E4F0A3F0900475F090FD
:1080A000040BF07C0BFDF97A0C7B04121C767C0B24
:1080B0007D0079007A177B04121C760294AA74F171
:1080C000120A6374F71210AEEAFEEBFF128CCB7447
:1080D000051297497403F0EE24020A0AEF340012E5
:1080E000817F2421FCEF3400FD8C828D83E0888227
:1080F000898312818A600BEE241F128CCE74FFF0EC
:10810000A3F0EE241FEF34001C1CFD8C828D83A392
:10811000E0C0E0129407D0E012818A88828983123D
:108120009ACF7403F0EE2417F508EF12B157AC089C
:10813000FD851882851983AA82AB8312241A7408DC
:108140001212E57403F0EE242212B1291210197CE8
:108150000B7D00AA08AB0912AD33121030900AB89B
:10816000120E1874021212E5AC82AD8312A512121F
:108170001030E97007EEFAEFFB12198802B19FFB8D
:10818000128196E8F0A3E9F0EE22F0128196E8F071
:10819000A312B50DE0221282638A828B832274F0CF
:1081A000120A63EAFEEBFF8C088D09890A7410122B
:1081B00012E512B15C74121212E512B58BEE2402B4
:1081C0000A0AEF3400FB128263850F0DE50D8882E9
:1081D000898312828DE50E12828DE50A12827F90CC
:1081E0000ABD12827A900ABC12827AED12827BEC6E
:1081F00088828983F0E8FC8A828B83E0C39C8E822C
:108200008F83A3A3A3A312A96012A09A85088285D5
:108210000983A3A3A3A3A3A3A3A3E06403700512EC
:1082200082718004128CCBE41297497409F0750CAA
:108230000C750D04750E00780C121019129E9F1209
:108240001030750CFF750DFF780C12101DAC08ADC9
:108250000912A512121030E97007EEFAEFFB12199D
:108260008880388A828B83E024FFF8A3E034FFF90A
:1082700022EE240E12AAC7740122E088828983129A
:10828000828322F0E824FF18E934FFF92212828366
:1082900088828983221287D31210307F08020D183A
:1082A00074F0120A63EAFEEBFF890B8C0E8D0F75DA
:1082B0000A00A2AFE433F50CC2AF9004228035125D
:1082C000837E502D12838B6403702612A3E88508E9
:1082D00082850983A3A3E02405FCA3E03400FDEE1E
:1082E000FAEFFB12241A12A3F17410250AF50A15ED
:1082F0000B12936012B05AE50B6006E50845097051
:10830000BEE50CA2E092AFA2AFE433F50CC2AF9091
:10831000042280222402F8E50912B1ABFAE9FB8AB3
:10832000828B8312AAB812A42212940712A42205E7
:108330000A150B129360129371602512838B6402ED
:1083400070F112837EE50840CB12918BE509128310
:108350007850E0850E82850F837401F0E50B70D3B1
:10836000E50CA2E092AF8E828F83E50AF0EE24FF47
:10837000FAEF34FFFB02829B12875CA2E522E5083C
:1083800012A40AE50912875CA2E622850882850903
:1083900083A3A312940F12839A22A3E01313543FD2
:1083A00054032274ED120A6374F61210AE89128A15
:1083B000108B0F851882851983E4F0900428E0C3A0
:1083C000940840057511078003E0F511E51133337A
:1083D0003354F8900AA2F8E0282433F50A129DE7F6
:1083E0007003028517EA250AF8EB3400F9EA240243
:1083F000F50AEB3400F50B850A82F58312A09A90FA
:108400000AA2E0FCFAC3E49AFA95E0FBE82AFEE946
:108410003BFF900AA012A40F750E00780C121019E1
:108420007D00EEFAEFFB12AD331210308518828515
:108430001983AC82AD83A911EE24FFFAEF34FFFB60
:1084400012189E8A0C8B0DAE0CAF0D8E828F83E4BA
:1084500012A42CE50FC454F0F9900476E0C4333331
:1084600054C0F8900A9CE0A2E0E433131348494456
:108470000F12A428E510C454F045128E828F83F0A9
:10848000EEF8850A82850B83E0C39885088285090A
:1084900083A3A3A3A3F0850A82850B83EEF0A3EF49
:1084A000F0E508240E128525E508240D12852574B3
:1084B000091212E5E4F0750C17750D04780C121012
:1084C000197C0B7D00E5082417FAE509129EA81215
:1084D0001030851882851983E0600EE508240EF5BA
:1084E00082E509128B7ED2E3F0E4F50AF50B780AF7
:1084F00012101D74031212E5AE82AF83121A84EEBD
:10850000FCEFFDAA08AB0912A518121030E9AA0861
:10851000AB096007121C8E7A007B00740A121030BF
:108520007F0B020D18F582E50912AACAE4F0227445
:10853000F3120A638A0A8B0BA2AFE433F50CC2AFC5
:108540007508007509009004228026128762501E6B
:10855000850A82850B83A3A312B58B129FCA121AB8
:108560008AE9600A128752C2E6F08E088F091287E4
:10857000421289A070D5E5084509600612863FD2EF
:10858000E6F0E50CA2E092AF7F05020D1874F01240
:108590000A63EAFEEBFF8C0C8D0D750E00A2AFE4B2
:1085A00033F50FC2AF7508007509009004228024CE
:1085B000850A08850B0912863FD2E4F0E50812917E
:1085C0008BE509128B7ED2E7F0E50A24FBF582E504
:1085D0000B12B18D12B111E50A450B604BE50A1281
:1085E000A40AE50B128B7EA2E750DE850A82850B7A
:1085F00083A3A3120E18AC0CAD0DEEFAEFFB121A0A
:10860000907402121030E960C0E508450960A1E5E8
:1086100008240DF582E50912899A700C8508828577
:10862000098312A9EED2E4F0E50FA2E092AFE508CB
:1086300045096006121982750E01A90E02829BE59A
:108640000812A40AE50912875C2274F2120A637404
:10865000FE1210AE750C00750D0085188285198309
:10866000E4F0A3F0A2AF33F50AC2AF90042212B136
:1086700019802FEE24FBF582EF34FF12973712108A
:108680001D128734121030EEFCEFFD85188285191B
:1086900083AA82AB83121CA6AE08AF09900428E01F
:1086A00014F0EE4F60251287625017EE240B1287EC
:1086B0004C24FFF0A3E034FFF088828983129D757B
:1086C00060B18E0C8F0D12874280A3E50AA2E09262
:1086D000AF900428E0602C900AA3E0640F6006903D
:1086E0000475E0701E7A007B04121B7A9080B6122B
:1086F0000E147A007B041287D3121030800574F0B8
:1087000012941C851882851983AA82AB83121CAC33
:108710008A088B09AE08AF09EE4F60131218AA122F
:108720008752A2E28E828F83A350D374E980D174E2
:1087300002028045EEFCEFFD7A227B04121CB87425
:108740000222EE24FBF582EF12B18D22F8EF12B176
:108750004A2212875622EE2410F582EF3400F58368
:10876000E022128756A2E72274F7120A63EAFEEBB0
:10877000FF1218AA90106812940B122665E9640182
:10878000900ABF700AE02401F8A3E034008004E0FE
:10879000F8A3E0F9EE240B128CCE12A09A900428D4
:1087A000E0701F900AA3E0640F70177A007B041238
:1087B0001B7A9080B6120E147A007B041287D312B3
:1087C0001030E5A8F8C2AF900428E004F0E8A2E772
:1087D00002A05C121B6E74042274F7120A63EAFE94
:1087E000EBFF12880FF01218AAEEFCEFFD7A227B45
:1087F00004121CB2E5A8F8C2AF900428129043906E
:108800000AA3E0640F70057908121A3C0299051258
:108810008756C2E42274F7120A6374EA1210AEEAB1
:10882000FEEBFF900A9CE060358518828519837401
:1088300001F01212E5E41288A51212E5AA82AB83B8
:1088400012241A8E828F8312A9EEC0E0740A1212CB
:10885000E5D0E012A74D740B1212E5129A98741627
:10886000028D60C082C0831218920294AA74F7121B
:108870000A6374EB1210AEEAFEEBFF8518828519CD
:108880008374061288A51212E5AA82AB8312241AF9
:10889000EE2407FCEF3400FD740A1212E5129A98D8
:1088A0007415028D60F0EE2412FCEF3400FD7402AA
:1088B0002274F7120A6374F71210AEEAFEEBFFEEB1
:1088C0002421128B7B604112A51E85188285198395
:1088D000AA82AB8312241A74081212E57403F09072
:1088E0000AB8120E18EE241F128CCE120E18900A1F
:1088F000CBE0F974041212E5AC82AD83EEFAEFFB23
:1089000012189874041210307409028D6074F212F7
:108910000A638A088B09750A00750B00750CE7A2BB
:10892000AFE433F50DC2AF90042280078E0A8F0B9F
:108930001287421289A0602B12876250EF1289942D
:1089400070EAEE242E12898C8A828B83A3A3E068BE
:1089500070DA780A12101D12873412103090042831
:10896000E014F0E50DA2E092AFEE4F6013EEFAEFE7
:10897000FB1218AA79F0EEFAEFFB121A42750C00FE
:10898000A90CAA08AB09121A42028048F582EF121C
:10899000875CF822EE240DF582EF12875C640122D9
:1089A000E0FEA3E0FFEE4F2274F4120A6374F712A4
:1089B00010AEEAFEEBFF1218ECE9F508704AEE245F
:1089C0000E128B7B60427A007909121934EA4B60EF
:1089D0003774081212E5128A18120E187508FF75FE
:1089E00009FF780812101D8E828F83A3A3A3A3A36F
:1089F000A3A3A3E0F974041212E5AC82AD831218AC
:108A0000987404121030800D8E828F83A3E50812B3
:108A10008BDD1218F802802E740212B17874FFF008
:108A2000A312AD4C2274F1120A63EAFEEBFF750843
:108A3000008E828F83A3A3A3A3A3A3128055400318
:108A40007508E88E828F83A3A3A3A3A3A3A3A3A3E4
:108A5000A3E0C3941040057508E880138E828F83CD
:108A6000A3A3A3A3A3A3A3A3A3A3E0640F600B905A
:108A70000452E0540870037508E8EE240B12898C48
:108A80008E828F83A3A3A3A3A3A3A3A3A3A3E0C3C3
:108A900098500DEE240B128B7B640F60037508E871
:108AA000900ABCE0F47003A3E0F470037508EC7A5C
:108AB000237B00121D0C90040912B1B59004091219
:108AC0009D7560288E828F83A3A3A982AA83890CB7
:108AD0008A0D750E00780C1210197C237D0090040D
:108AE00009129FD012AD33121030800375081AA9F5
:108AF0000802B1A474F5120A63EAFEEBFF8E828FBE
:108B000083A3A3A3A3A3A3A3A3E0900AA312AD529C
:108B1000900ABEF0EE240B128B7B900A9E12AD4899
:108B2000A3A3A3A3E0900476F0F91222A090047608
:108B3000E0600CEE2404129723EE2406128B829040
:108B40000475128024600474018001E490040BF029
:108B5000EE240D12AD3C1210197C0B7D007A0C7BBB
:108B60000412AD33121030EE24181299501210195D
:108B70007C0B7D007A177B0402959CF582EF1287AF
:108B80005C22FAEF3400FB79E11222882274F7129A
:108B90000A63EAFEEBFF8E828F83A3E070031280EC
:108BA0000E8E828F83742C12A8EC02990574F71232
:108BB0000A63EAFEEBFF900409129D7560109004B1
:108BC00009129FD0900409E4F0A3F0121D128E82C6
:108BD0008F837408128BDD122480029905F0EEFA5F
:108BE000EFFB2274F6120A63900475E060109004A3
:108BF0000BE0700A128C01EA4B600312198802AA7A
:108C000015900A9EE0FB900ABEE0FA900AA3E0F9F4
:108C10001218A42274F5120A6374EF1210AEEAFE61
:108C2000EBFF8E828F83A3A3A3A3A3A3E0A2E240C2
:108C300003028CC6EE242AF582EF340012B589EEC9
:108C40002412FAEF3400FB1218B0E970799080A575
:108C5000E064017031EE241A129731702985188270
:108C60008519837410F0EE241212B10674021212E8
:108C7000E5128183242A12B10674041212E5E8F089
:108C8000A312B0F5804012AD391210197C0B7D0093
:108C900074091212E512AD2F121030121A84E9FA7B
:108CA00074061212E5858208858309780812101D62
:108CB000EE242A128CCE120E187B3012A6F1790106
:108CC00012804F121030741102959FEE240EF5821F
:108CD000EF12AACA22C082C083900476E060031219
:108CE0001AF60294AAC082C08390046D743EF0A369
:108CF000742AF0A374B9F0A37429F0A37430F0A31C
:108D0000742AF090107474BBF0A37427F090045789
:108D1000748CF0A37418F090105E74BCF0A37418F7
:108D2000F090106074C2F0A37418F0900452E04404
:108D3000028002F0A3F00294AAC082C083128D4583
:108D40007903029B34EAFCEBFDEA2413F582EB1273
:108D5000875CFA22C082C083128D457905029B345C
:108D6000121030029905C082C083790802AB94C00A
:108D700082C08374FE1210AE80077A227B04128DAB
:108D8000AD900422129D7570F1900424129D7560BF
:108D9000097A247B04128DAD80EF900422E4F0A3C5
:108DA000F0900428F0A3F0A3F074028016121CAC1B
:108DB000851882851983EAF0A3EB12B06A121A783B
:108DC0002274111210300294AA74F6120A63E9FF99
:108DD0008F0874E7129E947429129E99FE8E08FAE9
:108DE0007B00121C88EA4B6017EA2508F8EB340078
:108DF000F98A828B8312A95AA3A3A3A3E4F0802249
:108E00007A027B00121C88EA4B60138F0874F212FE
:108E10009E947429129190F0A3741A1291A57A006D
:108E20007B0002AA15E9FDEAFC74062DFAECA2E02B
:108E3000501EEA75F00A84A8F0E86014740A2AC388
:108E400098FAE8C394054004740A2AFA740B2AFAC3
:108E5000EDC394134004781480027806E82A2409AC
:108E6000F8E43400F97A0A7B0012080BE8F9020FE3
:108E7000E2C082C083900452E05402600A12248649
:108E8000E960047901800279000294AAC082C0835B
:108E9000900452E054026014900428E0700A129D7D
:108EA000726009128EB15004790180027900029437
:108EB000AA90042BE02410129380A2E722C082C063
:108EC000839080A3E0F890042AE0C3985005121C18
:108ED0008880047A007B000294AAC082C083121AA0
:108EE0007879000294AAC082C08374FE1210AE8505
:108EF000188285198312904C600D14606524FE70F1
:108F000003028F86029010900AA3E0640F6018128B
:108F10001A4EE97012851882851983129FD090101D
:108F20006212940B122665900ACBE0C0E08518828D
:108F3000851983129AADD0E0129032F81290207405
:108F400014129032FCA3E0FD7A247B04121CA6E5E7
:108F5000A8F8C2AF90042A1290437920121A3C025A
:108F60008DA9121A48E98518828519836011129417
:108F70000B740D129032FAA3E0FB12248080E012F1
:108F8000940B741580BB12938670030290108518A1
:108F90008285198312A9EBC0E0129025D0E01290CF
:108FA000322402F81292772401FAA3E03400FB88FD
:108FB00082898312904C14C394095020129386FA2C
:108FC000851882851983A312B2AFA3A3A3E0F87416
:108FD0002628F582742A129E996A600F129025E065
:108FE0006408702C12938664087025851882851990
:108FF00083E0F812938C14129050240AC0E0851874
:1090000082851983129020D0E012905004028F4183
:10901000851882851983AA82AB83121A78028F5F22
:10902000A31294162285188285198312B2BCA3A3B9
:10903000A3221290362212B178E022E5A8F8C2AF3E
:10904000900429E004F0E8A2E792AF22EAF0A3EB53
:10905000129036F8129391A3E022C082C08390044C
:109060002D129D75600812902112266580027900EC
:109070000294AA74F7120A63EAFEEBFFEE240D12C3
:109080008274F0EE242F128B7BC0E0128CCBD0E0E8
:10909000F0EE2430128B7BC0E0EE2412128CCED086
:1090A000E012A721C0E0EE2413128CCED0E0F0EE47
:1090B000242B128CCE120E18EE2422FCEF3400FD6D
:1090C000EE242D128B7BF912A518121030E97007CF
:1090D000EEFAEFFB121988029905C082C083121ABA
:1090E0004EE960047920800279010294AAC082C00E
:1090F00083EA12A401E0D2E0028D35C082C083125F
:10910000A3FA12899A701112919A400C8A828B8369
:10911000A3E0F9121A428069129184128B7EA2E6B2
:1091200050128A828B83A3E0F990106412940B1280
:109130002665804D12A3FA12899A700D12919A50E9
:10914000088A828B83743080358A828B83A3E064A3
:109150001B8A828B83700474228023A3E0700F1219
:10916000A3FA12898F74D128F5827429800D12A375
:10917000FA12898F74F228F5827429129190129153
:10918000A50294AAEA12918BEB22EE240FF582221B
:1091900012AACAE4938A828B8322EA12918BEB1281
:1091A000875CA2E322F090044DE0F9121C94227433
:1091B000F7120A63E9FE129D72602EEE702E900483
:1091C0002B12AAB8E4F090042B129FD012197690BB
:1091D000042BE0240E128EB7500312AB7D90042BAB
:1091E000E4F0A3F07910121A3C029905741B6E701A
:1091F0001012927B640570C690042B12AAB8EE8000
:10920000C474E96E705090042BE02411F812927728
:1092100060E690042BE0240E181818129277A2E250
:1092200090042BE0400C241112927414F01223C00D
:1092300080B7240F129276C2E7F012927B6403701B
:109240000C90042BE02410129274D2E2F01292855A
:109250001226650291CF741C6E709D90042B129F94
:10926000D090106A12940B12266590042BE4F0A3A0
:10927000F00291E90808081293812290042BE0245F
:109280000D1293802290042B129FD5FB9010601238
:10929000940F2274F4120A63750A00750B00A2AFD2
:1092A000E433FEC2AF129D726008EEA2E092AF02FC
:1092B000935890106812940B122665E94410F890A8
:1092C0000422800985080A85090B129360129371A4
:1092D00060D812863F586870EB780A12101DAC08EF
:1092E000AD0912873812103090042BE508F0A3E581
:1092F00009F0128EB14064900429E014F0EEA2E06F
:1093000092AF90042BE0240E181812B1A9FEE9FFC9
:109310008E828F83E0FA90042BE0F812938CF9127E
:10932000193AE9900426F0A3E412A877E0A2E750E6
:109330001890042BE0241212936C1222C490042B78
:10934000E0241312936C1222B890042B129379A28A
:10935000E1B3E433F91223A8028033900428809A01
:10936000E50824FBF582E50912B18D22129380F9FC
:109370002212B05EE508450922E0240F12938022F4
:10938000F812B169E022851882851983129391E061
:1093900022129415A3A3A3A32274F7120A63EAFE70
:1093A000EBFF121A7212918AEF12919F400A1289F2
:1093B0009470059080A180039080A2E0F9EEFCEF0C
:1093C000FD7A227B04121CBEE9602FEEFAEFFB90BF
:1093D000106612940B122665EE240EF582EF12949D
:1093E00094400812903B1219828019EEFAEFFB901C
:1093F000105E12940B122665800A8E828F83A374EE
:10940000F112941C0299058A828B8312940F221206
:10941000941322E0F8A3E0F583888222128BDD12F8
:10942000197622C082C0831219820294AAC082C017
:10943000837900900452E05402700712948E500217
:1094400079E8900452E05460700FEA242FF582EB23
:10945000128B7EA2E1500279E88A828B83A3A3A3B8
:10946000A3E0C39475400279E8EA242DF582EB125B
:109470008B7E7012EA242AF582EB128B7E700779BC
:10948000F5121A428024E970F812196480F6EA2471
:109490002FF582EB12875CA2E222C082C0838A820F
:1094A0008B83740DF01224808000D083D082020F51
:1094B000E2C082C0838A828B83E4F0A3F012948E90
:1094C0009080A1E0F8400F900429E0C398400F7904
:1094D000F1121A4280D4900428E0C39850F1129DF2
:1094E000F580F174F6120A63E9FE244AFAE43400C6
:1094F000FB121C88EA4B601DEE8A828B83A3A3A318
:10950000A3F0EA244AF8EB3400F98A828B83A3A300
:1095100012A09A80047A007B0002AA15C082C08340
:10952000900449E4F090044CF090043512953D7499
:1095300002F090043E12953D7401028D35743CF0AA
:10954000A3741AF0A32274F5120A6374F11210AE18
:109550008518828519837402F074011212E5E9F00E
:1095600060047AFF7BFF74021212E512B1B5750830
:1095700041750904750A0078081210197C0B7D00EA
:1095800074071212E512AD2F12103085188285195A
:1095900083AA82AB83122480740F800312AD33122E
:1095A00010307F03020D1874F7120A6374FE121054
:1095B000AE851882851983740AF074011212E512BF
:1095C000B0F57402028D6074F0120A6312AEB1122B
:1095D00012837808790C1208FB78081210157A3873
:1095E0007B0402829574F4120A6374CB1210AE905D
:1095F0000AA3E0640F600D851882851983742E120A
:109600009FEA80227A2F7B0412806A12081388084E
:109610008909E4F50AF50B78081210157A2F7B04F6
:109620001287D3121030743502803074F1120A633D
:1096300074F71210AEEAFEEBFF780012972E600767
:10964000E06403600278E8EE2417128CCE12805793
:109650005022E87021EE2417128B82EE24221297FA
:109660002312972E7022EE241912B106900AB2121C
:10967000A09A802678E8E88E828F83A312A8777458
:1096800017F0121A5402B19F900AB274FEF0A304AC
:1096900012973F7AA97B0A12241AEE2425F508EFC7
:1096A000340085080CF50D750E00780C1210197C2D
:1096B0000B7D007A417B0412AD331210301282719F
:1096C000129749740212973F851882851983AA82DE
:1096D000AB8312240EEE2422F582EF34001297376A
:1096E000121019129E9F121030EE2402F8EF12B1E0
:1096F000ABFAE912817F242412A527780812101DE5
:1097000074021212E5AC82AD8379831A1A12A5167F
:10971000121030E96003029685EEFAEFFB12198809
:10972000029685FAEF3400FB795012228822EE244B
:1097300021128759640222F58312B05E780C22F060
:10974000EE2419FCEF3400FD22F0EE240D12AAC71E
:109750002274F6120A6374F71210AE90044CE07093
:10976000387401F0F9122372851882851983AA8250
:10977000AB83121A7E750841750904780812101D12
:10978000900AB8120E187B0174041212E5AC82AD77
:10979000837A0312804D121030740902AA1274F7F2
:1097A000120A6312997C7004A374EBF090044CE0ED
:1097B000A2E25003C2E2F0E0A2E1500512998D80CE
:1097C000098E828F83742A12A8EC02990574F41210
:1097D0000A6374FE1210AE12988CEE2402F8EF3475
:1097E00000F9129AB9851882851983129AD3E0F587
:1097F0000B7012851882851983AA82AB8379531264
:10980000228812B04C12AD391210197C0B7D007AEF
:10981000417B0412AD3312103085188285198312F2
:109820009FD0A90B1219B290044CE0A2E1500A8E0D
:10983000828F83A3E0F91219B890044CE4F074020B
:1098400002803074F7120A63EAFEEBFF8E828F8388
:10985000A374EBF090044CE0A2E1500579EB1219EF
:10986000B8EEFAEFFB1219E802990574F7120A63D1
:1098700012988C900449E4F090044CF07AFF7BFF3E
:109880008E828F83A3E0F91219B28079EAFEEBFF92
:1098900079011223787A2F7B04121B7A7A387B04A1
:1098A000121B7A2274F7120A63EAFEEBFF1219E226
:1098B000804C74F7120A631299E5A3A3A3E0600336
:1098C000E4800274EB1298F15003C2E2F0E0A2E1EE
:1098D000500512998D8011A2E0500D8E828F8374F5
:1098E0002AF0A374EB12A8ECEEFAEFFB12199A809F
:1098F000148E828F83A3F090044CE0A2E222EEFA51
:10990000EFFB121AEA7F01020D1874F6120A63EADD
:10991000FEEBFF90044CE0D2E1F07901122372EEED
:10992000240D12995012101DEE240B128CCE120E23
:1099300018EE2402EF3400FF0E0E7401C0E0121A7C
:1099400084E9FAD0E0FBEEFCEFFD12804D02AA1292
:10995000F508EF12B15778082274F7120A631299CA
:109960007C7004A374EBF090044CE0A2E25003C2BC
:10997000E2F0E0A2E1500312998D8089EAFEEBFF4C
:1099800079011223788E828F83E0642022C2E11253
:10999000A731E0F91219B82274F7120A63EAFEEB54
:1099A000FF79011223787A2F7B0412B33CE0600325
:1099B000E4800274EB1298F15003C2E2F0E0A2E1FD
:1099C000500312998D0298E874F7120A631299E510
:1099D00074EB1298F65003C2E2F0E0A2E1500312D9
:1099E000998D029905EAFEEBFF79011223788E82A8
:1099F0008F83A32274F7120A63129A0A0298FE74E4
:109A0000F7120A63129A0A029905EAFEEBFF7A2F0F
:109A10007B04121B7AEEFAEFFB121A0C2274F71277
:109A20000A6374EF1210AEEAFEEBFF12A6F17AA9F8
:109A30007B0A122408E9605B851882851983740902
:109A4000F074011212E574EF12B180129AB9F87431
:109A5000021212E5E8129AD3A3A3E0C0E074041244
:109A600012E5D0E0129ACFE0640870168E828F83E0
:109A7000A3A3129AADA3E0C0E074051212E5D0E0F2
:109A8000800674051212E5E412A74D74061212E561
:109A9000129A987411028D60AA82AB83121AB4854F
:109AA0001882851983AA82AB8312248022129AB16C
:109AB0002212B2C0A3A3A3A322E8FAE9FB8A828BF5
:109AC0008312A87188828983E0FCA3E0F9EC22125A
:109AD000A74222F0A3E9F08A828B8312B2BC22C093
:109AE00082C083121AF60294AAC082C083900469CD
:109AF000747EF0A37429F0A3741DF0A3742AF0906F
:109B0000106E747FF0A37428F0A374F7F0A374268A
:109B1000F090045574ACF0A37419F0900452E04432
:109B200001028D35C082C083EAFCEBFDEA241612E7
:109B30008D4C7902121A600294AA74F6120A6374A8
:109B4000FE1210AE90044E129D7560077A4E7B0493
:109B5000121A78900454E4F09004FD129D75602C64
:109B6000800D851882851983AA82AB83121A78909A
:109B7000044DE0F9121C9A8A088B09A808A90985E6
:109B8000188285198312A09AE84970D602AA107427
:109B9000F6120A63E9FA7B0090044DE0F9121CC446
:109BA00002AA1574F7120A6374F01210AEEAFEEB03
:109BB000FF89088E828F83E0F874DC28F58274298F
:109BC000129E99C0E074011212E5D0E0F0640B70AF
:109BD0000D8E828F83A3E9F0121AD8029CACE0703C
:109BE00003029CAC640C6003029C98741A650870B4
:109BF0000B74041212E5E4F0A3029C977404121291
:109C0000E5EEF0A3EF12A719C0E074031212E5D03D
:109C1000E0129ACFA31212BA74061212E51212AE13
:109C20008E828F83A3A3A3A3A3A3A3A3A312B10D87
:109C3000740A1212E5128183240E128B7BA2E45067
:109C400009851882851983E48012EE241112898C0B
:109C5000900AC5E0C398851882851983F0E0C0E0BA
:109C6000740C1212E5D0E0F0EE2414128B7BC0E0ED
:109C7000740D1212E5D0E0F0EE2415128B7BC0E0DB
:109C8000740E1212E5D0E0F0EE2416128B7BC0E0C9
:109C9000740F1212E5D0E0F074021212E5E508F03C
:109CA00074011212E5AA82AB831224807410028D13
:109CB00060C082C083900454E0700479018002790E
:109CC000000294AAC082C083900454E0640370042C
:109CD0007901800279000294AA74F6120A63900452
:109CE00054E0C333F8E433F9746C28F58274103906
:109CF000F58312A1DFC2E7F0C333FCE82CF582E95B
:109D0000128CD1A3E493FEC333FCE433FD746C2CBA
:109D1000F58274103D12B589EC4D6005EE90045447
:109D2000F08A828B83E0C333FCE433FDE82CF582B8
:109D3000E93DF583E493F508131313541F54FEF81B
:109D4000746328F5827404128CD1129D757005120B
:109D50001AC6801BE508540FC333FCE82CF582E9D2
:109D6000129E99C0E0740193F583D0821226650299
:109D7000AA1590042B12A871E8492274F0120A6304
:109D800074FE1210AE890FEAFEEBFF890874081208
:109D90009E94742A129E99129DE7603B8A828B835F
:109DA000E50FF0A3E4F08E0C8F0DF50E780C121079
:109DB00019850F0A74FD250AF5827429129E99FCF3
:109DC0007D00EA24020A0AEB129EA8121030AA08AB
:109DD000AB09129DF5800B851882851983E50F125A
:109DE0009EB17402028298FA7B00121C888A088B4A
:109DF00009EA45092290044DE0F9121C942274EE00
:109E0000120A6374FE1210AE890C8C088D09890E3B
:109E10007408250EF582742A129E99F50EEA6006E2
:109E20007405250EF50E850E10AA107B00121C88F5
:109E30008A108B11AE10AF11EE4F60418E828F836E
:109E4000E50CF0A3E4F0EE250EF8EF3400F98E8275
:109E50008F8312A738E4F0F50A7808121019850CE0
:109E60000874FD129E947429129E99FC129EA112F0
:109E70001030EEFAEFFB129DF57900800D85188207
:109E8000851983E50C129EB1791A74021210307F85
:109E90000A020D182508F5822212AACAE493227C30
:109EA0000B7D00EE2417FAEF3400FB121C6A7403DA
:109EB00022F0791AAA82AB83121A4222C082C0838E
:109EC000E990044D028D3574F6120A6374FE121087
:109ED000AEEAFEEBFFEE54207031803AE5A8F8C2FE
:109EE000AF90042AE0141290458A828B8312B192BB
:109EF00090045012B1B5121A54851882851983E066
:109F0000641560077A507B04121A787A247B041255
:109F10001CACEA4B70C6EF5480700880129004505D
:109F2000129FDA90044DE0F9121C9AEA4B70EEEEA3
:109F30005410600B851882851983742D129FEAEEE8
:109F4000A2E0500B8518828519837424129FEAEED3
:109F50005402600B8518828519837425129FEAEEDE
:109F60005404600B8518828519837426129FEAEECB
:109F70005408600B8518828519837428129FEAEEB5
:109F80005440600D74011212E512B173742C129FCB
:109F9000EAEE5480600D74011212E512B173742F51
:109FA000129FEA90044E129D756018E5A8F8C2AFA2
:109FB00090044E129FD090044EE4F0A3129045A35B
:109FC000129FDA7A007B0002AA108E828F83A3A3ED
:109FD000129FD5FB22E0FAA3E022EAF0A3EBF012F5
:109FE0001A547A507B04121A7822F0AA82AB831298
:109FF0001A5422C082C08390045012B10DEA6870D6
:10A0000002EB697007900450E4F0A3F00294AA7484
:10A01000F7120A63EAFEEBFFEE4F7003122072A202
:10A02000AFE433F508C2AF8E828F83129D7560282E
:10A03000E824FBFAE934FFFB90045012B58BE86C7E
:10A040007002E96D7007900450E4F0A3F08E828FE7
:10A0500083E4F0A3F0121D12E508A2E092AF02998A
:10A0600005C082C083900AB2E064FE7003A3E0F4EE
:10A0700070097CA97D0A12240E801C8A828B83A31E
:10A08000A3A3A3A3A3A3A37402F0900AB212B10DD9
:10A090008A828B8312A09A0294AAE8F0A3E9F022A4
:10A0A000C082C083900ABC12B1364004790380029A
:10A0B00079020294AAC082C08312A1E88C828D83A7
:10A0C00012800468703B740268701C8A828B831251
:10A0D000A106E068702B8A828B83A312A106A3E0FD
:10A0E00068701E7901801C7403687015EC2405FCEF
:10A0F000ED3400FDEA2405FAEB3400FB1224148051
:10A100000279000294AAA3A3A3A3A3E0F88C828DF2
:10A1100083A3A3A3A3A32274F7120A6374091212E0
:10A12000E512B10D750800128000FE8A828B83A3B0
:10A13000A3A3A3A3A3A3A3E06E706674026E704EE4
:10A140008A828B83C082C08388828983A3A3A3A3CE
:10A15000A3E0FE88828983A3A3A3A3A3A3E0FBEECD
:10A16000FAD083D082E06A7003A3E06B70338882F8
:10A170008983A3A3A3E0FA88828983A3A3A3A3E08E
:10A18000F9EA6C7002E96D701875080180137403A8
:10A190006E700EE82405FCE93400FD122414E9F584
:10A1A00008A908029905C082C0838A828B83A3A371
:10A1B000A3A3A3A3A3A3E064027016900AB212A102
:10A1C000DF687003A3E06970047901800F79008073
:10A1D0000BEAFCEBFD7AA97B0A1224080294AA126E
:10A1E000A8718A828B83E0228A828B8312839AF8F9
:10A1F0002274EA120A638A088B098C128D13741672
:10A200001212E512B15C750A008C828D83A3A3A3A0
:10A21000A3A3A3A3A3E0F510E9A2E75008750CFFE0
:10A22000750DFF8006900AB812A40FE9C2E7F51178
:10A23000EA240EF582EB128378EA500A1291851215
:10A240008CD174088007129185128CD1E412A41766
:10A25000A2E2EA500712A4017480800512A40174DE
:10A260001012A417A2E4500CEA2411F582EB128C10
:10A27000D1E48011900AC5E0C0E0EA2411F582EB38
:10A28000128CD1D0E012A417A2E05003750A20A2CC
:10A29000E350067410450AF50A8A828B83A3A3E073
:10A2A00024FFFEA3E034FFFF12A3FA128B7EC394B7
:10A2B00002E040061412A4287403450AF50A851129
:10A2C00014751500740E78141211DDE515F50B7474
:10A2D0000265117012900ABD12A427900ABC12AC3C
:10A2E00023F012A3F1801A74036511701012A3E811
:10A2F0007CCC7D0AEEFAEFFB12241A80E5E51160B2
:10A3000026E5106014E50E650C7004E50F650D7010
:10A31000087440450AF50A800E8E828F83E50D127F
:10A32000A43AE50C12A42C85100C750D00740A7863
:10A330000C1211DDE50D450BF50B7402651070185C
:10A3400085128285138312A42685128285138312B7
:10A35000AC23F012A3F1801A74036510701012A3DD
:10A36000E8AC12AD13EEFAEFFB12241A80E5E5100B
:10A37000600E8E828F83E50F12A43AE50E12A42C94
:10A38000EEF8EFF9E824FF1EE934FFFFE508240D9D
:10A39000F582E509128B7E7005900AA88003900A69
:10A3A000B4E0FA04F0EA8882898312A877E50B12F8
:10A3B000A43AE50AF0E5082404F8E5093400F9E5D3
:10A3C000082402FAE5093400FBEEFC8A828B83E064
:10A3D000F50888828983E02508C39C12A960EEF005
:10A3E000A3EFF0790002B124EE24F9FEEF34FFFF71
:10A3F00022EE24FF1EEF34FFFF22EA240DF582EB4C
:10A400002212A40AEB12AACA22E82410F58222E042
:10A41000F50CA3E0F50D22F0EA240EF582EB12878D
:10A420005C22A3A3A3A3A3E08E828F8312A4302275
:10A43000F0EE24FF1EEF34FFFF2212A4308E828F35
:10A44000832274EC120A63890A8A0F8C108D118B97
:10A450000B74141212E512B05A74161212E512A4FB
:10A460000FAA0B1219348A128B13A812A913E8FE33
:10A47000E9FFE8496043128CCBE50B129749E50AE6
:10A48000F0750E00780C121019129E9F1210307881
:10A490000812101DAC10AD11A90F12A51412103026
:10A4A000E97016E50A24F96003147006128752D287
:10A4B000E5F0EEFAEFFB12198880007F0C020D1810
:10A4C00074F7120A63EAFEEBFF7801EE2423128B85
:10A4D0007B60027805128CCBE81297497404F0EE89
:10A4E0002402EF34000A0A12817F242212A527EEEB
:10A4F0002420128CCE120E1812A51E79031A1A12DD
:10A50000A516121030E97007EEFAEFFB1219880257
:10A5100099057903EEFAEFFB121A9C740222EE24DD
:10A5200017FCEF3400FD221287598882898312A715
:10A53000427401F02274F3120A638A088B09ECFE5C
:10A54000EDFF8A828B83740512A7218A828B83A3F5
:10A55000A3F0EA2403F50AEB3400F50B850A821216
:10A56000B10BEE2424128CCE1212BAE82411F5821B
:10A57000E9128CD11212AE12A6F1E8FAE9FB12240C
:10A580000E850A82850B8312AABD129FD08882890C
:10A5900083A3A3A3A3A3A3A3A3A3EAF0A3EB12A75C
:10A5A00019C0E012A409E9128CD1D0E012A7082446
:10A5B0001512A70312A708240E12A70312A74D8590
:10A5C0000A82850B83E02416FAA3E03400FB121AFA
:10A5D000B48E828F83A3A3A3A3A3A3E0C0E0850AC4
:10A5E00082850B83E0240D12B164D0E012A7298587
:10A5F0000A82850B83129FD0EA240BFCEB3400FD0A
:10A6000088828983E08C828D83F0A3E412A711E015
:10A610008C828D83A312B11FFCA30808A983A2E733
:10A62000E433C0E0129184128CD1D0E0F074075C66
:10A6300060047A0180027A0075F00374075CA42A32
:10A64000FAE82AF8E93400F9E5082405FAE50934BE
:10A6500000FB88828983E08A828B8312A711850898
:10A6600082850983A3A3A3A312A95AE0FC5407C3BC
:10A6700033FAEC135438FCEA2CFAE82AF8E912A66B
:10A68000E7A3A3A3A3A3A3A312A73812A6FAE02AC1
:10A69000FAA3E03400FBC3EA98EB99402B8E828F3B
:10A6A00083A3A3E0F8850882850983A3A3A3A3A3BA
:10A6B000A3A3A3A312A6FAA3A3E0C39A28850882A2
:10A6C000850983A3A3A38016850882850983A3A394
:10A6D000A3A3A3A3A3A3E4F0850882850983A3A36E
:10A6E000A3A3A3F00285883400F985088285098335
:10A6F00022EE2412FCEF3400FD22E0FA8E828F83DA
:10A70000A3A32212B164E422F0850A82850B83E0C0
:10A710002212B143A882A98322F0EE242E12875977
:10A7200022F0EE24311287592212A731A312A87108
:10A7300022F08E828F83A322A3A3E8F0A3E912A7BD
:10A74000422212A7462212A731A3A3A322F0EE248D
:10A7500007FCEF3400FD2274F5120A638C088D09A2
:10A76000750A0078081210197C0B7D0002959C0276
:10A770000FE2C082C0837918121A420294AAC082E2
:10A78000C0838A828B83E0C3940B5003121AC002E9
:10A7900094AAC082C083791980DE74F7120A63EA32
:10A7A000FEEBFF90044E129D75601090044E129FB8
:10A7B000D0121ACC7A4E7B04121A78EEFAEFFB1202
:10A7C0001A7290044EEEF0A3EFF002990574F7129E
:10A7D0000A6374DE1210AEEAFEEBFF8E828F83E016
:10A7E00024FD601124FE604E24ED600924FA6046C9
:10A7F000146043804A74161212E5E4F012A51E7428
:10A800000B1212E5AA82AB8312241A74131212E5FA
:10A810007403F0900ABC12B10D74021212E512A07A
:10A820009A740A1212E5740212A86974141212E5DD
:10A83000E8F0A3E9801074161212E5740180BC746C
:10A84000161212E5740212B174740B12A877A3E009
:10A85000C0E074011212E5D0E012A74D7417121275
:10A86000E5129A987422028D60F0900AB812A871CD
:10A8700022E0F8A3E0F922F08E828F832274F7128F
:10A880000A63EAFEEBFF750800EE242012A8DA70D6
:10A8900003A3E06960037508E8EE241712803B60AB
:10A8A00016EE2423F582EF128529E508701AEEFAD8
:10A8B000EFFB121AA88020EE2423128B7B60EB9012
:10A8C0000475E070E57508E88E828F83A3E50812B1
:10A8D000A877741912A8EC02990512AAC712A871D8
:10A8E000900AB8E068228E828F837429128BDD1261
:10A8F0001A5422C082C08374F11210AE7402121274
:10A90000E5740412A960A3E0C0E074031212E5D05C
:10A91000E0F0EA2420F582EB12B109740D1212E581
:10A9200012A09AEA2417FCEB3400FD74041212E51D
:10A93000AA82AB8312240E74041212E5AA82AB839E
:10A94000121A96E9600312A9F574021212E5AA829E
:10A95000AB83122480740F028DC3A3A3E8F0A3E994
:10A96000F08A828B832274F6120A6374E81210AEA6
:10A970008A088B0974021212E57403F0EA2412FEAD
:10A98000EB3400FFEEFCEFFD74041212E5AA82AB7B
:10A990008312241A85088285098312A9EEC0E07407
:10A9A0000C1212E5D0E0F012A9DE1212E5AA82AB79
:10A9B00083121AB4EEFAEFFB121A96E9600312A999
:10A9C000F512A9DE1212E5AA82AB83121AB4740240
:10A9D0001212E5AA82AB8312248074188034E50831
:10A9E0002407FCE5093400FD740D22129020A3A376
:10A9F00012940FE02285188285198374FFF0A31248
:10AA0000B06A7953122288900AB274FFF0A3F02240
:10AA100074021210307F02020D1874F6120A637469
:10AA2000D41210AEEAFEEBFF12AAB2E0A2E6501872
:10AA3000900AB812AABDE0687003A3E0697009909B
:10AA40000476E06041121AF6740B1212E5A882A98E
:10AA50008374031212E512AFBF85188285198374BF
:10AA60002B129FEA900A9DE0600874081212E5E03C
:10AA700060108518828519837405F0AA82AB831251
:10AA80002480742C808C900AC1E060BC12803870E5
:10AA9000B7EE240712995012101D900AB8120E1822
:10AAA0007B017CA97D0A7A03790612804F1210304F
:10AAB00080D08E828F83A3A312940FA32212A87139
:10AAC000EE242A12AAC722F582EF3400F58322C0B1
:10AAD00082C08374EF1210AE8518828519837409C1
:10AAE000F074011212E574EE12B0F6028DC174F723
:10AAF000120A63E9FFA2AFE433F508C2AFEF6003C7
:10AB000012227612220A12AB7D900476E0F912220C
:10AB1000A0900AB8129FD01222A6900ABC129FD011
:10AB20001222AC7ACC7B0A1222B27E0012AB6B12DC
:10AB30009D75600912AB6B12940B1226650EEEC365
:10AB4000940740E8121B4A121A36900477E4F01278
:10AB5000192E900476E4F07ABB7B0A79521222888F
:10AB6000E508A2E092AF7900029905EEC333F8E45C
:10AB700033F9745528F582740439F58322900ACB91
:10AB8000E0F91222C4900ACAE0F91222B822C08267
:10AB9000C0837909121A5A0294AAC082C083900411
:10ABA0006374ABF0A37429F0A37413F0A3742AF0B8
:10ABB000A374C5F0A37429F0900452E4F0A3F0123A
:10ABC00022040294AA020FE274F7120A63EAFEEB6F
:10ABD000FFECF8EDF98E828F83740712AC2912AC6A
:10ABE00023A3A312AC29A3A312AC23A3A3A312B142
:10ABF0003FA31212BA8E828F83A3A3A3A31212AE15
:10AC00008E828F83A3A3A3A3A3A3A3A3E4F0E8242A
:10AC100015F582E912898F12B348A3A3A312A09A53
:10AC2000029905E08E828F832212B143A3A3A3A3CE
:10AC3000A32274F4120A63EAFEEBFF900479E41293
:10AC4000AD48E0C39404400690047974E8F08E8225
:10AC50008F83A3A3A3A3A3A3A3E0C3940F40158E44
:10AC6000828F83A3A3A3A3A3A3E06403601590042E
:10AC70007974E8F08E828F83A3A3A3A3A3A3E064D7
:10AC800003700E900452E0A2E0400690047974E84C
:10AC9000F0EEFCEFFD7A787B04121B148E828F831A
:10ACA000A3A37808121283740A780812106490041F
:10ACB0008C78081212568E828F83A3A3A3A3A3A31A
:10ACC000A3E090049012AD52900491F0A3740AF0A6
:10ACD000900ACBE0900493F090048912953D74049F
:10ACE000F0EE240A12AD3C1210197C0B7D007A9410
:10ACF0007B0412AD33121030900479E07020A3E091
:10AD0000600690047974EAF090047AE0F91222D097
:10AD10008E828F837426F0790412236C80078E82D2
:10AD20008F837429F0EEFAEFFB121A54028033AAD3
:10AD300082AB83121C6A740322EE2407F508EF121B
:10AD4000B157750A0078082212AD4C2212A746A30B
:10AD5000A32212AD4CA3A3A3E02274F4120A6374DD
:10AD6000F71210AEEAFEEBFF90047AE0702A90042E
:10AD700092E0640A60221222E2E9C0E0900492E0CC
:10AD8000F8900481E028F812B1A924F512B18AD014
:10AD9000E0F0900480E004F090048C7808121283B4
:10ADA0007401780812106490048C7808121256907E
:10ADB0000492E004F0E508A2E04006E0C3941D40E0
:10ADC000D7E0641D60667A927B0479E11222889054
:10ADD000047AE0600464027009EEFAEFFB121B26AD
:10ADE000804D74081212E5740212B17474FFF0A35E
:10ADF000F090047AE06401700679087A8080047922
:10AE0000077A83750894750904780812101D75086F
:10AE1000FF7509FF780812101D7B0074041212E5FB
:10AE2000AC82AD8312804F121030800312A8E6026C
:10AE3000802E74F0120A63750801750900750A0006
:10AE4000750B00900492E07808120F9E7808121299
:10AE50001690047C78081211CA90047AE06403709A
:10AE60000F12AEB11212837808790C1208FB8035EC
:10AE7000750801750900750A00750B00900490E0D3
:10AE80007808120F9E9080AE780812116B9080B6F1
:10AE9000780C1212837808790C1208FB90047AE07F
:10AEA00070031222DC78081210157A837B04028268
:10AEB00095900AC61280199080B6780C2274F5120B
:10AEC0000A6374D41210AEEAFEEBFF90047AE064D9
:10AED000026008E06401600302AFBA900479E4F014
:10AEE000740B1212E5A882A98374031212E512AF43
:10AEF000BF900491E0F8900480E0C398400302AF53
:10AF000084A312B05A900480E0F50A803C85088240
:10AF1000850983A3A3A3A3A3A3A3A3A312B10D7421
:10AF2000141212E5E0687003A3E0697013740B1249
:10AF300012E5AC82AD83AA08AB09122408E970447B
:10AF4000150AE508242112B153E50A70C0740B12EA
:10AF500012E5A982AA8389088A09750A007808126D
:10AF600010197C217D00900480E08CF0A4F8A9F0F9
:10AF7000A3E028FAA3E039FB12AD3312103090049D
:10AF800080E004F0900A9DE0600E74081212E5E083
:10AF90007006900491E0700D851882851983AA824D
:10AFA000AB83122480900491E0600F900480E0F85D
:10AFB000900491E068700312A8E6742C02959FE853
:10AFC000F0A3E9F0EEFCEFFD851882851983AA82D3
:10AFD000AB83121AAE2274F6120A6374FE1210AE1C
:10AFE000EAFEEBFFEE241A128B7B64037051EE2411
:10AFF00023128B7B6403704712B04C8E828F83A325
:10B00000A312B05A850882F58312B072795012B03B
:10B010004212B072794B122288AA08AB0979E11268
:10B02000B042A3128008851882851983F0A3E91223
:10B03000B0667953122288900479E4F012A8E602EF
:10B04000AA1012228885088285098322EE2412FA2A
:10B05000EF3400FB794A1222882212B05E22E0F51A
:10B0600008A3E0F5092212B06A2212B178AA82ABD5
:10B070008322129FD5F9EA851882851983F0A3E906
:10B08000F0E508240212B153851882851983AA823B
:10B09000AB8322C082C083900479E064E860267AA2
:10B0A000837B04121B7A1222D6790412237890042F
:10B0B0007AE064037006900479E060097A937B0477
:10B0C00079E11222887A787B040294A5C082C08339
:10B0D00074F51210AEEAFCEBFD851882851983AA7F
:10B0E00082AB83121B1474011212E574FC12B0F6C9
:10B0F000740B028DC3E912B06A12248022C082C090
:10B1000083790702AB94F582EF3400F58312A871BE
:10B1100022E0F50AA3E0F50B22E0FEA3E0FF2212F5
:10B12000B143E0227F0E020D18F50CEF3400F50D4F
:10B13000750E00780C22C3E094FEA3E094FF221267
:10B14000B14322F088828983A3223400F98882895E
:10B1500083E022F508E5093400F50922E0F50EA3A5
:10B16000E0F50F22F812B16922A3E03400F98882D9
:10B17000898322E412B17822F0851882851983220E
:10B18000F0EE2402F8EF3400F922F582E934FFF5FD
:10B19000832212B19622E0851882851983F02274E9
:10B1A000091210307F07020D18A3E03400F9E822DD
:10B1B000FB88828983EAF0A3EBF022C082C08390EF
:10B1C000049FE4F0A3F09004A1F0A3F09080C612D5
:10B1D00012BA9010761212AE9080C61212BA901067
:10B1E0007A1212AE9004A3E4028D3374F4120A634F
:10B1F0009004A3E4F0A3F090049F129D75603412B4
:10B20000B2AFC082C0839010767808121283D083C8
:10B21000D08278081210DA501A12B29C12B3561269
:10B2200010DA500612B35612125690049F12B2A8AA
:10B2300012A09A9004A1129D759004A3602E129DF5
:10B2400075601E9004A112B2B8C082C0839004A39E
:10B2500012B359121283D083D08278081210DA50B8
:10B26000109004A112B2A812A09A8005129D7560D8
:10B270002512B2B5C082C08390107678081212836E
:10B28000D083D08278081210DA500B12B2B51212A5
:10B29000BA12219E80031221A40280331221928AC5
:10B2A000088B098C0A8D0B2212A8719004A322121C
:10B2B0009021A3A3229004A312B2BC2212B2C022F6
:10B2C000129413A3A32274F4120A639004A3129D90
:10B2D00075606612B2AF780812128375831075829A
:10B2E0007678081210DA500B1220729004A3129D87
:10B2F00075604612B29C9004A312B359120F7F508E
:10B300003812B2B5C082C0839080A678081212832A
:10B31000D083D08278081210DA5003122072900481
:10B32000A312B119EEFAEFFB12B33CA3A3A312B31D
:10B330004812940B12266580B2028033121B7A8E5B
:10B34000828F83A3A3A3A322A3E0F98E828F83A37A
:10B35000A3A3A3A3A32290049F12B2BC78082274D3
:10B36000F0120A638A088B098C0A8D0B7410121272
:10B37000E580248E828F83A3A3C082C0839080A6A1
:10B38000780C121283D083D082780C1210DA50031A
:10B390001220728E828F831289A060428E828F83E8
:10B3A000A3A3780812117E12B3E17002EF6970C393
:10B3B0008E828F83A3A3C082C0839080A6780C1254
:10B3C0001283D083D082780C1210DA50A69080A617
:10B3D0001212BA8E828F83A3A31212AE80B502829C
:10B3E0009B9004A312A871EE682274F0120A63A263
:10B3F000AFE433F508C2AF9004A112B11990049FD5
:10B40000120E18901076780C121283780C12115AC2
:10B41000AA0CAB0DAC0EAD0F121B5C7402121030F7
:10B42000803B8E828F83A3A3C082C08390107678E6
:10B430000C121283D083D082780C1210DA40139051
:10B440001076780C1212838E828F83A3A3780C124D
:10B4500011438E828F8312B10DE8FEE9FFEE4F702B
:10B46000C1901076C08290107A780C121283758386
:10B4700010D082780C1210EF601590107A1212BA68
:10B480009010761212AE9010761212BA12218C120F
:10B490001B50E508A2E092AF02829B74F0120A638F
:10B4A000EAFEEBFFA2AFE433F50CC2AFECFAEDFB22
:10B4B0008C828D838008AA0EAB0F8A828B8312B197
:10B4C0005CE50E450F60228E828F83A3A3C082C0ED
:10B4D00083850E82850F83A3A37808121283D083FD
:10B4E000D08278081210DA50CD8A828B83EEF0A3D6
:10B4F000EF12A877E50EF0A3E50F12B50E12B3E434
:10B500007002EF697003121B50E50C8087E9F08C24
:10B51000828D8322EEFAEFFB121B6802829B74F08D
:10B52000120A63EAFEEBFF74101212E57808121299
:10B530008312B5481211918E828F83A3A3780812CB
:10B5400012567C9F7D0480CC12805E7808790C2294
:10B5500074F7120A63ECF8EDF98C828D838004A8ED
:10B5600082A98312B58B8C828D83E582458360141A
:10B57000EA65827003EB658370E5129FD512B1B066
:10B58000790180027900029905F583E0FCA3E0FDD2
:10B590002274F7120A63EAFEEBFFA2AFE433F50868
:10B5A000C2AF7C9F7D04121B74E9700B7CA17D04EB
:10B5B000EEFAEFFB121B7412B3E17002EF69700335
:10B5C000121B5002A05874F7120A63E9FE121BD432
:10B5D000EE901053F090030E7436F0A37426F090A2
:10B5E00003107430F0A37426F0900312742AF0A3B1
:10B5F0007426F09003147424F0A37426F002C98614
:10B6000074F7120A63E9FE900302E4F0EE9003017E
:10B61000F09010AF12C40B12CA267C127D067A0578
:10B620007B0312241A9010B1E090030DF002C9863A
:10B6300074F4120A638A088B09EB5480605B9003F0
:10B640000112DDB4604A8E828F83E0640170321291
:10B65000CF7E120E14EE241212E3F9F50A780A12C4
:10B66000102112B6E012101DEE240B12B6D9120EE4
:10B6700018EE241712DDC4121B92740912103080C8
:10B6800008E06402700312256AEEFAEFFB121C8ECA
:10B69000AA08E5096480FB803AEAA2E0501790030B
:10B6A0001612CDBE600612C407122665E5086401B5
:10B6B000FAAB09801E5402600C9010527401F0EA3B
:10B6C0006402FA800EEA54046005EA640480F37AA6
:10B6D000007B0002B7A9EE240CF582EF12CF88227E
:10B6E000EE240FF50AEF3400F50B780A2274F412F9
:10B6F0000A638A088B098A828B83A3A3A3E02410A0
:10B7000012C992FA12D003700302B79C8E828F8303
:10B710007402F0A3E412CFF1A3A3A3A3E8F0A3E97A
:10B7200012CD25A3A3A3A3A3A3A3F0E5082403F8A4
:10B73000E50912C574241012C8078E828F83A3A353
:10B74000A3A3F0EE2409FA12B79E12C9DFF583888D
:10B7500082E0A2E58E828F83A3A3A3A3A3500474E7
:10B76000018001E4F0E5082403F88882898312DD72
:10B770000DEA12E399EB12B6DC12D01F1210191267
:10B78000E06EEB12CA388E828F83A3A312CF97127A
:10B790001030EEFAEFFB90030112D028800BEF344B
:10B7A00000FB8E828F83A3A3227F04020D1874F204
:10B7B000120A638A088B09ECFAEDFB740E1212E58B
:10B7C000E0FC121C048A0C8B0DAE0CAF0DEE4F602A
:10B7D00023AC08AD09121BF2E96019AC08AD09EE03
:10B7E000FAEFFB121BF8E97007EEFAEFFB121BEC05
:10B7F0007900800279B402C41574EE120A6374F7FA
:10B800001210AE8A0A8B0BECFEEDFF750FB3750EAE
:10B8100000750C00750D00800CE50C2401F50CE59D
:10B820000D3400F50D902A48E493F8740193F9C3A0
:10B83000E50C98E50D99400302B919AA0CAB0D125D
:10B840001C528A088B09EA450960CE8A828B83A341
:10B85000A3A3A3A3E0250EF50EF510C3E50A9510EA
:10B86000E50B940050B37C157D007900EEFAEFFBF8
:10B8700012CD7DA3A3A3A3E50AC3950EF8E028C3C8
:10B8800033F8E433F9E50828F582E50939F583A3AF
:10B89000A3A3A3A3A312D3F5A312C9BFEAFCEBFD94
:10B8A000EEFAEFFB12C582A3E06401700A12CF7EAC
:10B8B000740112C4F08043851882851983AC82AD6F
:10B8C0008385088285098312DD0B121C3AE9602DFD
:10B8D00074081212E5E0C0E012CF7ED0E0F07408E8
:10B8E0001212E5E06403851882851983700CAC821E
:10B8F000AD83EE240B12C4E3800312CA1A850882BA
:10B9000085098312C56BA3A312CFD9C0E0EE24141E
:10B9100012B6D9D0E0F0750F00A90F7409121030DB
:10B920007F0A020D1874F7120A63E9FE8A828B837C
:10B93000A3A3A3A3A3A3E0540860298A828B83A3B3
:10B94000A3A3A3A3A3E0540260178A828B83A3A3BB
:10B95000A3A3A3A3A3A3A3E06406600574E96E7088
:10B960000312261802C98674E8120A6374F71210CB
:10B97000AE74071212E512CD96E9851882851983F7
:10B98000F0ECFEEDFF74241212E5780C12128375B0
:10B9900013008E828F8312DD078E828F83A3A3A371
:10B9A000E0F9121C108A148B15EA4515700302BBCE
:10B9B00070EE241012D595A91412142A8A168B172A
:10B9C000EA4517700302BB70EE2406F510EF340051
:10B9D000F5117C00851082F58312BBC28E828F83A5
:10B9E000A3A3A312BBB712DA0DF8A3E0F985168260
:10B9F000851783A3A3A3A312C50E12BBB7A3A3A34A
:10BA0000A312D78E851682851783A3A3A3A3A3A30E
:10BA1000F0EE12E399EF12BE31121019EE12E06F40
:10BA2000EF12CA38851682851783A3A3A3A3A3A305
:10BA3000A3A3A312CF9712103075100002BAF0859D
:10BA40000A82850B8312DD0B121C40850882850952
:10BA500083A3EAF0A3EB12CFAAA3A312CD3B12D08B
:10BA60003FE0A2E6500F850882850983A3A3A3A324
:10BA7000A3E0D2E1F0E5137063850882850983A312
:10BA800012DE76900368E0687003A3E069704D856C
:10BA90000882850983A3A3A312D5A2780C121015DE
:10BAA00074271212E5E0F50A780A121021742612A2
:10BAB00012E5120E18900375120E18790074101208
:10BAC00012E512CD18122540740912103085088233
:10BAD000850983A3A3A3A3A3E04405F07401251063
:10BAE000FC8E828F83A3A3A3A3A3A312BBC20510C2
:10BAF000E50A450B6052851008C3E5089514E495E6
:10BB0000155045E51075F006A4F8A9F0E51628F8DB
:10BB1000E51739F9E8240CF508E912C543E412CF1A
:10BB2000A06401600302BA3F75130185088285098C
:10BB300083740112CFA5F8A3E0F9850882850983F3
:10BB4000A3E8F0A3E902BA56AA16AB17121430788C
:10BB50001612101D74251212E5E0FC74021212E593
:10BB6000E0F9EEFAEFFB12261E740212103080424A
:10BB70008E828F83A3A3A3E0C0E074041212E5D0E9
:10BB8000E012C52CE0C0E074051212E5D0E0F0E54B
:10BB9000144515700974061212E574B9800774060D
:10BBA0001212E57410F074011212E5AA82AB83122E
:10BBB0002546740902E3C4E0851682851783A3A392
:10BBC000A32212D3DE8E828F83A3A3A3E0F9121CDB
:10BBD000168A0A8B0B2274E8120A6374F31210AEF1
:10BBE0008A0A8B0B89178C1674251212E512E40051
:10BBF000AA0CFB12141EE9F514AA0CAB0D121424A6
:10BC0000E9F515E514700302BE23751300800F8E4D
:10BC1000828F83A3A3A3A3A3E0D2E3F00513E50CD3
:10BC2000240BF582E50D12BFAFE513C39840030264
:10BC3000BE1AE514700302BE1AE51375F006A4F8E7
:10BC4000A9F0E50C28F8E50D39F9E8240CFEE91215
:10BC5000E3E6A3A3A3A3E0A2E040C1750E008E8299
:10BC60008F83E0704312DD0C1213408A088B09A801
:10BC700008A909E849603188828983A3A3A3A3E0C6
:10BC80006401600D88828983A3A3A3A3E064037089
:10BC9000178E828F83A3A3A3A3A3E0D2E7F0750E30
:10BCA00001E515700302BC1C750F007508087509C5
:10BCB00000E5166003750F2012CD45E06033900358
:10BCC000B8E064017017E50FD2E3F50F7509108E27
:10BCD000828F8312CA0512C9B374FF8024430F0CEC
:10BCE00075080C8E828F83A312BE3D12E3AAA38037
:10BCF00010E5176009E50FD2E6F50F75080A12BEC8
:10BD00004BF074021212E5E50F12DA2CC0E0740455
:10BD10001212E5D0E0F074051212E512C9A4121255
:10BD2000E5E0600302BDF574081212E512C5548EF9
:10BD3000828F83A3A3A3A3F074081212E512C31485
:10BD4000F583E508F0A3E50912CC5EE060119003ED
:10BD5000B8E0C0E074081212E512C30DD0E0F0851F
:10BD60000C82850D83A3A3A3E0C0E074081212E542
:10BD700012E1F4D0E012E230C0E074081212E512D1
:10BD8000C31FD0E0F074081212E512BE3DA3A31247
:10BD9000E1FB12DA1612DD0BE82428F582E912D550
:10BDA0008812DA22C0E0E8242EF582E912B6DCD04F
:10BDB000E0F074081212E512DD0D850A82850B830E
:10BDC00012BE282424F582EB12CA2312E397E50B56
:10BDD00012BE3112101912CA30EA242BF582EB126E
:10BDE000B6DC12CF97121030851882851983AA828B
:10BDF000AB8312255E8E828F83A3A3A3A3A3E0D27D
:10BE0000E0F0740C1212E5E0600302BC0FE50EA234
:10BE1000E050021515151402BC1C7900AA0CAB0DDC
:10BE2000122612740D02E3C4A3A3A3A312DE7AEABE
:10BE30002212CF8812D9E275120078102212DE7A0F
:10BE4000850A82850B83A3A3A3A322A312CA0AE8AF
:10BE5000F0A3E92274F2120A6374EB1210AEEAFE48
:10BE6000EBFF89088E828F83A3A3A3A3A3A3A3A31D
:10BE7000E0F91214488A0A8B0BEA450B607FE5084B
:10BE800070047C0480027C088E828F83A3A3A3A30A
:10BE9000A3A3A3A3E0F912144E12B6D612CDBE602E
:10BEA0005C8882898312DD0974061212E512BF02D2
:10BEB00012DD0D74081212E512BF02A3A3E0C0E068
:10BEC00074101212E5D0E012DA3912DD0D740E1280
:10BED00012E512CD9674111212E5E412D779F978B1
:10BEE0000A12101D742059FC744059F97402121280
:10BEF000E5AA82AB8312261E74021210307415025A
:10BF0000C412EAF0A3EB12BF0A2212C9EFA3A3A343
:10BF1000A3A3A32274F7120A6374FA1210AEE9FE07
:10BF20007F018F087D0080047508000D12C98B12F7
:10BF3000BFAFEDC3985025ED75F006A4F8A9F0EA5F
:10BF400028F8EB39F9E812E392E912D3D050D9542A
:10BF50000C60D5E0A2E250D37F0080CF8A828B8331
:10BF6000A3A3A3A3A3A3E0703EE508A2E040057449
:10BF7000016E70338A828B83A3A3A3A3A3A374014E
:10BF800012E0ADE0C0E074031212E5D0E012E0A5CB
:10BF9000E0C0E074041212E5D0E0F074051212E57E
:10BFA000EF12C9F5122546740602C983F582EF1215
:10BFB000D789F822C082C083790112261202C4DC1C
:10BFC000C082C083EA4B60189003B4E06402701032
:10BFD000901052E4F0EAFCEBFD7A0212BFF58012F9
:10BFE0009010527401F07A027B00900301E0F91284
:10BFF0001DCC02C4DC7B00900301E0F9121DC022BD
:10C0000074F2120A6374F31210AEEAFEEBFF8E8232
:10C010008F83A3A3A3A3A3A3A3A3A3A3E0F50A9041
:10C020001052E0700579BA02C3087508017509005D
:10C03000750C00750D007C087D00790085188285DF
:10C040001983AA82AB83121C7674051212E574015F
:10C0500012C3305404601274021212E5E0D2E612E8
:10C06000C33054087003750803E054106006744030
:10C070004508F508E05408602274021212E5E04415
:10C08000C012C3305420600A74031212E5E0D2E0FB
:10C09000800874031212E5E0D2E1F08E828F83A350
:10C0A000A3A3A3A3A3A3A3E070181216B8851882B4
:10C0B00085198312CD9674021212E5E0D2E2F002E5
:10C0C000C167640F701574021212E5E0D2E312D05A
:10C0D0004012CD774508F50802C1678E828F83A391
:10C0E000A3A3A3A3A3A3A3E064028E828F837005FE
:10C0F00012BE4C80C9A3A3A3A3A3A3A3A3E064037C
:10C100007013851882851983AC82AD83EEFAEFFB3C
:10C110001225DC80528E828F83A3A3A3A3A3A3A3A3
:10C12000A3E0640170419003B8E0601C7402121235
:10C13000E5E0D2E312D02E85188285198312CA2633
:10C14000750910750AFF801874021212E5E0440C9C
:10C1500012E21D74FDF0A374FFF074044508F508A5
:10C160008E828F8312E40012D3CA503A74021212E4
:10C17000E5E0540C701B8E828F8312DD0D1220427D
:10C18000E9700579BB02C30874021212E5E0D2E53A
:10C19000F012D3CA501074021212E5E0540C640479
:10C1A0007004E0D2E5F0EE241112E3F9C0E074046B
:10C1B0001212E5D0E012C9A61212E5E0600302C334
:10C1C0000174081212E512C31412C326EE241812C9
:10C1D000E3F9C0E0E812E383E912B6DCD0E0F0EE68
:10C1E000241912E3F9C0E074081212E5E0241312D6
:10C1F000C54CD0E012C9CC640170119003B8E0C006
:10C20000E074081212E512C30DD0E0F074081212A7
:10C21000E512C7DF2417FAEF12C80EFCE8241CF55C
:10C2200082E912B6DCECF0A3E412D0D9E0C0E0E879
:10C230002422F582E912B6DCD0E0F074081212E58F
:10C2400012C31FE50AF074081212E512C7F4242481
:10C25000F582E912DCD2A3E50D12DD30FCA3E0FD8E
:10C26000E82426F582E912B6DCECF0A3ED12C5163F
:10C2700012CD64E82428F582E912B6DC12DE7EC015
:10C28000E0E8242FF582E912B6DCD0E0F0EE241BC2
:10C2900012E3F9C0E074081212E512E1EDD0E0F00B
:10C2A000EE241A12E3F9C0E074081212E5E0242E1D
:10C2B00012C54CD0E012E21512D013121019EE2460
:10C2C0001112CD5D740B1212E512CF91121030EEE7
:10C2D000241512E3F95440601B90032812CDBE6070
:10C2E00013851882851983AA82AB8390032912C40F
:10C2F00007122665851882851983AA82AB831225C9
:10C300005E740C1212E5E0F9740D02C412E02415FB
:10C3100012C5502212C7F8240FF582E9340022E03A
:10C32000242312C55022F583E508F0A3E509F02285
:10C33000F0EE241512D7862274F7120A637E638A00
:10C34000828B83E0600C7905121BCEE9F87456C32A
:10C3500098FE900360E0600CF9121BCEE9F8EEC382
:10C360009824F2FEEEF902C98674F6120A6374FE8E
:10C370001210AE85188285198312CD96E9FEECFA6B
:10C38000EDFB740C1212E5E0FC9004A812CDBE6027
:10C390003285188285198385820885830978081279
:10C3A000101D7D01EEF99004A812C40412266574D4
:10C3B000021210308B09EA45096004790080067981
:10C3C000B2800279B602C50474F7120A63E9FE74FA
:10C3D000091212E5E0FF90030E12CDBE601AEFF5D0
:10C3E000087808121021EEF990030E12C4041226E8
:10C3F000657401121030800279B602C986EEFAEF38
:10C40000FB900320E0F8A312C5982212DE7A900375
:10C4100003221210307F06020D1874F5120A63EA27
:10C42000FEEBFF8C088D09750A0112E3CC12C4ECF7
:10C43000700B90036812C5BA12CA26800EAC08AD04
:10C4400009EEFAEFFB12250AE9F50AA90A02DE8EC7
:10C4500074F6120A63EAFEEBFF7A0C7B00121D0CE5
:10C46000EA4B606BEE242012E3F98A828B83F0EEB4
:10C47000242112C4D2F0EE242212C4D2A3F0EE245E
:10C480002312C4D2A3A312CFCA12D9FFE8F0A3E9A2
:10C4900012D77E12DA00A3A3E8F0A3E912D5A88A86
:10C4A000828B83A3A3A3A3A3A3A3A3F0EE242F12A1
:10C4B000E3F9C0E012C98B12B6DCD0E012CD9C8A41
:10C4C000828B83A3A3A3A3A3A3A3A3A312CA26021D
:10C4D000C50912D7868A828B83A322F0D083D082AB
:10C4E000020FE2FAEF3400FB12241A2212C9B8221A
:10C4F00012C4F42212C4F82212CFE9A3A32212CD4F
:10C5000033A3E02274021210307F02020D18E8F00B
:10C51000A3E912C53022F0EE240F12CF8522F58256
:10C52000EF12CF88E422E0F9121CC42212C5302297
:10C53000F0EE2412F582EF12CF8C221210307F0819
:10C54000020D1812E3A5850882F5832212C5502238
:10C5500012C5A52212C59EE02212CFE9E022C082B8
:10C56000C08312CDF012C52102C4DB12CD2C22797A
:10C5700001020FE212C9D222F8EF3400F9880889CB
:10C58000092212C5862212241A850882850983226F
:10C59000E0F812C597A322A3E0F583888222E02465
:10C5A0000E12C5A52212C5A922F8A3E03400F9880D
:10C5B0008289832212CABE64052212DE7A8508822D
:10C5C00085098322C082C08312CDF012C5D102C476
:10C5D000DB12CF8874012202C56FC082C083900332
:10C5E0001E74D0F0A37425F090032074BEF0A374E1
:10C5F00025F090032274B8F0A37425F090032474FE
:10C60000CAF0A3742502C4DB74F4120A63EAFEEBD9
:10C61000FF12C66DF5081216B88A0A8B0BA80AA974
:10C620000B8E828F8312C660E0687003A3E069609E
:10C630002CE508A2E550268E828F83A3E0FB9003B1
:10C640001E12C4041226658E828F83E0F8A312D1D5
:10C65000A2A312CDBE700612C66DC2E5F002B7A944
:10C6600012C66422E0FAA3E0F5838A82228E828FCA
:10C670008312C590A3E02274F5120A6312C7CD128B
:10C68000C7F42420F582E912E3FCFE74035EF50A88
:10C6900012CC2A12B6DC12C7DF88828983F0A3A8E5
:10C6A00082A983E50A60097402650A600302C73E35
:10C6B000740C5EFF601574086F601074046F701D59
:10C6C0007402650A7005EEA2E4402D8A828B83A372
:10C6D000A3A3A3A3A3A3A3E0242312C82F740C6FC6
:10C6E000701012C7C8242412C817242412C7DA12E3
:10C6F000C8327402650A7005EEA2E4404112C7C850
:10C70000242612C817242612C7E4A312C84112C750
:10C71000E412C84112C7DA12C832EF600F74086F12
:10C72000600A740C6F600574046F70128A828B83C8
:10C73000A3A3A3A3A3A3A3A3E0242212C82F8A82A6
:10C740008B83A3A3A3A3A3A3A3A312C7FD7005EE8A
:10C75000A2E150178A828B83A3A3A3A3A3A3A3A3BD
:10C76000E0242E12CC3112C828800E90030212C889
:10C7700028900302E00412C9EFA3A882A983EEA2C5
:10C78000E7504212C7C8242112C7E412C8328C8273
:10C790008D8312C7FD602E8A828B83A3A3A3A3A3DC
:10C7A000A3A3A3E0243012C82FEEA2E150178A827F
:10C7B0008B83A3A3A3A3A3A3A3A3E0243112C8073D
:10C7C00088828983F002DE8E12C7CDE022EA240837
:10C7D000FCEB3400FD8C828D832212CC35A3221217
:10C7E000DE7AEE2212C7E822F508A3E034008508BD
:10C7F00082F5832212C7F82212D039E822E02421E0
:10C8000012CC35E0540322FAA3E012C80E22340001
:10C81000FB8A828B83E02212C7E812C828A3A88271
:10C82000A9838C828D83E022E088828983F02212A2
:10C83000CC3512C83622E088828983F0A308A98308
:10C840002212C8368C828D83E0242822C082C083C5
:10C850008A828B8312C671F8740358F98A828B839B
:10C86000A3A37401F0E960057402697061740C5847
:10C87000FC601474086C600F74046C7013740269AB
:10C880007005E8A2E4401D8A828B83A3A37402F0A2
:10C89000740C6C700A8A828B83A3A3E02402F07468
:10C8A00002697005E8A2E440258A828B83A3A3E095
:10C8B0002404F0EC600F74086C600A740C6C600562
:10C8C00074046C70098A828B83A3A3E004F0E8A24D
:10C8D000E750318A828B83A3A3E00412DE82F9A39E
:10C8E000E0F5838982A3A3A3E0540360178A828BB7
:10C8F00083A3A3E004F0E8A2E150098A828B83A31A
:10C90000A3E004F08A828B83A3A3E00402C4DBC00B
:10C9100082C0838A828B83A3A3A3A3A3A3A3A3A37D
:10C92000A312CDBE60098A828B83A3A312C93202EF
:10C93000C4DCA3A3A3A3A3A3A3A312D3DE121D123B
:10C940002274F7120A63EAFEEBFF12DE7288828914
:10C9500083A3A3A3A3A3A3A3A3E4F0A312BF0AA347
:10C96000A3A3A3F0A3F0E812DCB4E912C97D122559
:10C9700082EEFAEFFB12258E800CF582ED12CF8845
:10C98000E4F0221210307F01020D18EA240BF58228
:10C99000EB2212E36124092212CF8812E404750EFF
:10C9A00000780C22740112C9F912C9AD2212256453
:10C9B000740C2212CD0AA322122414E9640122A3CA
:10C9C000A3A3A3E8F0A3E9F01216B22212D5B5A3EF
:10C9D000E02212C9D7E0223400F98882898322122A
:10C9E000C9E6F8A3E022EAF0A3EB12C9EFE022F0D7
:10C9F000888289832212C9F922F0851882851983D9
:10CA0000AA82AB8322A312CA0A2212CA0E22E0F81B
:10CA1000A3E0F98518828519832212DE7AEE240BB1
:10CA2000F582EF12CF8812CCEE22121C6A74032218
:10CA3000E50A2410F582E50B12CF88E0FC7D002288
:10CA4000020FE2C082C0838A828B83A3A3A3A3A325
:10CA5000A3A3A3E070528A828B83A3A3E0F812CA37
:10CA6000BA6401604312CAB46402603C12CAB4647E
:10CA700003603512CAB46404602E8A828B83A3A338
:10CA800012C5B4602312CAB4640A601C12CAB4642A
:10CA90000B601512CAB4640C600E12CAB4640D6047
:10CAA000077904122402800990032612C404122676
:10CAB0006502C4DC8A828B83A3A312CABE2212C57C
:10CAC00097E02274F6120A6374FA1210AEEAFEEBD3
:10CAD000FF74031212E5EEF0A3EFF074031212E5F7
:10CAE000AA82AB8312257612E3F6600302CC258579
:10CAF00018828519837432F074051212E5C082C061
:10CB0000838E828F83A3A3A3A3E0D083D082F8E097
:10CB100028C0E074011212E5D0E012CC73C0E074BA
:10CB2000021212E5D0E012CC58F8A3E0F9E849600F
:10CB300026E82417F582E912B6DCC082C083E82417
:10CB400016F582E912E3FCD083D082F8E028F8746D
:10CB5000011212E5E028F0851882851983AA82ABBC
:10CB6000831213828A088B09A808A909E84970036F
:10CB700002CC188E828F8312DD0D88828983A3A355
:10CB8000EAF0A3EB12CC5EA3A3E0C0E0E82420F51A
:10CB900082E912B6DCD0E012E230C0E0E82421F5F0
:10CBA00082E912B6DCD0E012CC6DC0E0E8242AF5B0
:10CBB00082E912B6DCD0E0F074051212E5E0FA1258
:10CBC000CC2A12E3FC2A12D3E4E8242B12CD907471
:10CBD000051212E5E0C0E0E8242DF582E912B6DC8A
:10CBE000D0E012CC58FAA3E0FBEA4B6019E8242B02
:10CBF000FAE912B79FA3A3A3A3A3A3A3A3E02416B8
:10CC000012CC3112CC408E828F83A3A3A3A3A3A303
:10CC1000A3A3E8F0A3E9800CEEFAEFFB12257C1247
:10CC2000B6D67410F0740602C506E8240BF582E946
:10CC30002212CC3522FCA3E03400FD8C828D8322AD
:10CC4000E0FC8A828B83E02CFCA3E03400FD8A8226
:10CC50008B83ECF0A3EDF02212D0DDA3E022F0E80C
:10CC600012E383E912CF88740112D0402212D0D48B
:10CC7000A3E02212CCF9E02274F7120A63EAFEEB79
:10CC8000FF12E3F6701E12CCAE12CDBE600612C3C8
:10CC9000FD12266512E3F6700B12DD0112137C12F1
:10CCA000B6D6E9F0EEFAEFFB12257C02C986122512
:10CCB000888E828F83A3A3A3A3A3A3A3A3A3A3224A
:10CCC00074F6120A63EAFEEBFF8C088D091220420B
:10CCD000E9700479018011AC08AD09EEFAEFFB9020
:10CCE000032412C40412266502C50912CA0EE8F014
:10CCF000A3E9F02212E221E02212CCFD2212CD01A2
:10CD00002212D044A3A3A3A3A322E8F0A3E912CD47
:10CD1000122212D044A3A32212CD68EEFAEFFB2216
:10CD200012C5A9E02212C4F012CD2C22E08E828F0F
:10CD300083A32212CFD2A3A3A3A322E085088285D6
:10CD40000983A3A3227C087D0079008518828519B8
:10CD500083AA82AB83121C768E828F8322F582EFA8
:10CD60003400F58312CD6822E0FCA3E0FD227401BB
:10CD700012D040A3A3E02212CCEB740422121C7642
:10CD8000850882850983A322E0F508A3E0F509223E
:10CD9000F582E912CF88EAF0A3EBF02212CDA022AF
:10CDA00012CD1212D03922C082C08312CDB7747056
:10CDB000F0A3742502C4DB1225B29003262212C709
:10CDC000F8492274F7120A63E9FE12CDF012B6DCBC
:10CDD00012CDBE601888828983A3E05403700EEEE2
:10CDE000FB12CC2A12B6DC12CE2112CE1B02C9864F
:10CDF000EA12DCB4EB22C082C083EAF8EBF9888245
:10CE00008983A3A3A3A3A3E0FB88828983A3A3A30D
:10CE1000A312CE21A312CE1B02C4DCE0F9121B8C9C
:10CE200022E0FA88828983A3A32274E8120A638A23
:10CE3000088B098C168D178914741A1212E5E0F507
:10CE40000AA3E0F50B741C1212E5E0F513741D1231
:10CE500012E5780C12128312E06EEB12E3FC242D23
:10CE6000FA7B00121C888A108B11AE10AF11EE4FA6
:10CE7000700302CF6C8E828F837401F08508108559
:10CE8000091175120078101210197C157D00EE241E
:10CE90001812CF6F121030851610851711781012E6
:10CEA00010197C097D00EE240212CF6F121030742D
:10CEB000181212E512CA1A850A82850B83E0C0E0B7
:10CEC000EE240F12B6D9D0E012CFA5C0E0EE2411A7
:10CED00012B6D9D0E012CFA0C0E0EE241012B6D91D
:10CEE000D0E012C52CE51312CFCAE4F0A3F012CFA4
:10CEF0007E780C121256EE241712B6D9E51412C41D
:10CF0000FEF8A3E0F9EE240D12B6D912CFC412E355
:10CF1000B712E3FC6025EE242612D3C2242DF812AA
:10CF2000CFBC12E39E12C99812101912E3B512CAAF
:10CF3000388A828B8312CF97121030EE241912E3B5
:10CF4000F95403601D90031C12CDBE600CEEFAEF85
:10CF5000FB12C4071226658013EEFAEFFB121C8E3B
:10CF6000800AEEFAEFFB90030112D02802E3C7FA21
:10CF7000EF12CF75223400FB121C6A740322EE24D8
:10CF80001312CF8522F582EF12CF8C223400F58365
:10CF900022E0242B12C55012D3DE121C6A74032225
:10CFA00012CFB3E02212CFAAE02212CFAE2212CFCC
:10CFB000B3A322F0850A82850B83A322EF3400F904
:10CFC0008A828B8312CCEEE50822F0EE242612CF63
:10CFD000852212C4F8A3A3A322A3A3A3A3A312CFC1
:10CFE000E22212C4F4A3A3E022F08508828509831B
:10CFF0002212CFF52212C559F8A3E0F98E828F8351
:10D00000A3A3227B00121C888A0A8B0BAE0AAF0BEB
:10D01000EE4F22F508A3E0F509750A007808221200
:10D02000CD88750A00780822E0F9121C942212D0EB
:10D03000322212D04412D03922E0F8A3E0F922A320
:10D0400012D04422F08E828F8322C082C083E99066
:10D050001054F09003187422F0A37425F090031A72
:10D060007404F0A37425F090031C74E6F0A37424F8
:10D0700002C4DB74F7120A63EAFEEBFF8908EE4F85
:10D08000700312207290032A12CDBE700890032AFA
:10D09000802212DE7688828983A3A3A3A3A3A3A3FD
:10D0A000A3A312D0CA88828983A3A3A3A3A3A3A303
:10D0B000A3A370DEEEF0A3EF12D0D9E4F0A312D058
:10D0C000D0A3A3A3E508F002C98612D3DEEA4B225F
:10D0D00012D0D42212CD12A32212D0DD2212D5B941
:10D0E000A3A32274F7120A6390032A800D8E828F05
:10D0F00083A3A3A3A3A3A3A3A3A312E37BEE4F60E5
:10D10000348E828F83A3A3A3A3A3A3A3E06970DDBE
:10D110008E828F83A3A3A3A3E06A7003A3E06B7046
:10D12000CC8E828F83A3A3A3A3A3A3E06C70BEEED7
:10D13000FAEFFB80047A007B0002C98674F7120ABA
:10D140006390032A12E37B90032A12BE2C687002BC
:10D15000EB69701712D1A212DE7690032A12CA264A
:10D1600090032A12E37B803012E36EEE4F60298E2B
:10D17000828F83A3A3A3A3A312BE28687002EB69C6
:10D1800070E68A828B83A3A3A3A3A3A3A3A3A31262
:10D19000D1AFA3A3A312CA26121D12EEFAEFFB020F
:10D1A000C98612C598A3A3A3A3A3A3A3A3A32212D2
:10D1B000D3F9A3A32274F0120A6374FA1210AE8A90
:10D1C000088B098A828B83A3A3A3A3A3A3A3A3E0B1
:10D1D000600D640160098A828B8312D3D660057961
:10D1E0000202D3BD850882850983A3A3A3A3A3A3B9
:10D1F000A3A3E06403701574041212E5AC82AD833E
:10D20000AA08AB091225DCE9701380D38508828552
:10D21000098312DE7674041212E512CA2612E3881C
:10D2200012E3FC243212D3E4121D0C8A0A8B0BAEDB
:10D230000AAF0BEE4F700302D3BB7C327D00790046
:10D24000121C7674021212E5AA82AB8385088285CD
:10D250000983A3A3A3A3A3A3A3A3A3E0F912265A1C
:10D2600074021212E5E0C0E0EE242D12B6D9D0E02F
:10D27000F0EE242CF50AEF3400F50B74031212E5DE
:10D28000E0850A82850B83F07901EEFAEFFB122527
:10D290003485080C85090D750E00780C1210197C68
:10D2A0001C7D00EE240B12CF6F121030EE243012D2
:10D2B000D3C22432080812CFBC2411F8E50912E3C6
:10D2C000F1FCE9FD8C828D8312C7DF242E12B6D9C2
:10D2D00012CFC412D75B12E3BE1210198C828D8359
:10D2E00012CD648A828B8312CF971210307404128D
:10D2F00012E512D3F512CA2690030212D3EBF09076
:10D300000302E00412D793242A12DCC1750D0085B4
:10D310000A82850B83E0780C1211DD8A828B83E50B
:10D320000CF0EE242912B6D9E50C12E21DE4F0E56A
:10D33000082415F582E50912D3D0740150071212A2
:10D34000E5740180041212E5E4F0EE242712C5789A
:10D35000851882851983AA82AB83121BB6E924FE45
:10D36000850882850983F0F508750900EE242E12E0
:10D37000CD5DECF8EDF9AA08AB09120813E88E822E
:10D380008F83A3A3A3A3A3A3A3A3F0ECF8EDF9AA0F
:10D3900008AB091208138B09EA4509600F8E828FCA
:10D3A00083A3A3A3A3A3A3A3A3E004F0EE242012CA
:10D3B000E3F9440812DD387900800279107406021E
:10D3C000C53B12E3EFFAE9FBEE22EE2415F582EFFE
:10D3D00012D789A2E02212D3DE12173CE922E0FA2A
:10D3E000A3E0FB22FAA3E03400FB2212CD2CA3A37E
:10D3F000A3A3A3A32212D3F92212D0398E828F8342
:10D40000A3A3A3A32274F4120A63EAFEEBFF12DCC7
:10D41000B912CD969010ABE0F8EE242B12E3F9C3CD
:10D4200098400302D57A12DCD97015EE242B12E352
:10D43000F90412D5A8C0E0EE242912B6D9D0E0F044
:10D44000EE242812E3F9FC7900800109EE242C1265
:10D45000BFACE9C3985026750801750900E9780842
:10D460001211DD12DCD9550860E1E92CFC750801C8
:10D47000750900E978081211DDE04508F0EE24276F
:10D4800012D595EE242E12B6D9EC8A088AF0A4F8AB
:10D49000ABF0E42BF9E098F8A3E099F9C3E895081C
:10D4A000E99400EE4039242712BFAC12DCD9603772
:10D4B000EE242D12B6D912D5A2A3E4F0EC7054EEEE
:10D4C000242012E3F9442012C9CCC0E0EE24261235
:10D4D000B6D9D0E0F0EE243012D595A3E0805924DF
:10D4E0002912B6D974FFF0900358E0FA9010AEE01C
:10D4F000F508EA8508F0A4ABF075F064A4FAADF085
:10D5000075F064EBA42DFB8E828F83A3A3EAF0A3B6
:10D51000EB80A8EE242012E3F954DF12CFCAECF01E
:10D520008C08EE242712E3F98508F0A4FAABF0EE9C
:10D530002430F582EF12D58CFBEE241EF582EF121B
:10D54000D58812D5B0C0E0EE242512B6D9D0E0F0CF
:10D55000EE241C12B6D9E812D78E90032C12CDBE41
:10D56000600BECF912C407122665E97018EE240B63
:10D57000FAEF3400FB122600800B7BE9EE2422F543
:10D5800082EF12D76502B7A912E2082212D7892AC0
:10D59000FAA3E03B2212D59922F582EF12CF8CE05C
:10D5A000FA2212CD2CA3F022F0EE242A12D78622E2
:10D5B00012D5B5E02212D5B92212CD01A3A322744F
:10D5C000F4120A6390032A12E37B121DDE8A0A8B8F
:10D5D0000B7CFF7DFF8020E0C398FAA3E099FBC39A
:10D5E000EA9CEB9D500E8E828F83A3A3E0C398FC30
:10D5F000A3E099FD12E36EEE4F605912DE72E50A68
:10D60000C398F8E50B99F98E828F8312DD0BC3E87E
:10D610009AE99B8E828F83A3A340BCA3A3A3A3E01C
:10D620006402701DEE240B12DCDC600CEE24101280
:10D63000B6D912DD0D121C8EEEFAEFFB12252880F2
:10D6400007EEFAEFFB12251C7A017B0090105412B2
:10D65000C526801474FF6C700374FF6D600A7A0134
:10D660007B0090105412BFFA02B7A974F0120A633B
:10D670008A088B09ECFAEDFB890A7C0112E3881217
:10D68000DCCB8A0C8B0DAE0CAF0DEE4F700302D7C6
:10D6900058E50A600302D758E50812D75BE0F8EEB8
:10D6A000242812E3F968600302D758EE242C12D51F
:10D6B00095E82AF8E43400F98E828F83A3A3A3A30C
:10D6C000A3A3A3A3E0FAE89AE99400C365D033408A
:10D6D0001412D9EA12DCDF700C7B0012E381E50939
:10D6E00012D765807312D9EA12DCDF7031EE242C78
:10D6F00012E3F9F9EE242912B6D97508FF7509006D
:10D70000E978081211DDE508F0EE242A12B6D9E511
:10D710000812D77E29F0EE242B12C51E8022E508C0
:10D720002414F8E5093400F9E0C0E0EE242A12B62A
:10D73000D9D0E012D779C0E0EE242912B6D9D0E0D2
:10D7400012D793242D12B6D912C56BA312D78E7A95
:10D7500001FB90105412C52602C53E2413F582E544
:10D760000912CF882212D59CEE241412CF8512CE36
:10D770001BEEFAEFFB1225282212C9EFE022F0EE91
:10D78000242812D78622F582EF12CF8CE022F0A354
:10D79000E4F022F0121DDE8E828F83EAF0A3EBF01C
:10D7A000EE2274E8120A6374FD1210AEE985188245
:10D7B000851983F08A0A8B0B8C168D17741B121235
:10D7C000E512D9E2741D1212E5780C1212838A82D6
:10D7D0008B83A3A3E0F9121BAA8A128B13EA4513C9
:10D7E00070077A007B0002D9DD7A127B00121D0CD3
:10D7F0008A088B09AE08AF09EE4F700302D9D97CB5
:10D80000127D007900121C7674011212E5AA82AB17
:10D8100083850A82850B83A3A3E0F912265AEE249E
:10D820000FF508EF12E3A574021212E5E0850882F5
:10D83000850983F07902EEFAEFFB12253485168212
:10D8400085178312D3F5E8F0A3E912DA228E828FCE
:10D8500083A3A3A3A3A3A3A3F07514FF7515008549
:10D860000882850983E078141211DD12B6D6E5141A
:10D87000F0851282851383A3E0F812CABAC0E0EEE5
:10D88000240B12B6D9D0E012DA2CF508EE240D12D2
:10D89000B6D9E508F012DCE4E08508F0A42424FA07
:10D8A000E5F03400FB121C888A088B09EE12E06F49
:10D8B000EF12CD93EA4509700302D9CE8A828B8399
:10D8C000741A12D78E8A828B83A3A3F0A312DA165E
:10D8D00012D9FF12CA26AC16AD17EA2406FAEB34A9
:10D8E00000FB121BC8850A82850B83A3A3A3E0C09B
:10D8F000E0E508240FF582E50912B6DCD0E0F090EF
:10D90000037512DE76E508241012D9F312DA39A372
:10D9100012DE76E508241212D9F312CFA5C0E01268
:10D92000D9EA12B6DCD0E0F0E50A12DCB4E50B125D
:10D93000E3FCC0E0E5082415F582E50912B6DCD069
:10D94000E012DA0DC0E0E5082416F582E50912B60A
:10D95000DCD0E012E448E0C0E0E5082417F582E5F9
:10D960000912B6DCD0E012E448A3E0C0E0E50824E8
:10D9700018F582E50912B6DCD0E012CCF4C0E0E57F
:10D98000082419F582E50912B6DCD0E0F0E5082498
:10D990001AF582E50912B6DC780C121256E5082455
:10D9A00024F8E5093400F9E5082422F582E5091296
:10D9B000CA23E50A12E383E50B12E3FCC0E0E508A5
:10D9C000241FF582E50912B6DCD0E0F0800BEEFAF8
:10D9D000EFFB1225287E007F00EEFAEFFB740302B6
:10D9E000E3C4E0F510A3E0F51122E5082414F58264
:10D9F000E50922F582E50912CF88E8F0A3E922E0E3
:10DA0000F8A3E0F98A828B83A3A3A3A322F0851055
:10DA100082851183E02212DA1A2212CFAEA3A3A3C9
:10DA2000A322F012E390E50B12D78922F0E50A2435
:10DA300010F582E50B12D7892212DA1AA3A3A322CA
:10DA400074E8120A638A0A8B0B8C108D1189147486
:10DA5000181212E5E0F516A3E0F517741A1212E594
:10DA6000780C121283750900EA2413F582EB12E395
:10DA7000FCF50890032C12CDBE6011A90890032C70
:10DA800012C404122665E9600302DCB17C02851031
:10DA90008285118312DD0D12E390E50B12DCCB8A37
:10DAA000128B13AE12AF13EE4F704B850A82850BAB
:10DAB00083A3E0A2E0400302DCB1780C12101578D9
:10DAC0001612101DA914AC10AD11AA0AAB0B12242A
:10DAD000FE74061210308A0C8B0DAE0CAF0DEE4F9B
:10DAE000700302DCB18E828F83A3A3A3A3A3A3A39D
:10DAF000A3E50812DD3885080C8E828F83A3A3A3CB
:10DB0000A3A3A3A3A3E024FFF8E434FFF9E8650C82
:10DB10007001E97003750901EE240B12DCDC70035F
:10DB200002DC64850A82850B83A3E0A2E0500375C2
:10DB3000080012DD18E50C98E499C365D033401E47
:10DB4000E0F8EE240E12E3F928F0750CFF750D00D5
:10DB5000E8780C1211DDEE12DCB4EF12DCD212E325
:10DB600097E50B12C99812101912CA3085080CEEED
:10DB7000240D12E3F9850CF0A4F8A9F0EE2410129C
:10DB8000E3F9242212C80728FAA3E039FB12CA2AB3
:10DB9000121030750C0112DCF0780C1211DD12E35A
:10DBA000F6450CF0E509A2E05069EE240C12DCC148
:10DBB00012DCF004780C1211DD8A828B83E0450CB4
:10DBC00012DD3085080C850CF0A4F8E50A12E06F30
:10DBD000E50B12E3FCFCE82CFCE5F03400FDEE2440
:10DBE0001012B6D912DD1112DE7EF47026EE240B6F
:10DBF000F50CEF3400F50DEE241012B6D912DD0D40
:10DC0000850C82850D8312D028850C82850D837446
:10DC1000FF805012DCB912CD96900358E0FA9010B4
:10DC2000AEE0F50CEA850CF0A4FAABF0F8EBF99055
:10DC300010ABE0F50CE8850CF0A4F8ACF0850CF026
:10DC4000E9A42CF9EA28F8EB39F9E875F064A4F8AE
:10DC5000AAF075F064E9A42AF98E828F83A3A3E861
:10DC6000F0A3E9F012DD1812E365E8650C7001E934
:10DC7000600EEE240C12DCDC6006E509A2E05031F7
:10DC8000EE240E12E3F9C0E012DCE4D0E0F012E37F
:10DC9000F6C0E0E50A2414F582E50B12B6DCD0E00C
:10DCA000F0AC0AAD0B85108285118312DD0D1224B4
:10DCB000C802E3C7240CF58222121DDE8E828F83F8
:10DCC0002212E3EFFAE9FB750CFF2212DDDB1225CD
:10DCD0002E2212CF88E50CF022EE2429F582EF12D5
:10DCE000D789F422E50A2413F582E50B12CF8822A6
:10DCF000750D00EE240F12D786F5F0E50884E5F0E7
:10DD0000228E828F83A3A3A3A3A3A3A3A312D3DEF4
:10DD100022E0242012C5502285080CEE240E12D7D2
:10DD200086F8EE240F12D599E82AF8E43400F92297
:10DD3000F0EE240D12D78622F07A017B0090105469
:10DD4000E0F9121CC422C082C08390105412D02863
:10DD500002C4DC74F4120A638A088B09EB548070E5
:10DD60003BEAA2E05047122516E5086401FAAB0928
:10DD7000803F8E828F83E06401701A12CF7E120E74
:10DD80001412B6E012101DEE241212DDC41224EC9F
:10DD90007406121030EEFAEFFB121C8E9010541223
:10DDA000DDB470CEAA08E5096480FB80047A007BAC
:10DDB0000002B7A9E0F9121C9A8A0A8B0BAE0AAFCF
:10DDC0000BEE4F22F582EF12DDDBEE2402FCEF3486
:10DDD00000FDEE2418FAEF3400FB2212CF8CE0F99C
:10DDE00022C082C08390032E80048C828D8312DE39
:10DDF0002360298C828D83A3A3E069600574FF6989
:10DE000070E88C828D83A3A3A3E06A7003A3E06B08
:10DE100070D8EC2403FAED3400FB80047A007B0018
:10DE200002C4DC12CD68EC4D2274F7120A63E9FCDF
:10DE300074FE6C70047D0180027D0090032E8009C9
:10DE40006C70027D018882898312CDBE601F88823A
:10DE50008983A3A3A3E06A7003A3E06B70E7EDA23C
:10DE6000E088828983A3A3E050D6F9800279FE027C
:10DE7000C9868E828F8312DE7A2212D03922ECF08C
:10DE8000A3EDF08A828B83E022740D1210307F03A1
:10DE9000020D1874F6120A638C828D83A3A312E01C
:10DEA00097F0EA2417F582EB12E3FCC0E0EC12E0F5
:10DEB0006FED12B6DCD0E0F0EA241DF582EB12B66D
:10DEC000DC12DE76EC12E3E1ED12B6DC12E097A391
:10DED000F0A3F012E3E0EB12B6DC12E089A3A3A3F7
:10DEE000A3A3A3EEF0A3EF12D779FE8C828D831249
:10DEF000E0B674035EFEC39403400FEC240D12C918
:10DF00007AEC241012C97A02E06BEE600574026E9E
:10DF100070748C828D83E0540CFE740C6E7003025E
:10DF2000E008E0A2E4400D88828983E08C828D8342
:10DF3000A312E0E074086E600302E008EC12DCB4A7
:10DF4000ED12C5D1F08A828B83A3A3A312E1E57001
:10DF5000148C828D83E0440C12E0A5A3A312E08907
:10DF6000EEF0A3EFF08C828D83E0A2E4401812E083
:10DF70007412E0C312E07DA3A312E0C38C828D83F0
:10DF8000A3A3A312E0B688828983E0C0E0EC12E389
:10DF900092ED12B6DCD0E012E0B68C828D83E0A266
:10DFA000E7507C88828983E0FE8C828D8312E0E0DA
:10DFB00074FC5E600302DEFB8C828D83A3E054035D
:10DFC0006403700302DEFB8C828D83A3E054036044
:10DFD0005188828983E0C0E0EC2413F582ED12B60B
:10DFE000DCD0E012E0E18C828D83E05403640270A7
:10DFF0003188828983E0C0E0EC2414F582ED12B60A
:10E00000DCD0E012E0E1801AEC240C12C97A740C26
:10E010006E600302DF4512E07412E0CE02DF65A3FA
:10E02000E4F0EC12E399ED12CA23EC2410FEED3477
:10E0300000FFEA241DF582EB12E3FCF5088E828FC7
:10E0400083E0C3982508F508F0EA2417F8EB12C519
:10E0500074C39508C0E0EC12E3E1ED12B6DCD0E049
:10E0600012D779C39508500302DEFB02C509EA24E2
:10E0700010F5822288828983E012E07D22F508A3D0
:10E08000E0FFE5088C828D8322E0FEA3E0FF8C8216
:10E090008D83A3A3A3A322E412E09C22F08C828DA3
:10E0A00083A3A3A32212E0ADA3A3A3A322F08A8299
:10E0B0008B83A3A3A32212E0BEA882A9832212C944
:10E0C000EFA322A3A312E0CE88828983E022A3A338
:10E0D000A3A3F0A3EFF0E824020808E93400F92232
:10E0E000A312E0BE08A9832274F5120A6374F31226
:10E0F00010AE8A088B09ECFEEDFF8E828F83E05410
:10E100000CF50AE0A2E75006E50AD2E7F50AE50AAF
:10E11000D2E1F50A12E1E77006E50AD2E4F50AE079
:10E12000A2E55006E50AD2E5F50A7C087D007900F3
:10E13000851882851983AA82AB83121C7674021219
:10E1400012E5E50A12E210E0C0E074031212E5D015
:10E15000E012E21D12C32874051212E512C9A412BE
:10E1600012E5E0707D74081212E5E0241212C54C2D
:10E1700012CD6EC0E074081212E512E1F4D0E01284
:10E18000E230C0E074081212E512C31FD0E0F07450
:10E19000081212E512D1AF12E1FB12C9CCFAA3E0CA
:10E1A000FBE8242812CD90EE241112E3F9C0E0E838
:10E1B000242EF582E912B6DCD0E0F0EE241412E34E
:10E1C000F9C0E074081212E5E0243112C54CD0E029
:10E1D00012E215C0E074081212E512E1EDD0E0126F
:10E1E000E22902DE89A3A3E05403640122E0243083
:10E1F00012C55022E0242212C5502212D3DEE82498
:10E2000026F582E912E2082212CF8CEAF0A3EB2273
:10E2100012D040A322F0EE241312D7862212E2215C
:10E2200022F08518828519832212C9F912255E22EF
:10E2300012D0D4E02274F7120A637E008A828B83A4
:10E24000A3A3A3A3A3A3A3A3A3E06402607B12C917
:10E250008B12E3FC707312CDF012B6DC12CDBE60EF
:10E260006888828983E05403705FA3A3A3A3A312E9
:10E27000E2CCE06A7003A3E06B704E88828983125F
:10E28000E2CCA3A3E0FFA3E0F5838F82A3A3A3A323
:10E29000A3A3E06A7003A3E06B702E88828983A336
:10E2A000A3E0F88C828D83A3A3E0F9A3E0F5838932
:10E2B00082A3A3E06860118C828D83A3A3E0F8128F
:10E2C000CABA540C640470010E02C364A3A3A3A3CE
:10E2D00012D3DE8C828D832274F6120A6374FC12D0
:10E2E00010AEEAFEEBFFECFAEDFB8A828B83A3E033
:10E2F0005403601690031A12CDBE605C7900EEFCE8
:10E30000EFFD12C407122665804E85188285198399
:10E31000EEF0A3EFF074021212E5EAF0A3EB12E2C2
:10E320001DAC82AD837AC27B241216468A088B0903
:10E33000A808A909E849602088828983A3A3A3A328
:10E34000A3A3A3A3A37406F07A0088828983E024A0
:10E350000C12E35DF912157A740402C50612E3612A
:10E360002212CD2022E824FF18E934FFF9228E8200
:10E370008F83A3A3A3A3A3A3A3A3A3E0FEA3E0FF70
:10E3800022E5082412F58222E50812E392E509222B
:10E39000E50A2411F58222E50A240EF58222240ED4
:10E3A000F582E509223400F50922E8F0A3E912E23A
:10E3B0002174FFF022E5082410F582E5092212E419
:10E3C00004780C221210307F10020D1812E3D022B4
:10E3D00012E3D8EEFAEFFB221216B2EAFCEBFD22B2
:10E3E000EA240DF582223400FF8E828F83A322F867
:10E3F000EF3400F9E822EE240CF582EF12D78922DF
:10E4000012E40422E0F50CA3E0F50D2274F7120AE1
:10E4100063890890033012CDBE600AA90812C407B0
:10E420001226658002790102C98674F7120A63E92F
:10E43000FE90033212CDBE600AEEF912C407122616
:10E44000658002790002C986F0851082851183A358
:10E450002274F7120A63E990053CF09005247402D7
:10E46000F090051C74FEF0A304F01216B2121E3ECA
:10E47000121F527A8A7B10121B86901089E0600965
:10E480007A007B00121E2C80147AFF7BFF121E2C58
:10E490007CF47D017B327A007908122102121F047C
:10E4A000121E5002EC1D74F6120A63EAFEEBFF54D2
:10E4B000807033EEA2E05047901089740112E6C6D6
:10E4C0007C0F7B0F90053FE0FA900541E05407F97F
:10E4D000121F58EE6401FAEFFB02E57F121E44AAF8
:10E4E00008AB09121C8E90053CE0F9121C9A8A08B0
:10E4F0008B09A909EA4970E4EEFAEF648080D954E7
:10E50000026008121E38EE640280CBEE5420601EBA
:10E5100090053DE07010901089E064067003740768
:10E52000F07900121D9C12E582EE642080A8EE5462
:10E53000106023901089E0F9121F5E90060EE064CF
:10E5400001700E7C647D007A007B089003C212EBA0
:10E550005DEE64108080EE54086006EE6408FA8078
:10E560001EEF54026006EF640202E4D8EE54046029
:10E570000A7A0279FF12205A1212EF7A007B000207
:10E58000EB437A107B0090053CE0F9121CC4227426
:10E59000F6120A6374FE1210AE12F506901089E0AE
:10E5A0007005790012204E121F0A900543E0900377
:10E5B00062F0121E32121C82851882851983EA5479
:10E5C0007FF8E028F8A3E03400F9E82464FEE93499
:10E5D00000FF790112203C851882851983E0F470D0
:10E5E00003A3E0F460359010897401F0121E628577
:10E5F0001882851983AC82AD837A897B10121E74D0
:10E60000901089E0700E7A0279FF12205A12E5828A
:10E6100079028011EEFAEFFB121EE0900543E0F95B
:10E62000121736790102ECBDC082C0839010B5E0AC
:10E63000700E90053F7402F0900541E054F8802E72
:10E640006401700A900541E054F84401800DE064D3
:10E65000027009900541E054F84402F07A057B030A
:10E6600012187AE990053F7003E480027403F00207
:10E67000EC02C082C08390053DE07012901089E0EA
:10E68000640870037409F07900121D9C802B121726
:10E690002AE92410F8E43400F9E894FFE99400C36F
:10E6A00065D033500E12172AE92410F91217307A68
:10E6B0000180089010897401F07A1012E58402EC50
:10E6C000029010897406F07A107B0090053CE0F906
:10E6D000121CC422C082C0831220BAE964017005F2
:10E6E000901089E4F002EC0274F6120A6374FF12CF
:10E6F00010AE8A828B83E014603B14700302E868DA
:10E7000014700302E87A24E9600B2447600D24D6D4
:10E71000600F02E8A412201202E8A4121E4A02E8C6
:10E72000A490056F12F196700302E8A412F3781218
:10E73000266502E8A4901089E06402600302E8A460
:10E740009010B5E064016008E06402600302E8A490
:10E75000121E928A088B09A808A909E8FEE9FFE8B9
:10E7600049700302E84F901087E0C39403500302FE
:10E77000E84F90053FE07059901089740312F0E261
:10E78000E0F9121EEC8E828F83A3A3A3A3A3A3A3FD
:10E79000A3A3A3E0F50878081210218E828F83A32B
:10E7A000A3A3A3A3A3A3120E18900543E0F5087832
:10E7B000081210218E828F83A3A3E0F98E828F83AB
:10E7C000E0FCA3E012E8A91213B874041210308020
:10E7D0006B6403706D9010897404F0900368E064BA
:10E7E000FE7003A3E0F47012121C8290036812F50D
:10E7F0000C7A687B037953122432900375E064FE2F
:10E800007003A3E0F4701412E8B3900375E8F0A36A
:10E81000E9F07A757B0379501224328518828519C4
:10E82000837401F0AA82AB8379521224328E828FD4
:10E8300083A3A3E0F97A267B051213ACE9600312E7
:10E84000EB05900543E0A2E3505A12EAEF805590A1
:10E850001088E0604F901087E004F0121C82EA24D8
:10E8600064FAE43400FB80399010B5E0640160057F
:10E87000E06402702F121E56802A9010B5E06401E9
:10E880006005E06402701D900540E4F090053F04CF
:10E89000F090052512E8BD9010A07402F07A007B7C
:10E8A00000121EE0740102EB40FDEE240BFAEF347F
:10E8B00000FB228E828F83E0F8A3E0F922F07C89AE
:10E8C0007D037A267B0512241A2274F6120A6374D9
:10E8D000EB1210AEEAFEEBFF12F40FF50978081206
:10E8E0000C8002002100220022E900800180F4E86F
:10E8F000000040E9121FAC8A088B09AE08AF09EE90
:10E900004F603D8E828F83E0700FEE2403FCEF3466
:10E9100000FDA312F0AC121F94EEFAEFFB121D12D1
:10E92000801E851882851983AC82AD83121FA6854F
:10E930001882851983AC82AD83EEFAEFFB121F8E2D
:10E94000741502EB40C082C0837A0112E9647A0038
:10E9500012E9647A217B0012E9667A227B0012E9CF
:10E960006602EC027B8090053CE0F91220062274DE
:10E97000F6120A6374FE1210AE901089E064036010
:10E9800015E0640A600302EA61900541E0540764FF
:10E9900001600302EA6690053DE0703A12E582905C
:10E9A0001089E0640A700D12EB1460109003777404
:10E9B00008F08008E064037003121EF2901089745E
:10E9C00006F012EB14700302EAEC7B007A00790087
:10E9D0001213BE02EAEC90053FE064017036900528
:10E9E00040E004F0C39403402B900375E0F47003FF
:10E9F000A3E0F4600D900375E064FE7003A3E0F4FF
:10EA0000700690053FE4800B90053F7403F090057D
:10EA1000257401F01216B88A088B0974FE65087017
:10EA20000474FF6509700D900368E064FE7003A331
:10EA3000E0F4601B85188285198374FEF0A304F04E
:10EA400090036814F0A30412F19E79531224321239
:10EA500017F61213949010877401F012EB0502EA76
:10EA6000ECE06404707890053DE0702112E6C190FE
:10EA70000543E0A2E3500312EAEF12EB1460097BB6
:10EA8000007A0079001213BE121EF2805F90053FDB
:10EA9000E064017040900540E004F0C39404502D00
:10EAA000900375E0F47003A3E0F4600D900375E04B
:10EAB00064FE7003A3E0F4700790053FE4F0801556
:10EAC00090053F7403F0900525740180F090030DCC
:10EAD000E0640160E41217F612139402EA5B9003FB
:10EAE000B4E064027006121EF212E58202ECBD7AF6
:10EAF000007B001216D67A007B001216DC7A007BAF
:10EB0000001216E222121C82EA547F2464FA7B006F
:10EB1000121EE022900541E0540764022275083E6F
:10EB2000750905780812101D750801750900780827
:10EB300012101D7C007D007A857B00121D8A7404F2
:10EB40001210307F02020D18C082C083EAFCEBFD78
:10EB50007A0412EB5802EC027B0090053CE0F912BB
:10EB60001DC02274F6120A6390053EE4F075083E5B
:10EB7000750905780812101D7C017D007A857B00DF
:10EB8000121D847402121030E9701C780812101DD6
:10EB9000750801750900780812101D7C007D007A47
:10EBA0008512EBAA12103002EB437B00121D907409
:10EBB000042274F6120A63E9FE90053E7401F06EB9
:10EBC00070037403F002EB1D74F6120A6390053EA5
:10EBD000E4F002EB1DC082C0838C828D83E4F0A33D
:10EBE000F090053EE0A2E05019A2E1500C8C828D1D
:10EBF000837488F0A3741380058A828B83E4F012F7
:10EC00001E6ED083D082020FE274F7120A63121EC6
:10EC1000687A887B13121E5C800312E5847F0102F0
:10EC20000D1874F1120A6374F71210AE8A088B097A
:10EC3000ECFEEDFF890AEEFAEFFB122036EEFAEF5A
:10EC4000FB12201E9004AC12F196603C7408121264
:10EC5000E57403F08E0C8F0D750E00780C121019F0
:10EC60007C087D0074031212E5AA82AB83121C6A31
:10EC70007403121030851882851983AA82AB8390A1
:10EC800004AC12F375122665A90AEEFAEFFB12170F
:10EC9000427900AA08AB091214E4900375E0FCA3C2
:10ECA000E0FDAA08AB0912180E74091210307F0794
:10ECB000020D187F04020D187F06020D187402025F
:10ECC000EB4074F0120A63890B8A0C8B0D8C088D53
:10ECD000098B0EAA0E7B00121C888A0E8B0FAE0EBB
:10ECE000AF0FEE4F6031E50D601DE5084509601777
:10ECF000750A007808121019850D08AC087D0012FD
:10ED00001C6A74031210308E828F83E50CF0EEFAC9
:10ED1000EFFBA90B121C947F08020D18C082C08360
:10ED200074FD1210AEE9851882851983F0900532C2
:10ED300012F1966015851882851983AA82AB83909B
:10ED4000053312F378122665801674021212E5E478
:10ED5000F0041212E5AC82AD837B027A0112F18DD0
:10ED60007900740312103002EC0274F2120A637517
:10ED700008001215E08A0A8B0BAE0AAF0B8005055E
:10ED80000812F1FBEE4F70F7750B007509001215B4
:10ED9000E08A0C8B0DAE0CAF0D750A008023E06489
:10EDA0000270128E828F83A3A3A3A3A3A3E06401A6
:10EDB0007003750B01E509600302EE76050A12F196
:10EDC000FBE50AC39508400302EE5A9010B3E0F445
:10EDD0007003A3E0F4600F12E8B39010B3E0687022
:10EDE00003A3E06970D67A267B0512187AE96401DC
:10EDF0007012EE240BFCEF3400FD7A267B05122402
:10EE000014E960B8E50B8E828F83A3A3A37005E09D
:10EE1000700680A8A3E060A48E828F83A3A3A3A31F
:10EE2000A3E0F8900365E06870928E828F83A3A3BD
:10EE3000A3A3A3A3E0F89010A1E0686039E0640107
:10EE4000600302ED9E8E828F83A3A3A3A3A3A3E0FE
:10EE50006402600302EDB502EDB2E50B600C05093A
:10EE6000E509C39402500302ED8EE508650A7006B9
:10EE70007A007B008004EEFAEFFB02ECB874F21229
:10EE80000A638A088B0990053412F196600912F31F
:10EE90007812266502F0A99003C312F2059003C30D
:10EEA000E0F50AA3E0F50B802D12E8B38A828B838C
:10EEB000A3A3E0687003A3E06970148E828F83A31C
:10EEC000A3E0F88A828B83A3A3A3A3E068605F8E8C
:10EED0000A8F0B12F1FBEE4F70CF7A167B00121DDA
:10EEE0000C8A0C8B0DAE0CAF0DEE4F700302F0A927
:10EEF0007C167D007900121C768E828F83A3A3A3DB
:10EF0000A3A3A3A374FEF0A30412F0E2A3A3A3A3FC
:10EF1000F09003C312F19670059003C3800BE50ACD
:10EF20002414F582E50B12F355EEF0A3EFF08508FB
:10EF300082850983A3A3A3A3A3A3A3A3A312F0BBC6
:10EF4000A3F0E5082408F8E5093400F988828983EC
:10EF500012F0BB12F0D2E08E828F83A3A312F0D8FE
:10EF600012F0AC8E828F8312F50CE508240CF5822A
:10EF7000E50912F2A8C0E0EE241312F352D0E0F03B
:10EF800088828983E064016011E508240DFCE509AD
:10EF9000340012E8A912241A800C7C087D0079FF45
:10EFA00012E8AA121C76850882850983A3A3A3A36D
:10EFB000A3A3A3A3A3A3E0F89010BDE0C3984003CC
:10EFC00002F0A9850882850983A3A3A3A3A3E06413
:10EFD000016009900525E0700302F0A97900900313
:10EFE000B4E0640270308E828F83A3A3A3A3A3A393
:10EFF000A3A3A3E0C398500D12F0B212F2A8C394D9
:10F0000014402D802C8E828F83A3A3A3A3A3A3A33C
:10F01000A3A3E068701B8E828F83A3A3A3A3A3A3E3
:10F02000A3A3A3A3E0F812F0B212F2A8C398500170
:10F0300009850882850983A3A3A3A3A3A3E0603560
:10F04000E9A2E0503085088285098312E8B78E82F4
:10F050008F83A3A3A3A3A3A3A3E8F0A3E912F0D2F1
:10F06000A3A3A3A3A3A312F0CAF012F0B212F35504
:10F0700012F0CAA3F0850882850983A3A3A3A3A3E2
:10F08000A3A3E0600B8E828F83A3A3A3A37401F0DC
:10F09000850882850983A3A3A3A3A3A3E0600A8EA6
:10F0A000828F83A3A3A37401F002ECB8E0FAA3E07B
:10F0B000FB22E508240BF582E5092212F0BF22E0CD
:10F0C0008E828F83A3A3A3A3A32212F0BFA3A3A323
:10F0D000A32212F0D8A3A322F0850882850983A376
:10F0E000A322F08E828F83A3A3A3A3A3A32274F7EA
:10F0F000120A63E990053DF0700A12F110700C7469
:10F1000006F080077A0079011220FC7A2002EC1ABE
:10F110007A0179011220FC901089E02274F7120A1A
:10F120006374FB1210AEE9FE90053DF0700A12F117
:10F1300010700C7403F080077A0079011220FC90A3
:10F14000053612F1966033EE851882851983F090AA
:10F15000036812E8B774011212E5E8F0A3E9F09031
:10F16000036B12E8B774031212E5E8F0A3E912F199
:10F170009E90053612F3751226657C007D007B0299
:10F180007A0212F18D740512103002EC1D90053CCC
:10F19000E0F9121E8622E0F8A3E0F9E84922F085A2
:10F1A0001882851983AA82AB832274F4120A638AB7
:10F1B000088B099004A512F20512E582803312F340
:10F1C0006FE060267A047B00121C88EA4B601B8A81
:10F1D000828B8374D6F0A3A3E508F0A3E509F012AF
:10F1E000F36F12F374E0F9121C9412E8B3E8FEE92D
:10F1F000FFEE4F70C9121EF202ECB3EE2414F5823A
:10F20000EF3400F583E0FEA3E0FF227900020FE275
:10F2100074F7120A6374FB1210AE12F50674021230
:10F2200012E5ECF0A3EDF074041212E5E9F090059C
:10F230003012F1966013851882851983AA82AB83F8
:10F2400090053112F37812266502F18574F6120AE0
:10F2500063EAFEEBFF1216B2EAFCEBFDEE2402FAC3
:10F26000EF3400FB122414E9640170229005381277
:10F27000F1966011EEFAEFFB12F3781226658B0916
:10F28000EA4509701A12F2A2F9121E7A80118E82D2
:10F290008F83A3A3A3A3A3A3A3A3A3A312F35A029D
:10F2A000EB43EE240BF582EF3400F583E02274F695
:10F2B000120A6374FE1210AEEAFEEBFF8E828F8399
:10F2C000A3A3A3A3A3A3A3A3A3A3E064017039EE04
:10F2D000240CF8EF3400F9880889098882F583E066
:10F2E000C0E074011212E5D0E0F012F2A28518829B
:10F2F000851983F0AA82AB831213C485088285091D
:10F3000083E0F9121E7A80321216BE8A088B09A891
:10F3100008A9098E828F83E0687003A3E0697011E9
:10F3200012F2A26401600512EB14700512F34F8013
:10F33000D0EE240B12F35212F35A90053A12F196C2
:10F34000600AEEFAEFFB12F37812266502ECBDEECE
:10F35000240CF582EF3400F58322E0F9EE2402FC60
:10F36000EF3400FD8E828F8312F0AC121E80228E4D
:10F37000828F83A3A3E0F8A3E0F58388822274F749
:10F38000120A63E9FE900362E0A2E1401374016E89
:10F39000700E1217F67C007D007B027A0312F18D4D
:10F3A00002EC1DC082C08312146002EC02020FE264
:10F3B00074F6120A63EAFEEBFF12F34FA3E05480E7
:10F3C000704A12F2A27045EE240C12F2A56413707A
:10F3D00002A3E0603712F40F4480F5097808121098
:10F3E0001DE4F508F509780812101DEE240E12F23E
:10F3F000A5FD7C84EE24020A0AEF3400FBEE240F04
:10F4000012F2A5F9121FFA740412103002EB43EE47
:10F41000240CF582EF3400F583E0F508A3E022C068
:10F4200082C083EA4B600BEAFCEBFD7A0112EB58D9
:10F4300080057A0112E58402EC02C082C0837A0062
:10F440007B0290053CE0F9121DD202EC0274F71227
:10F450000A63E9FE900543E0A2E1501A9010A1E092
:10F460006E6013900541E054F84402F09005437437
:10F470000CF0F912173602EC1D74F6120A637A00CA
:10F480007B001226061216B28A088B09AE081216E5
:10F49000B87508007808121021900543E0F9EEFCD9
:10F4A000AD09121FD674011210307A007B001226AB
:10F4B0000602EB43020FE274F7120A6374FB1210A8
:10F4C000AE12F50674021212E5E9F074031212E5A9
:10F4D000ECF0A3EDF090052E12F1966013851882E2
:10F4E000851983AA82AB8390052F12F378122665C3
:10F4F00002F185C082C0837A0012F5120AEAC39431
:10F500000740F602EC02851882851983EAF0A3EB26
:10F51000F022EA12F51BE4F0A3F022C333F8E4333F
:10F52000F9742E28F582740539F58322C082C083D0
:10F53000900ADCE4F0900AEAF0900AE0F0A3F09080
:10F540000ADB12FE1F12FA2B900AEBF0900AECF085
:10F55000900AED02FC04C082C0839061947405128D
:10F56000FA1C75E9FBA2E792AF9061A3E0D2E20238
:10F57000FC04C082C08312237E900ADCE4F0F912FE
:10F58000236002FC05C082C083900AEC7401F090F5
:10F590000AEBE0700312F62202FC05C082C08390E1
:10F5A00061A4E0C2E0F09061947405F075E1ED753E
:10F5B000E1EDE5A8C2AF759B0075E9FBA2E792AF4C
:10F5C000900AE0E0F8A3E0F9E84960077AE07B0AF6
:10F5D000121952900ADE741EF0A37423F0900ADB15
:10F5E000E07006900ADDE0600C900ADBE4F0900A1F
:10F5F000DDF012234802FC05C082C083900AECE0D3
:10F60000701D900AEB7401F0900ADE12FA5A12266D
:10F6100065900AEBE4F0900AECE0600312F6220237
:10F62000FC05122312900AECE4F02274F3120A6330
:10F6300074FE1210AE7F00900ADBE06003122072AD
:10F64000900ADB7481F0900AEEE0600D906193E027
:10F65000A2E74010E0A2E6400B900ADBE4F01223A0
:10F660004802F9DF1221E612FA25900ADCE0900A3E
:10F67000E9F079047AE27B0A122270900AE2E054FF
:10F680007F24FD900AE6F0900A8AE0900AE6701D59
:10F69000E0C3947D500B900AE3E05407C394044008
:10F6A0001575E1ED75E1ED12233C02F9DFE0C3943D
:10F6B0007D4003122072900AE3E054076402600365
:10F6C00002F765900AEAE0600302F765790285189F
:10F6D00082851983AA82AB83122270A2AFE433F52C
:10F6E00008C2AF900AF0E06486707190042BE0F8D5
:10F6F000A3E0F9E849700312207285188285198306
:10F70000E024B7FE74011212E5E0547FFFFAEEF92F
:10F710001222EEE9C0E090042BE0241412FB63D027
:10F72000E0F090042BE0241512FD04F090042BE08F
:10F73000241612FCFFF0E508A2E092AF7401121249
:10F74000E5E0A2E75011900AE3E05410FA900AE5D0
:10F75000E0F91223D8800B1223DE8006E508A2E030
:10F7600092AF02F6A7900AF0E0648670031223DEDF
:10F77000900AE9E06024900AEAE0701E900AE9E04D
:10F780006401700302F84FE06402600302F83A90EB
:10F790000AE3E05407600302F84F900AE4E0F8132C
:10F7A00013543F5403F50BE8C413135403F50C90A2
:10F7B0000A8AE070127401650C700302F6A17401EC
:10F7C000650B700302F6A1850C0812F9E9F8850BA8
:10F7D0000812F9E928FEE50C600A900AE3E0A2E6C7
:10F7E00050021E1E900AE6E0FA8E08E5082402F890
:10F7F000E43400F9EA98E499C365D0334051E0C39A
:10F800009E24FE900AE812FA3250027F258F08905B
:10F810000AE8E0F8E50828F8E43400F9E82435FAC5
:10F82000E93400FB12194C900AE012FD2EF8A3E017
:10F83000F9E849702075E1E88015E064036003028F
:10F84000F79A900AE3E054076403700302F79A12F0
:10F85000234E02F9DF7F00900AEAE0700A900AE383
:10F86000E05420900ADDF0900ADDE06055A2AFE49C
:10F8700033F508C2AF900AE3E05407640370261220
:10F880001946E9600A7F0490618AE0D2E2801C9008
:10F890000A7FE0600A122162E964FE700880E612C5
:10F8A0001940E970E090618AE0C2E212FA1C759199
:10F8B000FEA2E792AF9061A4E0D2E0F0E508A2E0FA
:10F8C00092AF900AE0E0243512FD12FAA3E0F5832E
:10F8D0008A82A3A3E8F0A3E912FA50E0FAA3E0FBBE
:10F8E000900AE0E0243212FA40900AE8E0C0E01208
:10F8F000F9F8D0E012FA50A3A3E0C0E012FA07D062
:10F90000E012FA32504212FA077403F07508E375F8
:10F91000090A750A00780812101912FA07E0FC7D2E
:10F9200000900AE0E02432181812FB64E0FAA3E029
:10F93000FB121C6A7403121030900AE0E0243212A9
:10F94000FD0912FBF712FA46900AE0E0241A12FBB6
:10F9500063E50C12FD32242312FB63E50BF0122247
:10F960002E8A088B098C0A8D0B900AE0E024241261
:10F97000FB637808121256122222900AE0E0242833
:10F9800012FA40900AE3E05407C0E012F9F8A3D05D
:10F99000E0F0900AE5E0C0E0900AE0E0243112FBDC
:10F9A00063D0E0F0900AE3E05478F8A3E0C4540F89
:10F9B0005403484FC0E012FB79D0E0F0EE7005121E
:10F9C000FB7F801B900AE712FA32900AE7E04001C1
:10F9D00014906194F0900ADE7424F0A37423F07400
:10F9E000021210307F05020D1874422508F582744A
:10F9F0002A3400F583E4932212F9FC22900AE012E3
:10FA0000FA5EA3A3A3A322900AE0E0243412FA1121
:10FA100022F8A3E03400F98882898322F0E5A8C2A5
:10FA2000AF759B00229061A4E0C2E0F0900ADDE493
:10FA3000F022F0900AE3E0A2E322900AE0E0242A18
:10FA4000F8A3E03400F988828983EAF0A3EBF0227E
:10FA5000F0900AE012FA5AA3A32212FA5E22E0F80A
:10FA6000A3E0F58388822274F7120A6374EC121003
:10FA7000AE900AE7E0700312207212FDFF85188233
:10FA8000851983AC82AD83900AE4E01313543F548C
:10FA900003FE6064900AE0E0242CF8A3E03400F94F
:10FAA000851882851983E0FC74011212E5E0FBECF5
:10FAB0008882898312FA4B88828983E0FA12FA3AA3
:10FAC00074036E701674021212E5AC82AD83900A54
:10FAD000E0E0241B12FB59740A801674021212E52E
:10FAE000E0FA74031212E512FB68241B12FA407448
:10FAF000041212E5AC82AD83900AE4E0C4131354FF
:10FB000003FE603D12FB79E0A2E640168C828D83F5
:10FB1000E0FAA312FB7012FA3AEC24020C0CED345A
:10FB200000FD74036E700B900AE0E0241212FB5982
:10FB3000800F8C828D83E0FAA312FB68241212FAE4
:10FB400040900AE0E0240F12FB63E4F012FB7F74A4
:10FB5000141210307F01020D18FAA3E03400FB12DA
:10FB6000241A22F812FA122212FB70900AE0E02204
:10FB7000E0F9EA2400E439FB2212F9FCA3A3229065
:10FB80000ADE7430F0A37423F012232A22C082C04C
:10FB900083900AE8E070119061947401F0900ADE9D
:10FBA0007436F0A374238016C394105006E0900AB4
:10FBB000E78005900AE77410F0E0149061948044A7
:10FBC000C082C083900AE7E0F9900AE0E024321294
:10FBD000FD1DA3E0FB12227012FCF2900AE7E0FA8E
:10FBE00012FBF712FA46900AE7E0F8900AE8E0C341
:10FBF00098F012232A800E88828983E02AFAA3E0F3
:10FC00003400FB22F0D083D082020FE274F6120A95
:10FC10006375080079027AE27B0A122270900AE387
:10FC2000E05480F509700B900AEAE0640260030278
:10FC3000FCD9900ADB7402F012238A900AE2E024D5
:10FC4000B7FFA3E0547FFE900A7FE06009122168AD
:10FC5000E96003750804E5094508F8900AE0E0F951
:10FC6000A3E0F5838982A3A3A3A3A3A3E048F0EEB6
:10FC7000FAEFF91222EEE9C0E0900AE0E0242E1239
:10FC8000FB63D0E012FD32243012FD0412FD322459
:10FC90002F12FCFF12FD322435FAA3E03400FB12D0
:10FCA000FCF212FD2A240212FD09900AE0E0FCA3F6
:10FCB000E0F5838C82A3A3A3A3E0FCEAC39CFA959E
:10FCC000E0FB88828983E02AFAA3E03BFB12FD2A4D
:10FCD000FAA3E0FB121958800A12FA257AE07B0A8F
:10FCE000121952900AE0E4F0A3F012FE127F020211
:10FCF0000D18900AE0E02432F8A3E03400F9221253
:10FD0000FA11EE2212FA11EF2212FD12243412FD22
:10FD10001D22F8A3E03400F9900AE0E022FAA3E003
:10FD20003400FB8A828B83E0FA2288828983EAF09E
:10FD3000A3EBF0900AE0E022C082C083906193E0E0
:10FD4000A2E6500BE0A2E7400675E1ED75E1ED900B
:10FD50000ADBE4F0900ADDE0700312234802FC05A0
:10FD6000C082C083900ADDE4F0900ADBE0700312E9
:10FD7000234802FC05C082C08312238A1222BE12CD
:10FD800023C602FC05C082C083900ADEE0641E70B8
:10FD900004A3E064236003122072900AE6E0700579
:10FDA00012233C8021C394105006E0900AE780059E
:10FDB000900AE77410F0E014906194F0900ADE74F9
:10FDC00054F0A37423F002FC05C082C08374F012C7
:10FDD00010AE12FDFF900AE7E0F8900AE6E0C39843
:10FDE000F06011C39410500FE0900AE7F014906196
:10FDF00094F0800312FE12741012103002FC059071
:10FE00000AE7E0F9851882851983AA82AB8312225A
:10FE10007022906194740512FE1FF012233C22F0B0
:10FE2000900ADE741EF0A3742322C082C083900A5D
:10FE3000EDE004F012230C02FC0574F7120A63E9EA
:10FE4000FE900AEAF0700A906180E4F0E0440580D8
:10FE50001374026E600874016E6003122072906168
:10FE600080E0C2E0F002FB54C082C0831220F0D0D8
:10FE700083D082020FE2801C78087907E8FCE9FD54
:10FE8000EC24FF18ED34FFF9EC4D70F0EA24FF1A72
:10FE9000EB34FFFBEA4B70E0020FE2D2807808C23D
:10FEA00092E9A2E74004C2938002D293D292C33374
:10FEB000F918E870EA020FE2C2807808C292E9A25B
:10FEC000E74004C2938002D293D292C333F918E878
:10FED00070EA020FE274F7120A63E9FEEAFFEEC36A
:10FEE00094805020EFC39408501A74B02FF9122058
:10FEF000DEEEC4540F4410F91220DE740F5E44018C
:10FF0000F91220DE7F01020D1874F7120A63E9FE70
:10FF100075080074B0250812FF2EEEF91220D81FC4
:10FF2000EF70F70508E508C3940840E780D6F9129A
:10FF300020DE790112FFF07F8022C082C08353F35C
:10FF4000FE43FD0153F47343FE8CD292C2977A3282
:10FF50007B001220D2D29779AE1220DE790012FFF8
:10FF6000EC79401220DE79811220DE79CF1220DE7A
:10FF700079A11220DE79C812FFE379A81220DE7978
:10FF80003F1220DE79D31220DE79001220DE79D5EF
:10FF90001220DE79801220DE79D91220DE79F1126A
:10FFA00020DE79DA1220DE79121220DE79DB1220CF
:10FFB000DE79401220DE79201220DE79021220DE66
:10FFC000798D1220DE79141220DE79A412FFE379F4
:10FFD000AF1220DE79001220EA7A0079001220E4C4
:10FFE00002FE6F1220DE79A61220DE2212FFF0221E
:09FFF0001220DE79101220DE223D
:020000040003F7
:1080000074F0120A6374FD1210AE74021212E5E9E4
:10801000F08A088B098C0A8D0B74151212E5E0FEAC
:10802000A3E0FF851882851983E4F0A3F08E828F88
:1080300083A3AA82AB839010E2780C121283780893
:10804000790C120E7270188E828F8374691284DF1D
:10805000746EF0A37466F0A30A0AAB8302847A7884
:10806000087908120E7260118E828F83746E1284EA
:10807000DF7461F0A3746E80DD9010E6780C12124C
:10808000837808790C120C31500302812A9080A663
:10809000780C1212837808790C120E726003028138
:1080A0007E74171212E5E070030281C08518828584
:1080B0001983C082C08374131212E5128F1DD083FE
:1080C000D0821284B8502C851882851983C3E0941D
:1080D000FCA3E094FFA2D265D033401774021212C1
:1080E000E5E4128FF1F974131212E5C3E098F0A3DE
:1080F000E099F074131212E51284D574181212E587
:10810000E070030281BD74171212E5E40281BF9092
:1081100010EA780C1212837808790C12037A851809
:1081200082851983E0240A12902E9010EE780C12AA
:1081300012837808790C120C3140D49010F2780C2C
:108140001212837808790C120C3140030280A1903E
:1081500010F2780C1212837808790C12037A1290BC
:108160002580D89010EA780C1212837808790C12C6
:108170000560851882851983E024F61284D8901052
:10818000F6780C1212837808790C120CCC40D4903B
:1081900010E6780C1212837808790C120CCC40038C
:1081A0000280A19010F2780C1212837808790C12D8
:1081B00005608518828519831284D580D27401F0F8
:1081C00074021212E5E060077A007B000282CC1292
:1081D00084C4507D8E828F837430F0EAFEEBFF748E
:1081E000131212E5E0FCA3E0FDEC4D7008741812C8
:1081F00012E5E0600B8E828F83742EF0A30EAF83A6
:108200007A007B0080118E828F8374301285007417
:10821000131212E51284D5EA24FF1AEB34FFFB8512
:1082200018828519831284AC500B74131212E51254
:108230008F214970D185188285198374FFC39CF8FA
:1082400074FF9DF91284B8500302839A7A01028167
:10825000CA851882851983128F1DC3E498FAE499A0
:10826000FB806985080C85090D850A0E850B0F7842
:108270000C12086CAC0CE50D3395E0F50EF50F789B
:108280000C12097B7808790C12013E9010F2780CE0
:108290001212837808790C120560EC1284FAEAF85D
:1082A000EBF9E824010AE93400FBE849701E741375
:1082B0001212E5128F2149700874181212E5E0605D
:1082C0000B8E828F83742EF0A30EAF837413121261
:1082D000E51284AC508D9010FA780C121283780855
:1082E000790C120C31400302839A7C01EE24FFF8D2
:1082F000EF34FFF974151212E5E0F508A3E0F50973
:1083000088828983E0642E6010E02CF0643A700764
:108310007430F07C0180027C00E8FAE9FBEA24FF7B
:1083200018EB34FFF9C3E5089AE5099B40D2ECA2AB
:10833000E0506774021212E5E06036EEF8EF800A52
:10834000128497E824FF18E934FFF9C3E50898E59B
:1083500009995018128484E0642E70E4E824FEF534
:1083600082E934FFF583128491F980D71290258039
:108370001E8E828F83A3AE82AF83EEF8EF8006124B
:108380008484128491F9C3E50898E5099940F07452
:10839000151212E5128F3C7431F074171212E5E0D9
:1083A0007005801A1EAF83EE24FFF582EF34FFF5CF
:1083B00083E0643060EEE0642E70031EAF837402CD
:1083C0001212E5E070030284761284FCA3A98312E2
:1083D00084C48E828F835014742DF00EE9FF8518AB
:1083E00082851983128F651284ED8006742BF00E3E
:1083F000E9FF7C007D00EE240AFEEF3400FFEC2450
:10840000010CED3400FD12849E12080BEA1284FA6E
:1084100012849E12080B1285074970E2C3EC940285
:10842000ED128ECE40D8ECFAEDFBC3E49CF8E49D4F
:10843000F9EE28F582EF39F583E0C0E0C3E49AF85D
:10844000E49BF9EE28F8EF39F9E82CF8E93DF9E872
:1084500024F5F582E934FFF583D0E0F0EC24FF1C2D
:10846000ED34FFFDC3EC9401ED128ECE50BCEE2432
:10847000F6FEEF34FFFFEEFAEFFB74031210307FCD
:1084800008020D18E824FFFAE934FFFB8A828B8387
:108490002212849718EB22E088828983F0228518C3
:1084A00082851983128F727A0A7B0022C3E09AA315
:1084B000E09BA2D265D03322C3E098A3E099A2D278
:1084C00065D03322851882851983C3A3E09400A266
:1084D000D265D03322E024FFF0A3E034FFF022F095
:1084E000EAFEEBFF8E828F8322A3E03400F9851829
:1084F00082851983E8F0A3E9F02224308E828F83ED
:10850000F0A3AE82AF83228518828519831285116C
:1085100022E8F0A3E9F0851882851983E02274F03F
:10852000120A6374B01210AE851882851983128FF7
:10853000D774181212E5ECF0A3EDF0740F1212E5E7
:10854000E4F0A3802274601212E5128F0D740412FD
:1085500012E5E0F974181212E5128F3C12266574C8
:108560000F1212E5128ED6F0128F50FA12901012DE
:1085700012E5EAF074256A6010E070C9740F1212F7
:10858000E5128F0D745002847C128F50642570198F
:10859000851882851983E02401081284E974601229
:1085A00012E5128F0D792580AB740E1212E5E4F0FE
:1085B000740D1212E5E4F0740C1212E5E4F0740587
:1085C0001212E5E4F0741E1212E5A882A983740267
:1085D0001212E5801574051212E5E0700774051299
:1085E00012E5EAF085188285198312850D128F0431
:1085F000128F97FA24E060DD24FD601724F860DD17
:1086000024FE600624FD600F8011740C1212E5E058
:108610000480D0740D80F5740E80F1128F97642A57
:10862000705B74621212E5128FA2FB8A828B83E068
:10863000FCA3E0FD740A1212E5ECF0A3EDF0EA24CD
:10864000020A0AEB3400FB74621212E5128FCF7437
:108650000A1212E51284CA501F740A1212E5128F10
:108660000DC3E49AFAE49BFB740A1212E5128FD749
:10867000740C1212E5E004F01284EE804A740A12BF
:1086800012E5E4F0A3802D740A1212E5128F217511
:10869000F00AA4F8AAF075F00AE9A42AF9E5082876
:1086A000F8E439F9E824D0F8E934FFF9740A121231
:1086B000E5129035128FF1F5838882E0F50874D0C9
:1086C0002508C3940A40C0740C1212E5E0600774D8
:1086D0000E1212E5E4F0128F50642E6003028769D7
:1086E000851882851983E0240108A3E03400F9127B
:1086F0008507128F41E0642A702C74621212E51211
:108700008F56F8A3E0F988828983E0FEA3E0FFE8B2
:1087100024020808E93400F974621212E5128F8A03
:10872000129035F080477E007F008518828519837E
:10873000128F5F74D02508C3940A5031EE75F00A89
:10874000A4FEA8F075F00AEFA428FFE5082EF8E4CF
:108750003FF9E824D0FEE934FFFF851882851983AC
:10876000E02401F81284E980C17EFF7FFF7A008552
:108770001882851983128EFF851882851983E0FB84
:10878000A3E0F5838B82E024B4600824E460052430
:10879000FC70040A1284EE128F50FB129010121219
:1087A000E5EBF07003028D7424BB7003028C3A2455
:1087B000FE7003028C1C24EF700302896624F5709E
:1087C0000302886B147003028A0B147003028C3A44
:1087D000147003028C38147003028C1C24FE700386
:1087E000028A0B24FB602414700302895614700360
:1087F00002896624FD70030288A424FE70030289A6
:108800006624FD7003028966028D8074621212E58F
:10881000128FC91212E51284F4EAA2E0740F5033E9
:108820001212E5E0FCA3E0FD3395E0FE740612129F
:10883000E5128FAAECF0A3EDF0A3EEF0A3F07462C2
:108840001212E5128FB11212E5128F8AE8F0A3E935
:108850000285671212E5128F1D74061212E5128F3F
:10886000A2F5838A82E8F0A3E980D274621212E54D
:10887000128FAAE0C0E0741E1212E5D0E0F074621C
:108880001212E5128FB11212E5128F8A1284F4745B
:108890001F1212E5A882A98374121212E5E8F0A350
:1088A000E9028D9774621212E5128FC91212E51255
:1088B00084F474061212E5128FC91212E5E0240244
:1088C000FAA3E03400FB74621212E5128FCF740237
:1088D0001212E51284F4E849700C74021212E57465
:1088E000CFF0A37410F0128ECC50047E107F27744A
:1088F000081212E5E4F0A3800874081212E5128E43
:10890000D6F074021212E5128F1D88828983A3AA01
:1089100082AB8374021212E5128FD788828983E0BA
:10892000600A74081212E5128F2640CD74021212EA
:10893000E5128EED74121212E51284F4740812120C
:10894000E5128F65F974121212E5E028F8A3E039F8
:10895000F9740202889A740D1212E5E06008EE4F75
:1089600070047E017F0074621212E5128FC9121228
:10897000E512901D1212E5E0647070387406121250
:10898000E5128FBF1212E5128FF81212E5E02402F1
:10899000128F811212E5128F8A1284F49010FE1247
:1089A00012BA741A1212E51212AE74051212E5E42C
:1089B000F0028A9BEAA2E07406501B1212E5128FA5
:1089C0003C1212BA74141212E51212AE740612128C
:1089D000E5E0240480121212E5128FBF1212E51294
:1089E0008FF81212E5E02402128F811212E5128F25
:1089F0008A12901D1212E5E0646F700590110280DA
:108A00009EE064757096901106809474621212E56F
:108A1000128FC91212E51284F4EAA2E0740650160D
:108A20001212E5128F3C780812128374061212E5B6
:108A3000E02404F8801B1212E5128F5FA3E0F50911
:108A40003395E0F50AF50B74061212E5E0240208EE
:108A500008128F821212E51290051212E5780812A0
:108A600012569080A67808120EF340217405121257
:108A7000E5742DF074141212E57808121283780848
:108A800012115A74141212E5780812125690110637
:108A90001212BA741A1212E51212AE744F1212E5C3
:108AA000A882A98374021212E51284F474121212BD
:108AB000E51290081212E57808121283E5084509BC
:108AC000450A450B600974111212E57401800674A1
:108AD000111212E5E4F0EE4F7008E0A2E04003024C
:108AE0008B8F74021212E5128F361212E512900863
:108AF0001212E5780C121283741A1212E578081219
:108B00001283780C79081209F374BE2508F5827473
:108B1000103509F583E0C0E074021212E5128F3CB3
:108B2000D0E0F074141212E5780C121283741A1249
:108B300012E57808121283780C79081209F374147C
:108B40001212E5780C12125674141212E5780812FB
:108B50001283E5084509450A450B7086128ECC50F4
:108B60002E740E1212E5E0602674051212E5E06024
:108B700004D2F08002C2F0740A1212E5128EDF8075
:108B80000E74021212E5128FE91212E5128F497467
:108B9000021212E5128EED744F1212E5C082C083EC
:108BA00074021212E5128F0DD083D082E582C39A2F
:108BB000FAE5839BFBC3EA9EEB128F2F40C3740D33
:108BC0001212E5E07003028D9874111212E5E0A212
:108BD000E04003028D9874041212E5E064786005A9
:108BE000E06458701E128497E824FF18E934FFF9F6
:108BF00074021212E5128FE91212E5128F3C7430E2
:108C0000028D97E0646F6003028D9874021212E582
:108C1000128F9D64307003028D9880D474081212F4
:108C2000E57401F0A3E4F074041212E5E024FEF010
:108C3000EE4F700F7E018012E4F074081212E5E42A
:108C4000F0A3F0128ECC50047E067F0074621212E4
:108C5000E5128FC91212E51284F474061212E5129D
:108C60008F3C780C12128374061212E5E024041271
:108C70008F811212E51290051212E5780C1212562D
:108C80009080A67808121283780C7908120CCC50C8
:108C90002274051212E5742DF074141212E578088E
:108CA000121283E50BB2E7F50B74141212E5780883
:108CB000121256740A1212E5128F1D741E1212E55A
:108CC000E58228F8E58339F974021212E51284F47A
:108CD000740D1212E5E0F5087808121021740912DB
:108CE00012E5E0F508780812102174041212E5125A
:108CF0000E188E088F09780812101D740A1212E5DA
:108D0000E0F9741A1212E51212BA1224AA740612A9
:108D1000103074121212E5128FD7740E1212E5E0A1
:108D2000607674051212E5E06004D2F08002C2F0B1
:108D3000740A1212E5128EDF74121212E5C082C09C
:108D40008374021212E5128F1DD083D082E0C39883
:108D5000F8A3E099F9C3E89EE9128F2F503A740204
:108D60001212E5128F361212E5128FE91212E51275
:108D70008F4980C4851882851983128EF61284ED7E
:108D800074021212E574DEF0A37410F07412121261
:108D9000E574E1F0A37410F074121212E5C082C001
:108DA0008374021212E5128F1DD083D082E0C39823
:108DB000FEA3E099FF740A1212E5128F26500A747E
:108DC000081212E5E4F0A3803074051212E5E060A9
:108DD00004D2F08002C2F0740A1212E5E0C39EF8D9
:108DE000A3E09FF9A2F0E433FAE89AF8E99400F9D5
:108DF00074081212E5E8F0A3E9F0740C1212E5E031
:108E0000702B801974601212E5128F131212E51282
:108E10008F3C122665740F1212E512902B74081203
:108E200012E5128FDD1212E51284CA50D7740512B2
:108E300012E5E0605074601212E5128F0D74051295
:108E400012E5E0F974181212E5128F3C12266580C3
:108E50002C74601212E5128F0D74021212E5128F3B
:108E600056F974181212E5128F3C1226657402121C
:108E700012E5128EFF74021212E51284F4740F12BE
:108E800012E512902BEE24FF1EEF34FFFFC3128E6B
:108E9000CE50BE740C1212E5E070030285687408AF
:108EA0001212E5128FDD1212E51284CA50030285F8
:108EB0006874601212E5128F131212E5128F3C12C1
:108EC0002665740F1212E512902B80D2C3EF940026
:108ED000A2D265D03322E02401F0A3E0340022A224
:108EE000F0E433F8E098FEA3E09400FF22128EF144
:108EF00022128EF6F922E024FFF8A3E034FF22E0EC
:108F0000128F04222401F8A3E03400F922E0FAA32E
:108F1000E0FB22E0FAA3E0FB7920741822128F72A2
:108F200022128F72E822C3E09EA3E0128F2F229FAD
:108F3000A2D265D03322128EF1740222128F402207
:108F4000E0F8A3E0F583888222128F407430F0228B
:108F5000851882851983128F5A22128F78E0221287
:108F60008F5AF50822128F72C3E498F8E4992212FE
:108F70008F78E0F8A3E0F922E0F8A3E0F583888297
:108F800022F8A3E03400F9746222128F8E22E0FAF4
:108F9000A3E0F5838A8222851882851983128F8E39
:108FA000E022128F8EE0FAA3E022128F5A128F4134
:108FB00022128F5A2402F8A3E03400F974622212BC
:108FC0008F6FE8FAE9FB741422128F6F740622E0A7
:108FD000FCA3E0F5838C82EAF0A3EBF022E024FF0F
:108FE000F0A3E034FFF0740822E8F0A3E9F0740283
:108FF00022128515F8A3E022EAF0A3EBF0A3E4F037
:10900000A3F0740622128F8EE8F0A3E9F074142204
:10901000851882851983E0240108129043E8F0A3A3
:10902000E9F0740422851882851983E02401F0A3F5
:10903000E03400F0221285112401F8129043E8F088
:10904000A3E922A3E03400F98518828519832274EC
:10905000F0120A6374F41210AE8A0A8B0BECFEED68
:10906000FF890E741C1212E51299A17C0C7D007907
:1090700000851882851983AA82AB83121C76740935
:109080001212E5E4F08E828F83A3A3A3A3A3A3A36C
:10909000A3E0C0E074081212E5D0E0F08E828F8366
:1090A0001291E7F0901090E024FFF50CA3E034FF5C
:1090B000F50D850A82850B83E0850C82850D83F092
:1090C000750F1E780F121021780A12101D780C12DD
:1090D000101D850E0AE50A2401F50AE43400F50B9B
:1090E000780A12101D780812101D900600E0F97C15
:1090F0008A7D1074091212E5AA82AB83121B9E743A
:1091000009121030740C0297F974F2120A63E9FE26
:10911000740E1212E512953874101212E51298AD01
:1091200074121212E5E0F50912920FFF801F850CF0
:1091300082850D831295D1850C82850D83A385824E
:109140000C85830D88828983A3A882A9838F0874E4
:10915000FF25081F0470D7E50990060060047440DD
:109160008001E4F0780A12101DEEF9129B10121023
:1091700030900600E4F07F06020D1874F2120A63C4
:1091800074F71210AEEAFEEBFF890A8C0B12999E5F
:10919000EEFCEFFD7AE67B03122414E9700A7408F2
:1091A0001212E512925B800E74081212E57402F03E
:1091B00090051C1291E7F0EEFCEFFDAA08AB091236
:1091C000993BE50AF0A3E50BF0E4F508F50978080A
:1091D00012101D790A74021212E5129B0812103047
:1091E0007409121030808F1298C5851882851983F2
:1091F000E8F0A3E92274021212E5129B0812103063
:1092000074098003129B101210307F02020D189017
:1092100010901298C5EE2274F6120A6374F71210B9
:10922000AEE9FE74081212E5129256129951EA1232
:10923000926BEBF0901090E02402FAA3E03400125D
:109240009278A3A3EEF07508137509007808121040
:109250001D790B0291F512925BF022740FF08518C4
:109260008285198374FDF0A374FF22F0129270229C
:1092700090109012995CA322FB12241A129270A3F0
:10928000A3A3A3A3A3A32274EE120A6374F2121081
:10929000AE8A0C8B0D750AFE750BFF7508007509FB
:1092A00000EA240CF582EB12952B700478088002FA
:1092B0007802EA2413F582EB129DD228FAA3E03457
:1092C000008A82F583E0F50EE50C240CF582EB12A2
:1092D0009DD249704B1299E71299A1AC08FD7AE62C
:1092E0007B03122414E96006129535029396AA08AE
:1092F000AB09121346EAF8EBF9EA4B70030293A8A4
:1093000088828983A3A3A3A3E0640160030293A8D6
:1093100088828983129538E50E607B750EFF807612
:109320001299E71295C9E0FAA3E0F9EA2400F50AD8
:10933000E439F50B90051CE0650A7004A3E0650BA9
:1093400070087508E6750903804CAB0B121340EAF0
:10935000F8EBF9EA4B603F88828983A3A3A3A3E0DB
:109360006401703274011212E5E4129BB81298BFC6
:10937000740C1212E512997374011212E5AA82ABF1
:10938000831212FEE9600B74041212E585820885CF
:109390008309E50E708574FE650A700474FF650B21
:1093A0006006E50845097010E50C240BF582E50D13
:1093B000129DD2600302951E129B1C75100B74FE49
:1093C000650A700474FF650B601AE50845096014AE
:1093D000E50E60067401650E7005750F0080187546
:1093E0000F808013750F81129523700512953580BB
:1093F000067508E67509038E828F83E50FF0A3AC2E
:1094000008AD09AA82AB8312241A8A088B09AE0818
:10941000AF098E828F83E50AF0A3E50B129997744A
:1094200001650E60030294E290051CE0650A700479
:10943000A3E0650B60030294E2E50F60030294E28F
:10944000851882851983E4F0AA82AB83121364EA3B
:109450004B70030294D91295237004780880027827
:1094600002E50C2413F582E50D129DD228FCA3E041
:1094700034008C82F583A3E0FCC333F8E433F9EACB
:1094800028F8EB39F9851882851983E0FDECC39D36
:10949000500CE0C39CF0C333240BF5108002E4F0C1
:1094A000129979ECF0A30E0EAF8305100510801B06
:1094B0001299A91299790EAF83E824020808E934B9
:1094C00000F9851882851983E014F08518828519C2
:1094D00083E070DC121D1280098E828F83E4F075A8
:1094E000100C9006007410F0E50C240CF582E50DCC
:1094F000129DD2F508A3E04480F509780812101DEA
:10950000A910E50C2402FCE50D3400FDE50C240F48
:10951000FAE50D1297A6121030900600E4F0740ED2
:109520000298B5E50C240CF582E50D3400F58312A4
:1095300098C5E8492290051CE0F50AA3E0F50B2246
:1095400074F6120A63740A1212E5129B1F901090AF
:109550001295C91296731299C28E828F83E0541F9E
:109560001295DF1297BC8E828F83A3A31295D81217
:1095700095D8A31295F71295F7A31296041295F2B7
:109580002408FCEF3400FD12960A129604A3A3A34C
:109590001295F2240BF582EF1299EE1295F2240C3B
:1095A000F582EF1299EE1295D1750802750980784F
:1095B0000812101D7910EA2402FCEB3400FDEA24A5
:1095C0000FFAEB3400FB0292041298C5888289835B
:1095D00022E088828983F022E01295DFA3A3221281
:1095E00095E32288828983F0A308A9838E828F83E2
:1095F000A3221299DCEE221295FB22E01295E3A33E
:10960000A3A3A3221295FBA3A3228C828D8312997C
:10961000DC8C828D83A32274F6120A63EAFEEBFFD0
:10962000740A1212E51298C112967B8A828B8312F9
:1096300096731299FE88828983129943888289835E
:109640001299A1540FF9740C7808121274E508C429
:10965000498A828B83F07508037509807808121097
:109660001D7905EE2402FCEF3400FDEE240FFAEF25
:109670000295C3E4F0A3ECF0A3ED22901090E0FA81
:10968000A3E0FB2274F0120A638A088B09E9FE1238
:10969000920F7036EC4D60328C828D83A3A3A3A30E
:1096A000A3A3A3A3A3C082C0838C828D83A3A3A3FF
:1096B000A3A3A3E0D083D082FAE02AC333240CFA18
:1096C000C3944F400779100297A47A04EE1299BE12
:1096D00090051C1297BC90051D1295D1A3EAC39466
:1096E00005500302977E74FC2AF0A30808A9831290
:1096F000960A85820A85830B1299D01297BCEC24B6
:10970000031297AF1299D012960EA3A3A3A3E0C49D
:1097100054F01299DDEC24061297AF1297BC850A1B
:1097200082850B83E060247B00800FEBC333F50A56
:10973000E433F50BEC24071297C08C828D83A3A32E
:10974000A3A3A3A3E0FFEBC39F40E0EC240912977F
:10975000AF1299C6E060297B008C828D83A3A3A3FE
:10976000A3A3A3A3A3A3E0FFEBC39F5013EBC333B7
:10977000F50AE433F50BEC240A1297C080DBE4F021
:10978000750A04750B80780A12101DEAF9E50824A1
:1097900002FCE5093400FDE508240FFAE5091297FB
:1097A000A612103080563400FB121FC4740222F53A
:1097B0000AED3400F50B850A82F583221299DC222A
:1097C000F50CED3400F50D850C82F5831297E0124F
:1097D00097ED850C82850D831297E01299DB0B22A1
:1097E000E0250AFFA3E0350B8F82F58322E0888213
:1097F0008983F0A3A882A983221210307F08020D6A
:109800001874EE120A6374FF1210AEE9851882858F
:109810001983F0EAFEEBFF8C0A8D0B74131212E52C
:10982000E0FC74141212E51298C174161212E5E0ED
:10983000F51074171212E51298AD12967B75080494
:1098400074066E700374806F70057509108003755F
:109850000900EC8A828B83F0A3E8F0A3E91299FA5D
:10986000601674042510F508750E00780C12101996
:10987000AC101298A5121030E509900600F08E0C7D
:109880008F0D780C12101DA908AC0AAD0B740212D2
:1098900012E5AA82AB83129B10121030900600E4EE
:1098A000F0040298B57D00121C6A740322E0F50CE6
:1098B000A3E0F50D221210307F0A020D18A3A3A316
:1098C000A31298C522E0F8A3E0F92274F6120A6305
:1098D00074FF1210AEE9851882851983F0ECFE74CE
:1098E0000B1212E51298C1740D1212E51299A11211
:1098F0009923EEF0129923A3E8F012992F12926C9B
:10990000A3A3E4F0780812101D7904EAFCEBFD74BF
:10991000021212E5AA82AB83129B1012103074015E
:10992000029207901090E0FCA3E0F5838C82221253
:109930009270A3E9F0227F10020D1812241A8A8275
:109940008B8322129A05AB83221210307F04020D02
:10995000189010901299582212995C22E0F8A3E016
:10996000F583888222850A82850B83A3A882A98336
:10997000901090E8F0A3E9F02212997D22E08E8207
:109980008F83F0A3222401FAE43400FB121D0C8A19
:109990000A8B0BEA450B22F0A3AE82AF8322901014
:1099A00090E0F508A3E0F509221299AD228882899A
:1099B0008312997DAE82AF8388828983A3228882B5
:1099C00089831297F2221297ED850A82850B8322F2
:1099D0001299DC850A82850B83A322A3E088828901
:1099E00083F0A308A98322E50C2413F582EB34004D
:1099F000F58322F0A3E508F0A322F0A3E510F0A37D
:109A0000AA82AB8322129A0922E08A828B83F0A376
:109A10000A2274E8120A6374FD1210AEE9851882F6
:109A2000851983F074011212E5EAF0A3EBF08C15AE
:109A30008D10741B1212E5780C121283741F12120F
:109A4000E5129B1F74211212E51299A174231212C0
:109A5000E5E0F516A3E0F51774251212E5E0F5141C
:109A6000740A2510F51112998570047910807F8A87
:109A7000828B83A3E5151299FE780C121015121C27
:109A8000EE7404121030EE8A828B83F0A3EF1299E9
:109A9000F3E5091299FA601985160C85170D750EF4
:109AA00000780C121019851008AC081298A5121035
:109AB00030129965E514900600F075083875098034
:109AC000780812101DA91174031212E5129B167466
:109AD000021212E5AA82AB83129B10121030E9FE2B
:109AE000AA0AAB0B129AF6900600E4F0EEF97403A2
:109AF000121030029936129AFA22121D129010900A
:109B000074B1F0A37405F022AC82AD837AAF7B050B
:109B1000121FC4740222E0FCA3E0FD22901090E02A
:109B2000FEA3E0FF2274F2120A63890A8A088B09F5
:109B3000900601129B1FEEF8EF800CE8FEE9FF880B
:109B4000828983E0F8A3E0F9E8496021888289836B
:109B5000A3A3E0650A70E488828983A3A3A3E065D8
:109B6000087004A3E0650970D2790080487A057B0B
:109B700000121D0C8A0C8B0DA80CA90DE84960334E
:109B800088828983A3A3E50A129BB8A3A3A3E5084F
:109B9000F0A3E509129BB8E4F0A3F0900601129639
:109BA0007EEA4B60098E828F8312997380BB900688
:109BB0000180F67910029176F0888289832274F010
:109BC000120A638A0A8B0B750C00900601029C73C3
:109BD0008508828509831298BEE50A240C129DCE61
:109BE000687003A3E0696003029C6D129DCA24158E
:109BF000FAE43400FB121C888A0E8B0FAE0EAF0FF6
:109C0000EE4F6069850A0C850B0D750E00780C12FD
:109C100010197C151298A5121030129DCA6033EEEF
:109C20002415FAEF3400FBEE2413F582EF1299EEBF
:109C3000EAF0A3EBF0E50A2413F582E50B1299EEA6
:109C40001298AD780C121019129DCAFC1298A51228
:109C500010308E828F8374D3F0EEFAEFFB8508828A
:109C6000850983A3A3E0F9121C94750C0185088271
:109C70008509831299A1E50845096003029BD0A9D3
:109C80000C0297FC74F4120A6374EB1210AE750A9E
:109C900000740A1212E57402F08A828B83A3A31265
:109CA00098BD74021212E5129973EA2415F582EB3D
:109CB000129DD2C0E0740B1212E5D0E0F08A828BC4
:109CC000831298BD740C1212E5129973EA2419F5E7
:109CD00082EB129DD2C0E0740E1212E5D0E0F0EAE1
:109CE0002420F582EB129DD214C0E074101212E50C
:109CF000D0E0F0EA2422F8EB3400F988828983E08E
:109D00002401FCA3E03400FD74131212E5ECF0A36F
:109D1000ED129BB8129954E0C0E0740F1212E5D016
:109D2000E0F0EA24121299EB1298C174111212E5B4
:109D3000129973851882851983AA82AB8312200C2D
:109D4000E9FA8002050A850A087509007402780894
:109D50001211DD741D2508F58274293509F583E497
:109D600093F8740193F974FF68700374FF69604598
:109D7000E493F8740193F9740C1212E5E06870032F
:109D8000A3E06970BF851882851983AA82AB8375A9
:109D90000B007402780A1211DD741F250AF5827413
:109DA00029350BF583E493C0E0740193F583D082E9
:109DB0001226658010EA700D851882851983AA82A3
:109DC000AB83121EDA7415029949E50A2410F58254
:109DD000E50B3400F583E02274F6120A6312A07CCE
:109DE00012A50FEC8508F0A4CCA8F08509F0A428F2
:109DF000F88508F0EDA428FD79FF7A117B10121C7C
:109E0000769004A874E6F0A3741BF09004AA74E0A2
:109E1000F0A3741BF09004AC740AF0A3741CF090CF
:109E200004AE741CF0A3741CF09004B07422F0A370
:109E3000741CF09004B27428F0A3741CF09004B465
:109E4000742EF0A3741CF09004A7E4F080031210A9
:109E5000307F02020D18C082C08378007900800331
:109E600012A2D712A3E2501DE8FAE9FBEA75F00E40
:109E7000A4FAACF075F00EEBA42C12A296F470E0EC
:109E800012A2A380047A007B0002A7D274F7120A00
:109E9000637A007B00780079008048E8FCE9FDECFB
:109EA00075F00EA4FCAEF075F00EEDA42EFD74114D
:109EB0002CF58274103DF583E0F46024E8FCE9FDA4
:109EC000EC75F00EA4FC75F00EEDA42EFD74162CAE
:109ED000F58274103DF583E0FCEA2CFAEB3400FBCC
:109EE00012A2D7902A4812A07FC3E89CE99D40ABFC
:109EF00002A19F7F03020D1874EC120A63890B8A7A
:109F0000088B098C118D0A74141212E5E0F50EA36A
:109F1000E0F50F7E007F00121C46AA08AB0912254F
:109F2000E88A0C8B0D850882850983A3A3A3A3A3CC
:109F3000A3A3A3E0640170077510018E0880058E4D
:109F40001085110874FE650C700474FF650D7003B4
:109F500002A03B8E098002050985091212A044C3A4
:109F6000E51298E4995062E50975F00EA4F8A9F09D
:109F700012A3D6650B70E012A3A7651070D912A3C7
:109F800088650C7004A3E0650D70CC741528F5820B
:109F9000741039F583E0650870BD741128FE7410E3
:109FA00039FF750900E509C3950A400302A03B1279
:109FB000A04F121BF2E9700D12A04F121BFEE970A8
:109FC000047E007F00050980DC121BDA8A128B13E5
:109FD000AE12AF13EE4F60638E828F83E50BF0A35A
:109FE000E510F08E828F83A3A3E50CF0A3E50DF0BE
:109FF0008E828F83A3A3A3A3E508F0902A68E4933D
:10A00000C3950A5004E493F50A8E828F83A3A3A319
:10A01000A3A3E50AF0850E0C850F0D750E00780CD4
:10A02000121019E50AC333FCE433FDEE2406FAEFFF
:10A030003400FB121C6A7403121030EEFAEFFB7F3F
:10A040000C020D18902A48E493F8740193F922E564
:10A0500009C333F8E433F9E50E28F582E50F39F545
:10A0600083E0FCA3E0FDEEFAEFFB22C082C0831286
:10A07000A07C79FF121C76790102A7D2900BDEE456
:10A0800093FC740193FD2274F7120A63EA4B603764
:10A090007E0080010E8A828B83A3A3A3A3A3E0F892
:10A0A000EEC3985022EEC333F8E433F9EA28F58280
:10A0B000EB39F583A3A3A3A3A3A3E06C7003A3E0F0
:10A0C0006D70D179018002790002A19F74F5120AA6
:10A0D00063EA4B607B8A828B83A3A3A3A3A3E06084
:10A0E0006FEA2406F8EB3400F98A828B83A3A3A3DA
:10A0F000A3A3E0F5097508008011EA2405F582EBB9
:10A100003400F583E014F060470508E508C39509BD
:10A11000502EE508C333FEE433FF12A1556C7003E3
:10A12000A3E06D60D512A155FEA3E0FF888289836C
:10A13000EEF0A3EFF0E824020808E93400F980C942
:10A140008A828B83A3A3A3A3A3E060047901800286
:10A150007900029EF312A1A4E02274F7120A63EAC6
:10A160004B603A902A68E493F88A828B83A3A3A376
:10A17000A3A3E0C3985026EA2405F8EB3400F9883D
:10A18000828983E0C333FEE433FF12A1A4ECF0A381
:10A19000EDF088828983E004F07901800279007F04
:10A1A00001020D18EA2EF582EB3FF583A3A3A3A3CA
:10A1B000A3A32274F4120A638908EAFEEBFF8C0958
:10A1C0008E828F83A3A3A3A3A3A3A3A3E0640170A0
:10A1D0000B8E828F83E0FCA3E0FD800B121C348A7F
:10A1E0000A8B0BAC0AAD0B74FE6C700374FF6D70C0
:10A1F000067A007B00807E78007900801412A278B5
:10A200006401700A12A2B87003A3E06D606412A228
:10A21000D712A3E250DBE8FAE9FBEA75F00EA4FAE4
:10A2200085F00A75F00EEBA4250A12A29665087057
:10A23000DD8E828F83A3A3A3A3A3A3A3A3E06401C2
:10A2400060BB12A27870C712A2B87003A3E06D7051
:10A25000BDE8FAE9FBEA75F00EA4FA75F00EEBA47E
:10A26000250AFB74152AF58274103BF583E0650915
:10A27000709C12A2A302A605E8FAE9FBEA75F00EAB
:10A28000A4FA75F00EEBA4250AFB74122AF5827469
:10A29000103BF583E022FB74112AF58274103BF524
:10A2A00083E022E875F00EA4F8AAF012A2AF221201
:10A2B000A6FCFA741039FB22E8FAE9FBEA75F00E05
:10A2C000A4FA75F00EEBA4250AFB74132AF5827428
:10A2D000103BF583E06C22E8240108E93400F92200
:10A2E00074F2120A638A088B098A828B83A3A3A360
:10A2F000A3A3A3A3A3E06401700D8A828B83E0F57E
:10A300000AA3E0F50B8007121C348A0A8B0B74FE3B
:10A31000650A700474FF650B60527E007F00802028
:10A3200012A394701812A3717004A3E0650B700D52
:10A33000EEF8EFF9E875F00EA4F812A3BC12A3B37F
:10A3400012A43F5027850882850983A3A3A3A3A352
:10A35000A3A3A3E0640170C812A394640170DE1289
:10A36000A3717004A3E0650B60C680D17F06020D67
:10A3700018EEF8EFF9E875F00EA4F875F00EE9A400
:10A380002AF912A388650A22741328F582741039F9
:10A39000F583E022EEF8EFF9E875F00EA4F8AAF0E4
:10A3A00075F00EE9A42AF9741228F582741039F5B3
:10A3B00083E022EE24010EEF3400FF2212A2AF123E
:10A3C0001BEC22EEF8EFF9E875F00EA4F8AAF07590
:10A3D000F00EE9A42AF9741128F582741039F58376
:10A3E000E022902A48E493FA740193FBC3E89AE9C7
:10A3F0009B2274F3120A63890C8A0A8B0B7508007E
:10A400007509007E007F00801B12A3C3650C7011CC
:10A41000AC0AAD0BAA82AB83121BF2E9600312A453
:10A420003212A3B312A43F40E0AA08AB097F050291
:10A430000D18E5082401F508E5093400F509229016
:10A440002A48E493F8740193F9C3EE98EF992274C3
:10A45000F1120A63890D8A0A8B0B8C0E750C00753C
:10A4600008007509008005050C12A43212A044C32F
:10A47000E50898E50999503AE50875F00EA4F8AAA0
:10A48000F075F00EE50912A700FE741039FF8E82F8
:10A490008F83E0650D70D2AC0AAD0BEEFAEFFB12C4
:10A4A0001BF2E960C4E50CC3950E40BBEEFAEFFB6E
:10A4B00080047A007B007F07020D1874F6120A638D
:10A4C000E4F508F509780812101D900BDE12A0477C
:10A4D00012A50FE88508F0A4C8AAF08509F0A42AFF
:10A4E000FA8508F0E9A42AF975830B7582DEE493F6
:10A4F00028FCA3E49339FD7A417B00121D84740289
:10A50000121030E9FE6003121C22EEF9029E5190F7
:10A510002A48E493F508740193F5092274F6120AA7
:10A520006374FE1210AE851882851983E4F0A312BD
:10A53000A714858208858309780812101D75080202
:10A54000750900780812101D7C007D007A417B009F
:10A55000121D8A74041210307402029E4E74F4129A
:10A560000A6374FE1210AE7E007F00851882851982
:10A5700083858208858309780812101D7508028E6C
:10A5800009780812101D7C007D007A417B00121DA5
:10A59000907404121030E97063851882851983E085
:10A5A000F8A3E0F9E84960547508117509107808B6
:10A5B00012101D12A70712A50FE50A8508F0A4C501
:10A5C0000AA8F08509F0A428F88508F0E50BA4286E
:10A5D000F50B780A12101D7C027D007A417B001277
:10A5E0001D907404121030E97012902A48E493C050
:10A5F000E0740193F583D082AE82AF83EEFAEFFB75
:10A6000074021210307F04020D1874F1120A637480
:10A61000F01210AE851882851983E4F0A3F0FE02D3
:10A62000A6B7EEF8EFF912A6F4F508741039F5099B
:10A6300085080CF50D750E00780C12101912A07C0F
:10A6400074051212E5AA82AB83121C6A74031210FD
:10A650003074021212E585820A85830B780A121083
:10A660001D900BDE120E45EEF8EFF912A707E885F4
:10A670000AF0A4C8AAF0850BF0A42AFA850AF0E92A
:10A68000A42AF9E82402FCE93400FD7A417B001297
:10A690001D8A7404121030850882850983E0F460F5
:10A6A0000F851882851983E02401F0A3E03400F0BF
:10A6B000EE24010EEF3400FF12A43F500302A62245
:10A6C0008518828519838582088583097808121088
:10A6D0001D750802750900780812101D7C007D00A8
:10A6E0007A417B00121D8A7404121030741012100B
:10A6F0003002A4B6E875F00EA4F8AAF075F00EE9E1
:10A70000A42AF974112822900BDEE493F50A74014F
:10A7100093F50B22F085188285198322C082C083AD
:10A7200074F31210AE12A902700F8A828B8312A8E2
:10A73000631212E512A91B800CEAFCEBFD740312F4
:10A7400012E512A8E9807C74F7120A6374F3121000
:10A75000AEECFEEDFF8518828519837404F0740B4E
:10A760001212E512A7B0E9F508601D8E828F83A34F
:10A77000A3A3A3A3A3A3A37403F01212E5AC82AD19
:10A7800083EEFAEFFB12241AA908740D121030029E
:10A79000A19FC082C08374F31210AE851882851900
:10A7A000837404F0740B1212E512A7B074018015C3
:10A7B000EAF0A3EB12A7BB1212FE2212A714AA8280
:10A7C000AB8322740B1212E5E0FAA3E0FB740D12C6
:10A7D0001030D083D082020FE274F6120A6374F351
:10A7E0001210AE9004A7E0707585188285198374E5
:10A7F00004F090036812A8631212E5E8F0A3E9F0F0
:10A800001216B2EAFCEBFD74031212E512A8F01264
:10A8100013041216BE8A088B09A808A9097401122C
:10A8200012E5E0687003A3E069602D74FE687003B0
:10A8300074FF69602374011212E5E8F0A3E9F07473
:10A84000031212E5AA82AB831216C48518828519F9
:10A8500083AA82AB831213049004A77401F0740DD1
:10A86000029E4EE0F8A3E0F9740122C082C0837416
:10A87000F31210AE12A9028A828B83701B12A86396
:10A880001212E512A91BE9705D851882851983AA49
:10A8900082AB83121304804EA3A3A3A3A3A3A3A3F9
:10A8A000E064037011EAFCEBFD74031212E512A8D8
:10A8B000E9E9703280D38A828B83A3A3A3A3A3A3E5
:10A8C000A3A3E0640170148A828B83E0F8A3E0F90B
:10A8D000740B1212E5E8F0A3E9800A740B1212E57A
:10A8E00074FEF0A304F002A7C312A8F01212F8221B
:10A8F000AA82AB8312259A851882851983AA82AB16
:10A9000083228518828519837404F08A828B83A33D
:10A91000A3A3A3A3A3A3A3E0640222E8F0A3E912E4
:10A92000A7BB121C4C2274F5120A637C007D008CBC
:10A93000088C0978007900800312A2D712A98D50E3
:10A940002312A96B60F3AE08AF09EE2401F508EFFE
:10A950003400F509EA6E7002EB6F70DD12A6F4FCAC
:10A96000741039FDECFAEDFB029EF3E8FEE9FFEE10
:10A9700075F00EA4FE85F00A75F00EEFA4250AFF0F
:10A9800074112EF58274103FF583E0F422902A486A
:10A99000E493FE740193FFC3E89EE99F2274F712CB
:10A9A0000A63E9900550F07A157B801220067A3808
:10A9B0007B00900550E0F91220069005717446F076
:10A9C000A3741FF090056F744CF0A3741FF09005F2
:10A9D0006D7440F0A3741FF090055A7402F0900556
:10A9E0005274FEF0A304F07F01020D1874F2120AF3
:10A9F00063EAFEEBFF5480700302AB0180447900F0
:10AA00001217A28A0A8B0B750C00780C1210217891
:10AA10000812101D780A12101D9003BF12AE70901C
:10AA20000551E0F9121F347405121030900568E0EA
:10AA300060097C327D007A0812AB83AA08AB091248
:10AA40001C8E900550E0F9121C9A8A088B09E508C3
:10AA50004509700302AAF9850882850983E024CF9D
:10AA6000603D14607D245F70D2E508240CF582E51A
:10AA70000912AD2DF50AA3E0F50B780A120C80003F
:10AA8000000200380096AA15808DAA3BAAAA08AB3E
:10AA900009121F2880A5AA08AB09121F22809C90CA
:10AAA000055DE0C39404509390037EE0F99080B27A
:10AAB0001212BA1213D0E9708285088285098312B6
:10AAC000B01490055F12AD44850882850983A3A365
:10AAD00012B01490056112AD4490056874FFF00245
:10AAE000AA3B900568E0F4600302A9FEAA08AB093E
:10AAF000121F2E900568E480E5EEFAEF6480FB807B
:10AB00007DEEA2E0501E90056CE090036AF07A6C36
:10AB10007B0579E1122432121EE612B0D4EE6401F4
:10AB2000FAEF80DA5402602B90055B12B016E84908
:10AB3000601790055BE024FFF0A3E034FFF07C6039
:10AB40007DEA7A0212AB83800590055DE4F0EE6445
:10AB50000280CDEE54086022900568E060179005F1
:10AB600067E0F99005631212BA1213D0E9700690EB
:10AB70000568E014F0EE640880A67A007B007F068A
:10AB8000020D187B00900550E0F9121DC02274F4EC
:10AB9000120A6374F71210AEEAFEEBFF8518828585
:10ABA0001983AC82AD83121FBE74041212E5E0C398
:10ABB0009406505912AD27600302AD1F740512129E
:10ABC000E5E014C39405400302AD1F74041212E5BE
:10ABD000E0F98518828519831212BA1213D0E96040
:10ABE0000302AD1FEE240F12AD2A90055112B01CC6
:10ABF00012AD4174051212E5E014F0851882851932
:10AC0000837C637D057409120F5E02AD1FE064FE54
:10AC1000706474061212E512AD33400302AD1F7466
:10AC2000061212E5E0F91216EE79007508017509B1
:10AC300000750A00750B00E97808120F9E851882CE
:10AC4000851983780812120312AE57700709E9C3F9
:10AC5000941B40D790036AE069700302AD1FE9902E
:10AC6000056CF090035BE075F064A4FCADF07A0134
:10AC700012AB8302AD1FE0F4705B74061212E51292
:10AC8000AD33400302AD1F74061212E5E0F912164F
:10AC9000EE851882851983780812128312AE5760E8
:10ACA0002A851882851983780812128375830375A3
:10ACB000827878081210EF60128518828519831245
:10ACC00012BA9003781212AE121EE674071212E541
:10ACD00012AD89804A12AD2770458E828F83A3A35F
:10ACE00012AD3C7508007808121021780812102166
:10ACF000E4F509780812101D780812101D78081262
:10AD0000101D9080A6120E147D007C807A527B0567
:10AD1000EE240F12AD2AF9122000740C12103074B8
:10AD20000912103002B0A8EE240BF582EF3400F5C2
:10AD300083E022E0F89003C1E0C39822E0F8A3E0AA
:10AD4000F9900552E8F0A3E9F02274F7120A63744F
:10AD5000FD1210AEEAFEEBFF851882851983AC82E6
:10AD6000AD83121FB2851882851983E070137401B8
:10AD70001212E5E0544060098E828F83A3A312ADC6
:10AD800089740312103002A9E7E0FAA3E0FB121F56
:10AD90003A2274F4120A637C007508018C098C0A4B
:10ADA0008C0B90036AE07808120F9E8A828B83A333
:10ADB000A3A3780812120312AE57600B90036AE047
:10ADC000F8EA2812AE60FC79007508017509007573
:10ADD0000A00750B00E97808120F9E8A828B83A304
:10ADE000A3A3780812120312AE5760618908EA25FE
:10ADF0000812AE60C39C50559003BD12AD3C75085F
:10AE00001078081210218A088B09780812101D90FA
:10AE10000561120E1890055F12AE707900121F3492
:10AE2000740512103090055E7401F090055DE070BD
:10AE30001390055B743CF0A3E4F07C607DEA7A0239
:10AE4000FB12AB8590055DE004F002B0A809E9C3F0
:10AE5000941B50F602ADC9E5084509450A450B2289
:10AE6000F582EB3400F583A3A3A3A3A3A3A3E0225D
:10AE7000E0FCA3E0FD7A527B052274E8120A6389A4
:10AE8000148A168B17ECFEEDFF74181212E5E0F52C
:10AE90000AA3E0F50B741A1212E5E0F512A3E0F52F
:10AEA00013741C1212E5E0F5117510007508007599
:10AEB00009007900750C01750D00750E00750F0005
:10AEC000E9780C120F9E851282851383A3A3A378C1
:10AED0000C121203E50C450D450E450F60020510DE
:10AEE00009E9C3941B40CDE5106064FA7B00121D94
:10AEF0000C8A088B09EA450960557A007900750CBF
:10AF000001750D00750E00750F00E9780C120F9E8B
:10AF1000851282851383A3A3A3780C121203E50C78
:10AF2000450D450E450F6020890CE512250CF58274
:10AF3000E51312AE63C0E08A0CE508250CF582EB40
:10AF40003400F583D0E0F00A09E9C3941B40AF75E3
:10AF50000C00780C121021E511F50C780C12102160
:10AF6000780812101D780A12101D8E0A8F0B780AAD
:10AF700012101D851282851383A3A3A3120E14AD94
:10AF800010851282851383A3A3E0FCAA16AB17A930
:10AF900014122000740C121030E50845096007AA4D
:10AFA00008AB09121D127F10020D18C082C08390D9
:10AFB00003BDE06A7003A3E06B600B9003BDEAF091
:10AFC000A3EBF0121EE6D083D082020FE274F612D9
:10AFD0000A63EAFEEBFF7A067B00121C88EA4B60EC
:10AFE0002E8A828B837431F08E828F8312B0168A00
:10AFF000828B83A3A3E8F0A3E912B01C8A828B831F
:10B00000A3A3A3A312AD44900550E0F9121C947FB2
:10B0100002020D18A3A3E0F8A3E0F922F08E828FBC
:10B0200083A3A3E0F8A3E0F92274F4120A638A0868
:10B030008B097A227B00121C888A0A8B0BAE0AAF1E
:10B040000BEE4F60638E828F837432F085088285A9
:10B050000983E08E828F83A3A3F08508828509830C
:10B06000A31212BA8E828F83A3A3A31212AE8508F5
:10B0700082850983A3A3A3A3A3E0F508A3E0F509B0
:10B08000750A0078081210197C1B7D00EE2407FA5F
:10B09000EF3400FB121C6A7403121030EEFAEFFB5F
:10B0A000900550E0F9121C947F04020D18C082C074
:10B0B0008390055EE0601A8A828B83A3A3A3E0706D
:10B0C000108A828B83A3E0700812B0D490055EE4EE
:10B0D000F002AFC69003BFE4F0A3F079011217A20B
:10B0E0002274F5120A63EAFEEBFF740B1212E5E01C
:10B0F000F508A3E0F509A3E0A908AA09FB8E828F51
:10B1000083800D12104AF0E9240109EA3400FAA301
:10B1100012B11E70EEAA82AB837F03020D18ECFE03
:10B12000EDFFEE24FF1CEF34FFFDEE4F2274ED1215
:10B130000A6374131212E5E0F510A3E0F511A3E021
:10B14000F51289088A098B0A85100C85110DECF817
:10B15000EDF9E824FF1CE934FFFDE8496036A90851
:10B16000AA09AB0AE92401F508EA3400F509850CBF
:10B1700010850D11E50C2401F50CE50D3400F50DDD
:10B1800012104AF8A910AA11AB1212104A6860BE38
:10B190007900800279017F0B020D1874F6120A63A0
:10B1A000E9FE8C088D09780812101D8E08AC087D08
:10B1B00000122492740212103002B4CF74F0120AFA
:10B1C00063E9FE74026E701D8A828B8312B254781A
:10B1D0000C120F9E7808790C121191AA08AB09ACD9
:10B1E0000AAD0B805774036E70168A828B8312B27D
:10B1F0004E120F9E7808790C12119112B23F80CF37
:10B2000074046E8A828B83702D12B24E120F9E7858
:10B2100008790C12119112B23F780C120F9E780827
:10B22000790C1211918A828B83A3A3A3E0F50CE41D
:10B23000F50E74188099E0FAE4FBFCFD02B7818AF0
:10B24000828B83A3A3E0F50CE4F50D74102212B2F7
:10B2500054780C22E0F508E4F509F50AF50BA3E0B3
:10B26000F50CE4F50DF50EF50F740822C082C083CD
:10B27000121DF6807574F6120A63EAFEEBFFEE4FBC
:10B2800070067A007B00803DEE2405FAEF3400FB67
:10B29000121D0C8A088B09A808A909E84960E388EF
:10B2A000828983E4F0A3F088828983A3A3EEF0A3CC
:10B2B000EFF088828983A3A3A3A374FFF0E8240599
:10B2C000FAE93400FB02B4CFC082C083EA4B7004B9
:10B2D0007905801612B34260047904800DEA24FBDC
:10B2E000FAEB34FFFB121D127900D083D082020FDB
:10B2F000E274F7120A63E9FEEA4B700479058040B4
:10B300009080CEE0F8EEC3984007121C8E7903803F
:10B310002FEA12B426EB12B56312B46D700512B3A6
:10B32000426005121C8E80D4EEF0EAFCEBFD7AC47C
:10B330007B04121CA67A007B80EEF9121CC47900F3
:10B340008011EA24FFF582EB34FFF583E0F422A2BA
:10B35000E092AF7F01020D1874F2120A63890B7537
:10B360000C00750D007E007F00A2AFE433F50AC229
:10B37000AF9004C48014EE4F700685080C85090D4B
:10B38000E50812B426E50912B563E0F508A3E0F577
:10B3900009E50845096023E50824FFF582E509125F
:10B3A000B563E0650B70CFEE4F7006AE08AF098055
:10B3B000CF7A007B80121CC4800B7A007B80121C29
:10B3C000CAEE4F6015780C12101DEEFCEFFD7AC42A
:10B3D0007B04121CB87402121030E50AA2E092AF8E
:10B3E000EEFAEFFB7F06020D18C082C083EAF8A2D6
:10B3F000AFE433FCC2AF9004C48008EA12B426EB79
:10B4000012B56312B4636015EA24FFF582EB12B53E
:10B4100063E06970E68A828B83E06870DEECA2E00C
:10B4200092AF02B2EAEC24FBF5822274F7120A63AF
:10B43000A2AFE433FEC2AF12B56812B46970098AD4
:10B44000828B83800B12B58112B45970F812B55DEE
:10B45000ECF0A3EDF0EE02B34FE824FBF582E93403
:10B46000FFF58312B57BEA4B228A828B83E0F8A337
:10B47000E0F9E8492274F6120A6378007900A2AF75
:10B48000E433F508C2AF8A828B83E0FCA3E0FDECD5
:10B490004D60328A828B8312B58BE824FBFCE93441
:10B4A000FFFD8C828D83E0FEA3E0FF8A828B83EE1A
:10B4B000F0A3EFF08C828D83E4F0A3F0E824FF1278
:10B4C000B56074FFF0E508A2E092AFE8FAE9FB7F0F
:10B4D00002020D1874F7120A63E5A8FEC2AF8A8251
:10B4E0008B8312B58B12B425ED12B563E8F0A3E996
:10B4F000F08A828B83ECF0A3EDF0EEA2E702B35169
:10B5000074F7120A6374091212E512B58BA2AFE444
:10B5100033F508C2AF8A828B83E0FEA3E0FFEC6EB6
:10B520007002ED6F701112B425ED12B5878A828B0F
:10B5300083E8F0A3E9801112B425ED12B56312B5CA
:10B540007712B55DEAF0A3EBF012B568EC24FFF5D5
:10B5500082ED12B56374FFF0E50802B34FE824FBF7
:10B56000F582E934FFF58322EC24FBF582ED34FF0C
:10B57000F583E4F0A3F02212B57B22E0FAA3E0FB0E
:10B5800022E824FBF582E934FFF583E0F8A3E0F933
:10B590002274F7120A63E9FE7F00A2AFE433F508D4
:10B5A000C2AF12B469700C8A828B838012EE601570
:10B5B00012B5811E12B45970F4EE600912B55DEC3B
:10B5C000F0A3EDF00FE508A2E092AFEFF902B3535C
:10B5D00074F7120A63E9FD9080CEE0F8EDC398504D
:10B5E00029E5A8FEC2AFEDC333F8E433F99004FDBA
:10B5F000E028FCA3E0398C82F583E04AF0A3E04B1D
:10B60000F0EEA2E792AF79008002790302B353749F
:10B61000F7120A63E9FE9080CEE0F8EEC398501F5F
:10B62000E5A8FFC2AFEAF4FCEBF4FDEE12B732E09E
:10B630005CF0A3E05DF0EFA2E792AF7900800279C1
:10B640000302B353E9F874FF687006D2AF79008043
:10B65000027907020FE2E9F874FF687006C2AF7959
:10B660000080027907020FE2C082C083121D0090A1
:10B6700004C4E4F0A3F0121DA8121D96121DA2121C
:10B680001D06790002B2EAC082C083121CE880FB6A
:10B6900074F6120A63750800121CFA122096E50867
:10B6A00012B73212B46D700D05089080CEE0F8E547
:10B6B00008C39840E99080CEE0F8E508C39850664A
:10B6C000E5A8FCC2AFE508C333FEE433FF9004FDF8
:10B6D000E02EF8A3E03FF98882898312B57788824B
:10B6E0008983E4F0A3F0ECA2E792AFE50890107F25
:10B6F000F0F974592EF58274803FF58312B7291240
:10B70000266590107F74FFF0E5A8F9C2AF9004FDA4
:10B71000E02EF8A3E03F8882F583E04AF0A3E04BF7
:10B72000F0E9A2E792AF02B4CFE0F8A3E0F5838896
:10B730008222C333F8E433F99004FDE028FAA3E051
:10B74000398A82F5832274F0120A6374101212E5AA
:10B75000780C1212838A828B83E50C12B7A5850CB4
:10B7600008850E0A850F0B74107808121064E5081E
:10B77000F0A37418780C121064E50CF0A3AA82AB45
:10B78000837F08020D1874F0120A6374101212E518
:10B79000780C121283850C088A828B83E50812B715
:10B7A000A5741080CFF0A3850D09E509F0A32274DC
:10B7B000EE120A6374FC1210AE851882851983EAB2
:10B7C000F0A3EBF0851882851983E012BBDBE0F56E
:10B7D0000AF50812BB56F874021212E5E8F0A3E469
:10B7E000F074021212E5E0700302BB25740D650AC5
:10B7F000704AAA82AB83795312228274021212E534
:10B80000E064FE7003A3E0F4601774021212E5E036
:10B81000F47003A3E0F4600912BB99A3A3A3E07042
:10B820000D851882851983AA82AB8302BB228518F5
:10B8300082851983E0FEA3E0FF02BA1F7405650A42
:10B840007014851882851983E0F812BBBB2421F897
:10B85000E43400F9802A7407650A703012BBB170B5
:10B860000F74021212E5E0241BF0A3E03400801BE9
:10B8700085188285198312BBBB75F021A4F8A9F045
:10B8800074021212E5E028F0A3E039F074021212FB
:10B89000E512BB908A088B09AE08AF09EE4F7042E3
:10B8A000740C650A600302BB2512BBE3700302BB84
:10B8B00025A2AFE433F508C2AF12BB80121A787428
:10B8C000021212E512BB908A0C8B0DAE0CAF0DEE7E
:10B8D0004F7009E508A2E092AF02BB25E508A2E09F
:10B8E00092AF851882851983E0F508A3E085080CDE
:10B8F000F50D750E00780C121019850A0812BB564A
:10B90000FC7D00EEFAEF12BB451210307405650A9B
:10B91000707312BB3AEE2403F510EF3400F5118575
:10B92000108212BB741210197C217D00AA08AB0989
:10B9300012BB46121030851082851183E508F0A3F2
:10B94000E509F012BB2F85088212BB741210198E04
:10B95000828F83A3A3A3A3A3A3A3A3E0FC7D00855D
:10B960001082851183E02421FAA3E0340012BB4544
:10B97000121030851082851183E02421F8A3E01293
:10B98000BB6502BA1F7407650A600302BA1F9010F4
:10B990004D12BBEC700302BA1F90104DE0F510A3DE
:10B9A000E0F51190104DE4F0A3F08E828F83A3A3F5
:10B9B000E0702712BB2FEE240BF8EF12BB65851049
:10B9C0000C85110D780C1210197C1B7D00850882E6
:10B9D000850983E0FAA3E0FB803812BB3A8E828FA0
:10B9E00083A3A3A3A3A3A3A3A3A3E508F0A3E509AB
:10B9F000F0880C890D780C1210198E828F83A3A306
:10BA0000A3A3A3A3A3A3E075F021A4FCADF0AA080F
:10BA1000AB0912BB46121030AA10AB11121D1290C6
:10BA2000105012BBEC6010EEFAEFFB12BBDD1226D9
:10BA300065E9600302BB14740D650A600302BAD89D
:10BA400012BBB1F8A3E0F988828983A3E054E0FA3D
:10BA500088828983E05403C39402400302B8211210
:10BA6000BBD4E01313543F540FF8900365E06860B3
:10BA70000302B821EA600302B82185188285198380
:10BA8000E0241A12BBC86402600302B821EE24123B
:10BA9000F8EF3400F9E8241CFAE93400FBE8241D2F
:10BAA000F582E912BB4C851882851983E0241B12AC
:10BAB000BBC8F47003A3E0F4704E12BBD4A3A3A3DD
:10BAC000A3A3A3E0C39402403FEEFAEFFB12166477
:10BAD000E9600302B821804D740C650A702A12BB1C
:10BAE00099E0641A60228E828F83A3A3A3E0240EC0
:10BAF00012BBC8A2E05011EE240CFAEF3400FBEEAA
:10BB0000240DF582EF12BB4CEEFAEFFB9003C2E07E
:10BB1000F9121C94740C650A700B12BBE3600612D8
:10BB2000BB80121A7874041210307F0A020D18EECE
:10BB30002409F508EF3400F50922EE240BF508EF8F
:10BB40003400F50922FB121C6A7403223400F583C9
:10BB5000E0F912248C22749A2508F58274293400A5
:10BB6000F583E493223400F9850882850983E8F09F
:10BB7000A3E9F022F583E0F50CA3E0F50D780C22A3
:10BB8000851882851983E02403FAA3E03400FB22A0
:10BB9000E0FAA3E0FB121C882212BB9D2212BBA17B
:10BBA00022851882851983E0F8A3E0F5838882A3B3
:10BBB0002212BBB52212BBA1A3E02212BBDCA3A3BD
:10BBC000A3A3A3A3A3A3E022F8A3E03400F98882EF
:10BBD0008983E02212BBB512BBDB22F8A3E0F58318
:10BBE00088822212BB9DA3A312BBEC22E0F8A3E043
:10BBF000F9E84922C082C08312164CD083D0820259
:10BC00000FE274F6120A63E9FEEAFCEBFD90104FB6
:10BC1000E060548C828D83E0F87900EEC39432505A
:10BC2000047E328008EEC3946F40027E6E90104F07
:10BC3000E0640170228E08E50824CEF508E434FFA4
:10BC4000F509E88508F0A4C8AAF08509F0A42AF946
:10BC50007A3C7B00120813C3E99401400474FF800E
:10BC600001E88C828D83F07F02020D18C082C083B0
:10BC7000E9F87402686009740368600879E8803E36
:10BC80007B1880027B0CEBC39A500679E8EBFA80B4
:10BC9000027900906180E4F0E04405F0906189E071
:10BCA000D2E5F0906182E0D2E0F0E0D2E1F0900ADB
:10BCB0007F7401F0EA900A80F0E89010BBF002BFB8
:10BCC0002374E8120A6374F61210AE8A168B17EC0E
:10BCD000FEEDFFEA451760158A828B83A3A3A3A319
:10BCE000A3A3A3A3E0F89010BBE068600579E80285
:10BCF000BEB312216EE9F46005791E02BEB31221B3
:10BD00007A9010BBE06402751400706B900A80E0BA
:10BD1000F8E514C398506B8A088B098C0A8D0B7553
:10BD20001001751100751200751300E514781012DA
:10BD30000F9E780879101211B7E5084509450A45A4
:10BD40000B6051051480C58A088B098C0A8D0B7510
:10BD50001001751100751200751300E514C33378D6
:10BD600010120F9E780879101211B7E508450945A1
:10BD70000A450B60650514900A80E0F8E514C39845
:10BD800040C5E065147005791A02BEB39010BBE09F
:10BD90006402704674031212E5EEF074041212E5A8
:10BDA000EFF0851682851783E0C0E074051212E576
:10BDB000D0E0F0851682851783A3E0C0E0740612F8
:10BDC00012E5D0E0F0790474031212E5AC82AD8381
:10BDD0008514087509007402800E7908AC16AD1739
:10BDE000851408750900740378081211DD2508FA16
:10BDF00074613509FB12225E9010BBE06402790386
:10BE0000700D74071212E5AC82AD837A67800B74F3
:10BE1000071212E5AC82AD837A647B6112226479E9
:10BE20000374071212E5AA82AB83121C7C8A088B6A
:10BE3000098C0A8D0B9010BB12C0D87034E51478B1
:10BE40000C120F9E7808790C1211F0780812101558
:10BE500074041212E5AA82AB83121CF4740412104B
:10BE6000307903851882851983AC82AD837A678027
:10BE700034E514C333780C120F9E7808790C121134
:10BE8000F0780812101574041212E5AA82AB83121E
:10BE90001CF474041210307903851882851983AC60
:10BEA00082AD837A647B6112225E7A01A914122129
:10BEB000747900740A1210307F10020D18C082C00D
:10BEC00083EA4B60158A828B83A3A3A3A3A3A3A3B6
:10BED000A3E0F89010BBE068600479E8800F1221BD
:10BEE0006E74FF6960F47A0012217479008034C0A6
:10BEF00082C083740169900A81700B7401F09061B3
:10BF00008AE0D2E28008E4F090618AE0C2E2F08048
:10BF100012C082C083900A81E06401700479FE80BF
:10BF20000279FFD083D082020FE2C082C083900AE0
:10BF300081E0600479018009906163E0F874405801
:10BF4000F980E074EC120A6374F41210AE9010BB26
:10BF5000E06402703EEC851882851983F07401124A
:10BF600012E5EDF08A828B83E0C0E074021212E5E4
:10BF7000D0E0F08A828B83A3E0C0E074031212E564
:10BF8000D0E0F08518828519838582128583137F1E
:10BF90000480068A128B137F087E0080010E900AAF
:10BFA00080E0F8EEC398400302C0418E109010BBB1
:10BFB000E064037006E510C333F51012217A8A0C91
:10BFC0008B0D8C0E8D0F750801750900750A0075B3
:10BFD0000B00E5107808120F9E780C79081211B743
:10BFE000E50C450D450E450F60B3EFF974041212D0
:10BFF000E5AC82AD83EE89F0A4FAA8F0E428FB74E6
:10C00000613BFB12226474041212E5A982AA83899F
:10C01000088A09750A0078081210198F08AC087D83
:10C0200000851282851383A982AA837B00121C706B
:10C030007403121030E96401600302BF9DEEF980C1
:10C040000279FF740C1210307F0C020D1874F0127C
:10C050000A63E9FEEAFF12217A8A088B098C0A8DAD
:10C060000B74016F9010BB702C12C0D87016EE7854
:10C070000C120F9E7808790C1211F0780812101526
:10C080007A838045EEC333780C120F9E7808790CC2
:10C090001211F0802D12C0D87014EE780C120F9E81
:10C0A000780C1212167808790C1211B780CDEEC3F5
:10C0B00033780C120F9E780C1212167808790C1235
:10C0C00011B778081210157A867B61121CF474047B
:10C0D0001210307F08020D18E06402750C01750D16
:10C0E00000750E00750F0022C082C08374FD12100F
:10C0F000AE9010BBE064027903851882851983AC89
:10C1000082AD8370047A8380027A867B6112226416
:10C110007903851882851983AA82AB83121C7C74EB
:10C120000312103002BF23E5A4851882851983F01D
:10C13000E5A5C0E074011212E5D0E0F0E5A6C0E08C
:10C1400074021212E5D0E0F074031212E512C494E6
:10C150001212BA7404121030D083D082020FE2742B
:10C16000F6120A6374F01210AE9061A97414F09084
:10C1700061AB743FF0A37455F090619674FCF0903D
:10C1800061A87485F0907803E0649570069062650C
:10C19000740FF09061AEE4F09061B27415F09061AC
:10C1A00082E4F09061B57410F0A3740EF0A37403F0
:10C1B000F09061FA7409F09061E574FFF0439A0120
:10C1C000D2A843A90153B9FE43A90453B9FB906215
:10C1D00049E0900A8AF0E5A8C2AF75C30275A200D3
:10C1E00075A328A2E792AFE59E70FC439403E59403
:10C1F000A2E250FA43940AD2BA9061897448F012CC
:10C200002390906199E0A2E050F8780079007C10CA
:10C21000E8C333F8E933F99061A7E0A2E0E433FA28
:10C22000E84AF81CEC70E9E849600A748068700319
:10C23000740369700478BE79BAE8F5BCE9F5BC907E
:10C240000A99E0F8A3E0F9E849604C78007B007AAD
:10C25000089061A7E0A2E0E433F9EB3349FB1AEA66
:10C2600070EF8808851882851983E5822508F58294
:10C27000E5833400F583EBF008E8C3941040CE85E5
:10C280001882851983AA82AB83900A99E0F8A3E00B
:10C29000F58388821226651223969061897440F096
:10C2A000E0D2E5F0906164E4F0A3F0A3F0A3F0A382
:10C2B000F0A3F074101210307F02020D18E5B45490
:10C2C000F34404F5B4A9BD020FE2E5B454F3440409
:10C2D000F5B4E5BDF9E5BCFAE9FB020FE2C008E5FB
:10C2E000A8F8C2AF75C301E5A3F9E5A2F508E8A275
:10C2F000E792AFAA08E9FBD008020FE2C082C08330
:10C3000074FC1210AEE5A8F8C2AF75C300E5A20236
:10C31000C127C082C08374FC1210AEE5A8F8C2AF7A
:10C3200075C31002C12774F4120A6374FC1210AEB4
:10C3300012C476851882851983780812128390803A
:10C34000CA780812120312C3F76003122072900A0F
:10C3500095C082C08312C488D083D082780812111D
:10C360006B8518828519837808121096900A957843
:10C3700008121256E5A8F8C2AF75C3008518828569
:10C380001983E0F5A474011212E5E0F5A574021218
:10C3900012E5E0F5A6E8A2E702C4A474F4120A6369
:10C3A00074FC1210AE12C4681212839080CA78080E
:10C3B00012120312C3F76003122072A2AFE433F823
:10C3C000C2AFE5A7A2E450040E53A7EF75C33085B2
:10C3D0001882851983E0F5A474011212E5E0F5A531
:10C3E00074021212E5E0F5A675A1EFEEA2E050038B
:10C3F00043A710E802C4A2E5084509450A450B22F7
:10C4000074F4120A6374FC1210AE12C46812128320
:10C410009080CA780812120312C3F76003122072C8
:10C42000A2AFE433FFC2AFE5A7A2E350040E53A7C7
:10C43000F775C320851882851983E0F5A47401126D
:10C4400012E5E0F5A574021212E5E0F5A653A1F796
:10C45000EEA2E0500343A7088518828519831212C3
:10C46000BA122114EF02C4A212C4767E008518828B
:10C47000851983780822851882851983EAF0A3EB51
:10C48000F0A3ECF0A3EDF0221222288A088B098C8D
:10C490000A8D0B22E4F0E8A2E792AF851882851995
:10C4A0008322A2E092AF74041210307F04020D18B0
:10C4B00074F4120A6374FC1210AE9080A61212BAC1
:10C4C0008518828519831212AEA2AFE433FEC2AF83
:10C4D00075C300E5A2E5A4851882851983F0E5A55A
:10C4E000C0E074011212E5D0E0F0E5A6C0E07402ED
:10C4F0001212E5D0E0F0900A9578081212838518A0
:10C5000082851983780812117E851882851983C067
:10C5100082C083900A917808121283D083D08278E7
:10C52000081212265033900A8CC082900A9578081F
:10C5300012128375830AD08278081210EF701A12D3
:10C54000C5C812117E12C5D1851882851983780855
:10C5500012117E900A907401F08518828519831259
:10C5600012BA900A911212AE900A951212BA900A5B
:10C570008C1212AEEEA2E092AF851882851983125A
:10C5800012BA02C4A6C082C083900A8B7480F043A2
:10C59000A70102C158C082C08353A7FE900A8BE056
:10C5A000F902C15874F4120A63A2AFE433FEC2AFB9
:10C5B000900A90E0700812C5C812117E8002E4F063
:10C5C000EEA2E092AF02C4AB12C5D1900A957808F2
:10C5D000221221B68A088B098C0A8D0B2274F7125D
:10C5E0000A63121B08121A2A12191679011224263C
:10C5F000E9FE79FF121CD6EEF902C69374F7120A0F
:10C600006374FF1210AE121AFCE9FE8518828519B8
:10C6100083E4F0AA82AB8379561222887A057B05DF
:10C6200079E212228812C640601290104DE0FAA3FF
:10C63000E0FB121D1290104DE4F0A3F0EEF9804ED5
:10C6400090104DE0F8A3E0F9E8492274F7120A636C
:10C65000E9FE74E26E700B7C057D0512241A7900E8
:10C660008003122282802C74F7120A638908EAFE82
:10C67000EBFF74E26508700BEEFCEFFD7A057B05BD
:10C6800012241AEEFAEFFBA9081222888005740121
:10C690001210307F01020D18C082C083EA241612E6
:10C6A000C99A121A3002C91AC082C08312C99712DD
:10C6B000191C02C91CC082C08312C9971219220218
:10C6C000C91A74F6120A63EAFEEBFF8E828F831298
:10C6D00012BA9010491212AE12C640600579FC02DF
:10C6E000C7A98E828F83A3A3A3A3E0640370030270
:10C6F000C7948E828F83A3A3A3A3E070457A1B7B8C
:10C7000000121D0C8A088B09A808A90990104DE891
:10C71000F0A3E9F0E8497005791A02C7A97C1B7DEE
:10C72000007900121C7690104DE0240BF8A3E03441
:10C7300000F9EE2413F582EF12C9A6E8F0A3E9F0A0
:10C7400080528E828F83A3A3A3A3A3A3A3E06044FC
:10C75000EE2413F8EF3400F9880889098E828F835C
:10C76000A3A3A3A3A3A3A3E075F021A4FAABF012A3
:10C770001D0C850882850983EAF0A3EBF085088209
:10C78000850983E0F8A3E0F990104DE8F0A3E9F003
:10C79000E84960848E828F83A3A3A3A3A3A3E4F0BC
:10C7A000EEFAEFFB121B4479007F02020D1874F7BA
:10C7B000120A6374FF1210AEEAFEEBFF8518828541
:10C7C00019837401F0AA82AB837952122288EE2475
:10C7D00015F582EF12C99DEE2420F582EF12C99D56
:10C7E000EEFAEFFB121928790002C68EC082C083D0
:10C7F000121B0202C91A74F1120A638A088B098C8F
:10C800000A8D0BEA2419F582EB12C8FCFBEA241806
:10C8100012C8F8FA12C8F4F91219A68A0C8B0DAED8
:10C820000CAF0DEE4F700302C8E285080C85090DB0
:10C83000750E00780C1210197C107D00EE24221267
:10C84000C8E9121030E508241C12C8F8F50CA3E062
:10C85000F50D780C12101912C8F4FC7D008E828F31
:10C8600083A3A3E0FAA3E0FB121C6A740312103046
:10C87000E5082410F508E509340085080CF50D7865
:10C880000C1210197C0B7D00EE241712C8E912104F
:10C8900030E50A450B60408E828F83A3A3A3A3E0FB
:10C8A00060358E828F83A3A312C643602A8E828F47
:10C8B00083A3A3E0FAA3E0FB8E828F83A3A3A3A3A9
:10C8C000E0F9850A82850B83122665E96009EEFA94
:10C8D000EFFB121C8E800BEEFAEFFB1219A0790011
:10C8E0008002791A7F07020D18FAEF3400FB121C40
:10C8F0006A740322E508241BF582E50912C9A6E043
:10C9000022790002C69374F7120A6312214A02C602
:10C9100093C082C08312215080027900D083D082DC
:10C92000020FE2C082C08312215680F074F7120A0F
:10C930006312215C80CB74F4120A638A088B09ECC1
:10C94000FEEDFF7B007A0079001219A6EA4B603AEF
:10C95000EA242D12C98F242212C9A3E508F0A3E509
:10C9600009F0EA242A12C98F242B12C9A3EEF0A3DE
:10C97000EFF0EA242E12C99AEA242F12C9A37431C7
:10C98000F0EA241F12C99A1219A07F04020D18128E
:10C99000C9A37402F0EA22EA2413F582EB12C9A6B5
:10C9A000E4F022F582EB3400F58322C082C0835389
:10C9B000FF3F85FFFF53F1FE43F30C53F2F37586FF
:10C9C0008075C48090063E7470F0A374C1F0A3E03B
:10C9D000541FF0900642740FF0A3744AF09006348E
:10C9E0007470F0A374C1F0900638E0541FF0900604
:10C9F0003A74CEF0A3E0540F4410F074069006365B
:10CA0000F0A37471F0900639E4F090063804F090C9
:10CA1000063B741202CD2274F2120A63EAF8EBF9B3
:10CA2000900A77E0FA74752A12CAD6FAEC2AFAED5F
:10CA30003400FBC3EA9401EB940140077A007B00C9
:10CA400002CAC3E5A8FAC2AF900A7712CAFCEAA2EA
:10CA5000E792AF7A007B00800D12CAC8C0E012CA0C
:10CA6000E0D0E012CB11C3EA9CEB9D40ECA2AFE416
:10CA700033FEC2AF900A77E0650D6029EEA2E09226
:10CA8000AF12CAFC7A007B00800D12CAC8C0E01247
:10CA9000CAE0D0E012CB11C3EA9CEB9D40ECA2AF00
:10CAA000E433FEC2AF850D82A88212CD03E50CF0FF
:10CAB000E8640112CAD27006900A7C7401F0EEA2FA
:10CAC000E092AF7F06020D18E82AF582E93BF58374
:10CAD000E022F8747528F582740A3400F583E022A8
:10CAE000E50DF509850C0A7475250AFE74083400F5
:10CAF000FFEE2400F582EF3509F58322E0F50DF510
:10CB00000874752508F582740A3400F583E0F50C85
:10CB100022F0050C12CB1822EA24010AEB3400FBA8
:10CB20002274F6120A637E0012CCB870639008710A
:10CB3000E0FAEA12CCC070080A900871E06A70F25C
:10CB4000900872E06A6011EAF0A3E07004E595A332
:10CB5000F090087374218020A3E0601DA3E0F8E545
:10CB600095C398F8900873E0F9E8C3995009E0C3B9
:10CB700098F0E595A38001E4F012212C8A088B0936
:10CB8000A808A909C3E894F0E99400400A0E80229D
:10CB9000900873E4F0801BC3E89470E994004006A9
:10CBA0000E0ED285800CE8496008900873E0700290
:10CBB0007E04900A78E06006E4F0EED2E4FE900A8B
:10CBC0007BE06019E595F9900A7AE0F8E9C398F8F6
:10CBD000900A79E0C3985005900A7BE4F0900A7CB3
:10CBE000E0604C900A7BE07046A3E412CD1CF9741F
:10CBF00075240074083990063C12CD1C747590069B
:10CC00003D12CD13900641F0900640E054E012CD65
:10CC10001CE06401F0A2AFE433F8C2AF75D6100097
:10CC2000E5D6A2E450F975D1EF75D710E88027A2B8
:10CC3000AFE433FAC2AF900A77E012CAD26016E5C9
:10CC4000D6A2E44010E5D1A2E4400AEAA2E092AF05
:10CC50001221328005EAA2E092AFEE6018900A7DC0
:10CC6000E0F8A3E0F9E849600CEEFA7900E0F5831A
:10CC700088821226657F02020D18C082C0837A0066
:10CC80007B0012CCB8702F78007900E8FCE9FDEC4D
:10CC9000C333FCED33FD74712CF58274063DF583CE
:10CCA000A3E065C2700312CB18E8240108E9340040
:10CCB000F9C3940140D5806B900871E012CCC0227A
:10CCC000C333F8E433F9747128F582740639F583B7
:10CCD000A3E065C222C082C08375D1EF900A77E0DD
:10CCE0006401F812CD03E4F0900A7804F0E5959021
:10CCF0000A7AF0A3740112CD136006900A7C7401C5
:10CD0000F0802012CD0722747528F582740A340051
:10CD1000F5832212CD1CF812CD07E022F0900A779D
:10CD2000E022F0D083D082020FE2C082C0831221C1
:10CD30001A80F07F01020D1874F7120A63E970057A
:10CD400012212080047A007B0002CD33C082C08390
:10CD500012212602CD23C082C0837A00790F1220CF
:10CD6000FC02D0D474F5120A6389088A0AEA602F9B
:10CD700014602C14600A24FE601B24FC6021800BCC
:10CD80007CE87D037B057A0112210290064AE0F9D6
:10CD90007F03020D187CE87D037B057A0580E97529
:10CDA000090153080F7E4C7F06801DE06401F0E00E
:10CDB000FAA90912210EE5096208E509C333F5094C
:10CDC000EE2409FEEF3400FFE50860BF550960EA74
:10CDD0007408650A8E828F8360D1E50A80D074F270
:10CDE000120A63890A8A0B8B0CECFEEDFFE97003D3
:10CDF00002CEAFEB700302CEAFEE4F700302CEAFA8
:10CE0000EBC39464400302CEAB750D01530A0F755A
:10CE1000084C7509068076550D605E850882850987
:10CE200083E0C39402500D90064AE0550DF8900639
:10CE30004BE048F0850882850983E4F0A3A3A3EEC4
:10CE4000F0A3EF12CEB9A3E50C12CEB9E50BF0704A
:10CE5000098508828509837404F0121DDE85088225
:10CE6000850983A3A3A3A3A31212AE850882850913
:10CE700083E0D2E1F0E50D620AE50DC333F50DE57F
:10CE8000082409F8E5093400F988088909E50A70D9
:10CE9000867A027B00900644E0F9121DCC7A027B70
:10CEA00000900644E0F9121CC480097A0180027ADD
:10CEB000001220FC7F06020D18F085088285098388
:10CEC000A32274E8120A6374FF1210AE7514007581
:10CED000150075160175170F7E4C7F06900670E0E1
:10CEE000600302D071E5175516700302D0468E829A
:10CEF0008F83E0A2E1400302D042121DDE8A0C8B38
:10CF00000D8C0E8D0F8E828F83A3A3A3A3A3780C09
:10CF1000120F7F8E828F83400302D00EE0A2E0A327
:10CF2000502CA3E0F87464C398851882851983F0A7
:10CF30008E828F83E0C2E0F07A00A91612210E8E55
:10CF4000828F83E0A2E24033A3E014F0802DE070F2
:10CF50000D8E828F83E0A2E24004640280ED8E8217
:10CF60008F83A3A3E0851882851983F08E828F8337
:10CF7000E0D2E0F07A01A91612210E8E828F83E0B2
:10CF8000A2E15065851882851983E0F508E4F5096A
:10CF9000F50AF50B8E828F83A3A3A3E0F510A3E01F
:10CFA000F511E4F512F513780879101208FB90805A
:10CFB000BE7810121283780879101209F3850810D0
:10CFC000850911E4F512F513780C79101211918E80
:10CFD000828F83A3A3A3A3A3E50CF0A3E50DF0A385
:10CFE000E50EF0A3E50FF0803C7508007509009090
:10CFF000064BE0551660047A0180027A00A91612E9
:10D0000020FC74FF6516F890064BE05880D8A3A367
:10D01000A3A3A37808121283E508C3950CF508E5CD
:10D0200009950DF509E51445156011E508450960F8
:10D0300011C3E5089514E509951550068508148572
:10D040000915E5166217E516C333F516EE2409FE39
:10D05000EF3400FFE517600302CEE5E514451560E7
:10D0600010AC14AD157A027B00900644E0F9121D55
:10D07000C074011210307F10020D18C082C083E905
:10D08000A2E0500B74016A7004C2908002D290E951
:10D09000A2E1500B74016A7004C2918002D291E93E
:10D0A000A2E2500B74016A7004C2948002D294E927
:10D0B000A2E3500B74016A7004C2908005D290EA1A
:10D0C000600790064AE049800974FF69F890064AB3
:10D0D000E0588004900670E4F0D083D082020FE222
:10D0E000C082C08302D27E74F7120A63E9FE900AFE
:10D0F000F0E06003122072900AF07401F09010BC0E
:10D10000E06008791D1223E402D1E4EE900AF1F008
:10D11000640270051221DA8045E060076401600353
:10D12000122072900AF4E4F090042BE0240E12D145
:10D13000E7A2E65005900AD58003900AB7E0900A6E
:10D14000F212D2437015900A9EE0600F900AF2E04E
:10D15000C39403400474028001E0F01223AE900AED
:10D16000F7E0705A90042BE0F8A3E0F9E849700367
:10D1700012207290042BE0240212D1E7FAA3E0F50A
:10D18000838A82E05420900AF6F08882898312D440
:10D1900055E0900AF5F012D44CE0FA88828983E0D9
:10D1A00024FFF8A3E034FFF98882898374022AF00F
:10D1B00075E1EE74012AF9AA82AB8312226AA2AF4A
:10D1C000E433F8C2AF900ADBE0700E900ADDE07045
:10D1D00008900AF012D2BC800B900AF07402F0E8BA
:10D1E000A2E092AF02D3AEF8A3E03400F9888289BE
:10D1F00083E02274F6120A6312229A7508017509F7
:10D2000000900AF2E078081211DDE5081459900A3E
:10D21000F312D24370051221CE80031221C87F027F
:10D22000020D18C082C0839061A4E0C2E0F0900AB1
:10D23000DDE412D243640270051221E08003122360
:10D24000BA8044F0900AF1E022C082C083900AF1D3
:10D25000E0701412195EE9F8900AF3E0C3984007F1
:10D26000791C1223E480031221D4801BC082C08366
:10D27000900AF7740112D243F91223A88009900A88
:10D28000F0E4F0900AF7F0D083D082020FE2C0827F
:10D29000C083900ADBE07006900ADDE06003122094
:10D2A00072A2AFE433F8C2AF900AF0E064027005F6
:10D2B00012D2BC8005E8A2E092AF80CB7483F0E884
:10D2C000A2E092AF1223B422C082C083900AF1E0A0
:10D2D000600764016003122072900AF07404F01277
:10D2E000238A900AF4E004F0F8900AB6E0C398505C
:10D2F0000779E11223E48033900AF2E02401F8E494
:10D300003400F9900AC2E0FAE89AE99400C365D0C3
:10D31000335007900AF2E0048001E0900AF2F01224
:10D3200023AE900AF07483F01223BA02D28774F706
:10D33000120A63A2AFE433FEC2AF900AF0E0648346
:10D34000701E900AF6E0900AF0700F7485F0EEA25D
:10D35000E092AF79001223E4800B7486F01221EC86
:10D36000EEA2E092AF804774F7120A63E9FEEAFF8B
:10D37000A2AFE433F508C2AF900AF0E064867028EB
:10D380007487F01221F2E508A2E092AF900AF5E06E
:10D390006E700EEF6007791B1223E4801179008014
:10D3A000F779E91223E48006E508A2E092AF7F0155
:10D3B000020D1874F7120A63A2AFE433FEC2AF90F5
:10D3C0000AF0E0648670127487F01221F2EEA2E097
:10D3D00092AF79E91223E48005EEA2E092AF80CE0D
:10D3E00074F7120A63E9FE900AF7E4F0900AF0F08D
:10D3F00012238A1222BE1222CAEEF912197C80AEC2
:10D4000074F4120A6390042BE0F8A3E0F9E8497081
:10D41000031220721221988A088B098C0A8D0B90B6
:10D42000042BE0F8A3E0F5838882A3A3A3A3A37849
:10D43000081212561222228A0812D44CA3A3A3A3C4
:10D44000A3E508F0A3EBF07F04020D1890042B1263
:10D45000D455A3A322E0FAA3E0F5838A82A3A322F2
:10D46000C082C0839080A61212BA9005011212AE3B
:10D4700002D55F74F2120A63890AEAFEEBFF8C0898
:10D480008D09121DB4EA4B600F8A828B83A3A3E53A
:10D4900008F0A3E509F080697A097B00121D0CEA07
:10D4A0004B605A8A828B83A3A3A3A3A3A3E50A128A
:10D4B000D506EEF0A3EFF08A828B83A3A3E508F0F4
:10D4C000A3E509F08A828B83E4F0A312D506A3A317
:10D4D000A3F0A3F09004FF12D7B0700C9004FFEA01
:10D4E000F0A3EB80B0E0F8A3E0F988828983E0FC48
:10D4F000A3E0FDEC4D8882898370EA80E27A007BAC
:10D50000007F06020D18F08A828B83A3A3A3A322B7
:10D51000C082C0839004FF80048C828D83E0FCA3D2
:10D52000E0FDEC4D601F8C828D83A3A3A3A3E06A72
:10D530007003A3E06B70E28C828D83A3A3A3A3A3EB
:10D54000A3E06970D4ECFAEDFB8014C082C083EADA
:10D550004B600C8A828B83A3A3A3A3E4F0A3F0D037
:10D5600083D082020FE274F6120A63E5A8FFC2AF0D
:10D57000121DAE8B09A909EFA2E792AFEA49600438
:10D580007900800279087F02020D1874F4120A6390
:10D59000ECFEEDFFA2AFE433F509C2AF121DAE8A77
:10D5A0000A8B0BA80AA90BE849601088828983A31B
:10D5B000A3A3A3A3A3A3EEF0A3EFF0E509A2E09237
:10D5C000AFE84960047900800279087F04020D18F1
:10D5D00074F4120A63A2AFE433F509C2AF121DB4AA
:10D5E0008A0A8B0BAE0AAF0BEE4F6003121DBAE531
:10D5F00009A2E092AFEE4F600479008002790680C4
:10D60000CA74F4120A637E007F00A2AFE433F50906
:10D61000C2AF121DB48A828B83E58245836007A363
:10D62000A3E0FEA3E0FFE509A2E092AFEEFAEFFB74
:10D63000809974F0120A638A0A8B0BE5A8F9C2AFCD
:10D640008A0C8B0DE4F50EF50F900501780C121184
:10D650007EE9A2E792AF9004FF12D7B0700302D721
:10D66000999004FFE0F50CA3E0F50D75080075092D
:10D67000007E007F00A2AFE433F50EC2AF850C82BE
:10D68000850D8312D79EE50A98E50B99400E850C0F
:10D6900082850D83A3A3E4F0A3F08021E50C24028E
:10D6A000F8E50D3400F988828983C3E0950AF0A378
:10D6B000E0950BF08882898312D7B0704E850C827A
:10D6C000850D83A3A3A312D7AC605012D7A6604BDD
:10D6D000850C82850D83A3A3A3A3E0FAA3E0FB85B9
:10D6E0000C82850D83A3A3A3A3A3A3E0F9121CC4FA
:10D6F000850C82850D83A3A3A3A3A312D79E850CBB
:10D7000082850D83A3A3E8F0A3E9F0850C82850D43
:10D710008312D7AE600512D7A6702CE5084509859F
:10D720000C82850D83700812D7A09004FF80091227
:10D73000D7A0850882850983E8F0A3E9F0AE0CAF95
:10D740000D8E828F83800CA80CA90D88088909880A
:10D75000828983E0F50CA3E0F50DE50EA2E092AF1F
:10D76000EE4F602C8E828F8312D7AE701C8E828F0C
:10D7700083A3A3A3A3E0FAA3E0FB8E828F83A3A3DA
:10D78000A3A3A3A3E0F9121CC4EEFAEFFB121D122F
:10D79000E50C450D600302D6717F08020D18A3A3A6
:10D7A000E0F8A3E0F922850C82850D83A3A3A3A34F
:10D7B000E0F8A3E0F9E84922C082C0839005011295
:10D7C00012BA02D55F12DA5F8E828F8312D9BE79C8
:10D7D000C82274F7120A6374F31210AEECFEEDFF68
:10D7E0008518828519837402F0EAFCEBFD7403123C
:10D7F00012E512D8141212F8E96401700A740B12BF
:10D8000012E512D86F8008740B1212E512D7C57496
:10D810000D02DA09AA82AB8312259A85188285192E
:10D8200083AA82AB832274F7120A6374F11210AEDA
:10D8300012D8FAFE702674021212E5740212D9F69A
:10D84000F9740D1212E512D9BA74021212E5AA8205
:10D85000AB831224F8E9640160027E01EEF9740FD3
:10D8600002DA097F06020D18FB121D8A740422E0F9
:10D87000F8A3E0F98E828F8312D9BE79002274F763
:10D88000120A638C828D8312D8BE602D78007900D5
:10D8900012D9097003A3E06B701AE875F005A4F8BB
:10D8A000AAF075F005E9A42AF990060312D9971297
:10D8B000D878800712D92740D779C802DA0CE4F06B
:10D8C000A3F090060312D9A72274F7120A6374FE1C
:10D8D0001210AEECFEEDFF8E828F83E4F0A3F075A4
:10D8E00008C812D8FA7010EEFCEFFD851882851971
:10D8F0008312DA58E9F50802DA058518828519835A
:10D90000AC82AD83122018E922E8FEE9FFEE75F043
:10D9100005A4FE85F00875F005EFA42508FF900624
:10D920000312D9ADE06A2212D9872274F2120A6377
:10D93000EAFEEBFF12DA3D603D7C187D00790012B3
:10D940001C7612DA11780A12101D750C18750D006C
:10D95000780C12101D7C007D0085088212D9FE1201
:10D96000D868121030850882850983E4F0A3F0AAF4
:10D970000AAB0B121D128E828F8374FEF0A3041269
:10D98000DA2EE4F002D863E8240108E93400F9C390
:10D99000E89403E994002212D9A0F98C828D8322A5
:10D9A000E028F8A3E0392212DA63E84922E02EF5F4
:10D9B00008A3E03F850882F5832212D9BE22E8F051
:10D9C000A3E9F02274F7120A6374FE1210AE8518F0
:10D9D00082851983AC82AD8312202AE9FE7003127E
:10D9E000D9E7EEF902DA0712DA4C12203022F0857C
:10D9F00018828519832212D9EEE0F8A3E0228983E8
:10DA0000E0FAA3E022A90874021210307F01020D8F
:10DA100018EE2402F8EF3400F98808890922C08240
:10DA2000C083122552D083D082020FE280F0F08EA4
:10DA3000828F83A3A3A3A3227901020FE27A187B2A
:10DA400000121D0C8A0A8B0BEA450B228518828571
:10DA50001983E0FAA3E0FB2212DA521220242212E8
:10DA6000DA6322E0F8A3E0F922F075E1E275E1FF64
:10DA700002DB65C008E5A8F8C2AF75C300E5A2F5F2
:10DA800008E5A3F9E8A2E792AFA8087A007B0212A2
:10DA9000080BE8F9D008020FE2C082C0839061A4AD
:10DAA000E0A2E45003122072759C019061E47401BD
:10DAB000F075E1E275E1FFE5A8C2AF759B007591D5
:10DAC000EFA2E792AFE5A8C2AF759B007591F7A2F0
:10DAD000E792AF02DB65C082C08312DAFD75E1B860
:10DAE00075E10F8065C082C08312DAFD75E117759C
:10DAF000E18175E11075E1D275E181804D1221C29D
:10DB000075E1BC22C082C083900AF3E09061E2F02C
:10DB100075A1FDA2AFE433F8C2AF75C300E5A2F969
:10DB2000E5A3FA900A8AE094125008E97005EA70B9
:10DB300002790175C30389A28AA3E8A2E092AF1219
:10DB4000DBC812239075E1E1801B75E11075E1D20D
:10DB500075E1D975E10175E10975E1BA75E1017504
:10DB6000E1C575E1D2D083D082020FE2C082C083CA
:10DB700012DAFD80DB74F7120A6312DBC8A2AFE48D
:10DB800033FEC2AF75C300E5A2E5A4FF740F5FF8D2
:10DB9000740F98F5089061E2F012237E900AEE74FB
:10DBA00001F075E1E175C300E5A2E5A46F600FE542
:10DBB00008C39402400874FF25089061E2F0EEA2C9
:10DBC000E092AF7F01020D189061A4E0D2E4F0E092
:10DBD000D2E3F022C082C0839061E4E070179061CC
:10DBE000A4E0A2E4500FE0C2E4F0E0A2E35003128C
:10DBF00021F81223D202DB6574F5120A639061A446
:10DC0000E0A2E450031220721221BCE9F50A900A46
:10DC10009BE0FEC39415500312207274EC250A2E6B
:10DC2000FE75F01484FF75F014A4CE9EFE0F906173
:10DC3000E47402F0EF9061E2F0EEC3941540031239
:10DC4000207275A1FDA2AFE433FAC2AF75C3038E93
:10DC500008750900740978081211DDF8A909900AFD
:10DC60008AE0C394125006E97003087900E8F5A22F
:10DC7000E9F5A3EAA2E092AF75E1E275E1FFE5A85C
:10DC8000C2AF759B007591EFA2E792AF75E1BC75CD
:10DC9000E1B875E1D29061A4E0D2E4F075E1E1125F
:10DCA00021BCE9C3950A500A9061E2E06F7003E07D
:10DCB00014F07F03020D18C082C0839061A4E0C2FB
:10DCC000E402DA69C082C0839061A4E0C2E3F0128A
:10DCD00023EA02DB65C082C0839061A4E0C2E4F065
:10DCE0009061E4E070051223D28015E064017005B4
:10DCF0001223CC800BE0640260031220721223DE38
:10DD000002DB65C082C0839028E17C9B7D0A743C65
:10DD1000120F3C12229AE9900AB4F012229AE9906A
:10DD20000AA8F0D083D082020FE2E9F874C028C3B9
:10DD3000941E500674C028F9800E742028C39406DF
:10DD40005004743E80F07924020FE274F3120A63E7
:10DD5000EAFEEBFF12227CE9F508742465087004E2
:10DD600079F48047E5A8F50CC2AF75090074027814
:10DD7000081211DD12DF5AE493F8749B28F5087439
:10DD80000A3400F509750A0078081210198A828B86
:10DD900083A3E493FC7D00EEFAEFFB121C6A74038C
:10DDA000121030E50CA2E792AF79007F05020D1842
:10DDB00074F2120A63890BEAFEEBFF7445650B707F
:10DDC0000B900AA0EEF0A3EFF002DF3512227CE9FF
:10DDD000F8880C742468700579F402DF37880875B8
:10DDE0000900740278081211DD12DF4B70118908E6
:10DDF000750900740278081211DD12DF3C60768923
:10DE000008750900740278081211DD12DF5AA3A305
:10DE1000E493F88A828B83A3A3A3E49368700579C3
:10DE2000FB02DF377458650B701B8E828F83E024F2
:10DE300071F8A3E034FFF9C3E89422E99464400543
:10DE400079E802DF37850C0875090074027808123A
:10DE500011DD12DF4BF88E828F83E0C39840E1E042
:10DE6000F9850C08750900740278081211DD12DFBB
:10DE70003CC39940CBE5A8F50DC2AF850C087509E8
:10DE800000740278081211DD74672508F8742635CD
:10DE900009F9E8FAE9FB8E088F09750A007808127B
:10DEA00010198A828B83A3E493FC7D008A828B8382
:10DEB000E493F8749B28FA740A3400FB121C6A7409
:10DEC00003121030E50DA2E792AFE50B24B0601706
:10DED00024FE602D14601D2473604B1460351460A3
:10DEE0003C24FD6048804E900AB8E0FAA3E0FB12A3
:10DEF00022A68041900ABCE0FAA3E0FB1222AC808B
:10DF000034900ABBE07902600512236C802712234B
:10DF1000788022900ACBE0F91222C480187ACC7B58
:10DF20000A1222B2800F900ACAE0F404F0900ACAE2
:10DF3000E0F91222B879007F06020D18746A2508EC
:10DF4000F58274263509F583E4932274692508F572
:10DF50008274263509F583E4932274672508FA74E0
:10DF6000263509FB8A828B8322C082C083900AD91E
:10DF7000740BF0900AD874FFF0900ADAF0900AD788
:10DF80008018C082C0831222D61222E2800DC08285
:10DF9000C0831222168004F0EBA3F0D083D082025B
:10DFA0000FE2C082C083906180E0FAE96004D2F0A1
:10DFB0008002C2F0A2F0E43333F874FD5A4880DAEC
:10DFC000C082C083EA90617280CDC082C083EA9033
:10DFD000617480C3C082C083EAFCEBFD79087A6A71
:10DFE0007B6112225E80B474F7120A63E9FE902905
:10DFF00062E493C39EA2D265D033400EA3E493F8AB
:10E00000EEC398A2D265D0335003E493FEE5A8FA9C
:10E01000C2AF902962E493C39E2402F8746228F58B
:10E020008274293400F583E493900ADAF0EAA2E7D7
:10E0300092AF1222BEEEF902E13AC082C083A2AFD3
:10E04000E433F9C2AF900ADAE0F8900AD7E06860EA
:10E050001A900ADDE07014900AF0E0A2E7400C90FC
:10E060000ADAE0900AD7F0906190F0E9A2E092AF6E
:10E0700002DF9B74F7120A63E9FE74F52EC3941253
:10E080004003122072A2AFE433FFC2AFEE900AD970
:10E09000F0900AF0E070031222CAEFA2E092AF0201
:10E0A000E13AC082C083900AF0E06003122072A2BD
:10E0B000AFE433F9C2AF900AD9E0F8900AD8E0682B
:10E0C0006026900AD9E0900AD8F0E9A2E092AF1257
:10E0D000239675F005900AD8E0A424D490618FF0BF
:10E0E00012230C1223848005E9A2E092AF02DF9B89
:10E0F00074F7120A63E9FE9010BCE060031220720C
:10E10000900ADCE06003122072EE7007900ADC7463
:10E1100001802674036E7007900ADC7403801A7401
:10E12000016E600874026E6003122072900ADC7443
:10E1300002F090617274FFF0A3F07F01020D18C02D
:10E1400082C083900ADCE4F0900AB8E0906172F03B
:10E15000900AB9E090617302DF9AC082C0831222F4
:10E160004C02DF9BC082C083122252E924B7F9120D
:10E1700022E802DF9BE9FCC394A9A2D265D0335008
:10E18000047CA9800DECC3940BA2D265D03340026D
:10E190007C0AECF83395E0F9E82457F8E93400F903
:10E1A000E875F0FFA4F8AAF075F0FFE9A42AF97A5F
:10E1B000617B0012080BE8F9020FE274F7120A63A0
:10E1C0001222E802E13A74F7120A63E990050EF0B0
:10E1D00090050D7401F0121E147A817B10121B86BB
:10E1E0009005187402F0A3740BF0900510E4F0A3EE
:10E1F000F07C15FD7A327B80F912213E7F01020D01
:10E200001874F4120A63EAFEEBFF5480705CEEA20D
:10E21000E0506F121E0E7C887D137A017B00900502
:10E220000EE0F9121DC0EE6401FAEFFB80588A82FD
:10E230008B83E064D1702CA3E090050DF06407603F
:10E2400005E06406701D7C887D137A017B009005D3
:10E250000EE0F9121DC07C107D007A487B807900A9
:10E2600012213EAA08AB09121C8E90050EE0F9128D
:10E270001C9A8A088B09EA450970B3EEFAEF6480AC
:10E2800080A97A007B007F04020D1874F5120A63DE
:10E2900074B21210AE121C64851882851983740240
:10E2A000F09004B9E0C0E074011212E5D0E0F09003
:10E2B00004B8E0C0E074021212E5D0E0F079061272
:10E2C0001E1A74031212E5EAF0A3EBF07905121E90
:10E2D0001A74051212E5EAF0A3EBF07904121E1A83
:10E2E00074071212E5EAF0A3EBF085188285198312
:10E2F000A982AA8389088A09750A00780812101968
:10E300007C097D00740C1212E5AA82AB83121C6A90
:10E31000740312103074071212E5120E18740712EB
:10E3200012E5120E1874071212E5120E1874081274
:10E3300012E5E0F508750900780812101D7409123D
:10E3400012E5E0F508780812101D740A1212E5E0D3
:10E35000F508780812101D7C007D80741E1212E5ED
:10E36000AA82AB8312249E740C1210307412121203
:10E37000E5AA82AB831224A4EAFCEBFD741212120C
:10E38000E5AA82AB83790012213E75081E78081237
:10E39000102175080F750905780812101D740C12EC
:10E3A00012E5858208858309780812101D75080911
:10E3B000750900780812101D750801780812101DE3
:10E3C00079207C817D107A107B05121B9E740912C6
:10E3D0001030E9700F7C647D007B327A0179011284
:10E3E0002102800D7C0D7D007A697B8079001221ED
:10E3F0003E744E1210307F03020D18C082C083900D
:10E400001D08E4F0A3F0901D0A740AF0A37411F043
:10E4100090110A7448F0A37402F0901352F0A374A0
:10E4200080F0A374B4F0A37409F0D083D082020FFB
:10E43000E274F6120A637A017B00121D0C8A088BC3
:10E4400009AE08AF09EE4F7003122072E5A8F50877
:10E45000C2AFEE24FEF8EF34FFF9901D0AE8F0A3F6
:10E46000E9F0EEFAEFFB121D129004D27401F0E510
:10E4700008A2E792AF7F02020D1874F3120A637CC0
:10E48000007D008C09EA24020A0AEB3400FBA2AFEB
:10E49000E433F508C2AF9004D2E06008EA9411EBCF
:10E4A0009400500A901D0AE0F8A3E0F98004785423
:10E4B000791388828983A3E054806006750900027D
:10E4C000E553E509A2E050728C828D83E0FEA3E063
:10E4D000FF5480F50B88828983E02EFEA3E03F5431
:10E4E0007FFFE50B4FFF8C828D83EEF0A3EFF0549E
:10E4F0007FFFC3EE9AEF9B405AECF8EDF9E84970C4
:10E500000302E5BB88828983E0FCA3E0547FFDEC35
:10E51000C39AFCED9BFDC3EC9404ED9400405BE8D2
:10E520002AF582E93BF583ECF0A3EDF0EB4480FBA8
:10E5300088828983EAF0A3EB804888828983E0FCA3
:10E54000A3E0547FFDC3EC9AED9B50B1750901E83F
:10E55000FCE9FD88828983E0FEA3E0547FFFE82E7A
:10E56000F8E93FF988828983E0FEA3E0FFEE4F607F
:10E570000302E4B278007900804188828983A3E0B5
:10E580004480F09004D2E06029901D0AE0FAA3E0F4
:10E59000FBE86A7002E96B701988828983E0FAA34C
:10E5A000E0547FFBE82AFAE93BFB901D0AEAF0A35E
:10E5B000EBF0E824020808E93400F9E508A2E0924B
:10E5C000AFE8FAE9FB7F05020D1874F7120A63EA57
:10E5D00024FEFEEB34FFFFC3EA940AEB94114009DA
:10E5E000C3EA940AEB941D40031220728E828F833B
:10E5F000A3E054807003122072A2AFE433FAC2AFDA
:10E600008E828F83A3E0547FF0901D0AE0F8A3E090
:10E61000F9EE98EF99500CEEF8EFF9901D0AE8F03A
:10E62000A3E9F0EAA2E092AF7F01020D1879FF1290
:10E630001CD653BEFBE59DA2E650FA0078F879019E
:10E6400000E824FF18E934FFF9E84970F375C600C3
:10E65000E59E70FC43BE049062707408F0D2904353
:10E66000FE01D29143FE02D29443FE10438F017EFD
:10E6700010794A12206CE960F81EEE70F4790012ED
:10E680001DE412208A7A007B00121D7E12242012C3
:10E690002060122048121CDC79FF121CD079021273
:10E6A0001DE4121CE27A007B00020FE274F5120AEC
:10E6B0006374F81210AE851882851983AC82AD831D
:10E6C00075838075828B7408120F5EF508F50978E2
:10E6D0000812101D7C087D007A017B00121D8474D5
:10E6E00002121030E970577508057509057808128F
:10E6F000101D750808750900780812101D7C007D32
:10E70000007A017B00121D907404121030E9702E03
:10E71000851882851983A982AA8389088A09750ABE
:10E720000078081210197C087D0079057A057B00B5
:10E73000121C707403121030E9700302E7E17508CF
:10E7400008750900780812101D7C057D057AE87BA4
:10E7500007797F12209C7402121030851882851967
:10E7600083A982AA8389088A09750A007808121089
:10E77000197C087D0079057A057B00121C707403F2
:10E78000121030E9603578081210197C087D007984
:10E790000C7A787B00121C707403121030E97054EC
:10E7A00075080C75097878081210197C087D007AB4
:10E7B000057B05121C6A7403121030750805750973
:10E7C00005780812101D75080875090078081210E0
:10E7D0001D7C007D007A017B00121D8A74041210DA
:10E7E000307A057B0579E212243274081210307FEA
:10E7F00003020D187E00121C828A08A80812E8295C
:10E80000E8F00E12E829EBF00EEEC3940640E71292
:10E81000E8297420F074012EF8740528F582740537
:10E820003400F58374F8F080B88E0874052508F577
:10E830008274053400F5832274F7120A637E001295
:10E840002054E9A2E050010E7A067B0679E21224F8
:10E850002CEEF912204EEEA2E050077A0179001258
:10E86000205A79007F01020D1874F2120A63890D93
:10E87000750C00801A12101D780812101D7C007D86
:10E8800000EEFAEFFB121D907404121030050CE537
:10E890000C75F006A4F8AAF0EAF912E9FA607FE52F
:10E8A0000C75F006A4F8EAF9743828F8742A39F9D6
:10E8B000A3A3A3A3E493F50A740193F50B888289BB
:10E8C00083A3A3E493C0E0740193F583D08285828F
:10E8D0000885830988828983E493C0E0740193F5F5
:10E8E00083D082AE82AF83780A12101DAC08AD09C6
:10E8F000EEFAEFFB121D847402121030E9708EE5FF
:10E900000D780A700302E87512101D780812101DA8
:10E910007C007D00EEFAEFFB121D8A02E8887F067C
:10E92000020D1874F6120A6374FF1210AE12E97821
:10E9300012101D7C017D007A037B00121D8474027D
:10E94000121030E97020780812101D750801750941
:10E9500000780812101D7C007D007A037B00121DD8
:10E96000907404121030851882851983E0F97401BF
:10E970001210307F02020D18851882851983E4F089
:10E9800085820885830978082274F6120A6374FF69
:10E990001210AEE9FEEAFF12E97812101D750801A7
:10E9A000750900780812101D7C007D007A037B0039
:10E9B000121D907404121030E9703C74FF6E700ADE
:10E9C000851882851983E04F800C74FF6FF88518D5
:10E9D00082851983E05812E97F12101D75080175B0
:10E9E0000900780812101D7C007D007A037B00125C
:10E9F0001D8A740412103002E96E743828F582748E
:10EA00002A12EA07E8492239F583E493F87401935E
:10EA1000F922C082C083122078D083D082020FE214
:10EA200074F4120A6374F61210AEC2AF53BEFBE563
:10EA30009DA2E650FA0078F8790100E824FF18E971
:10EA400034FFF9E84970F375C600E59E70FC43BEDB
:10EA5000049062707408F0D29043FE01D29143FE9C
:10EA600002D29443FE10438F01D290D291D294806F
:10EA700017D2900B74086B600302EB597B000AEA13
:10EA8000C39406500302EB59D29079009080A612ED
:10EA900012BA74061212E51212AE80129080AE788D
:10EAA0000812128374061212E5780812117E740699
:10EAB0001212E5C082C0839080BA7808121283D007
:10EAC00083D082780812122640D2A2905004C290BD
:10EAD0008002D290A2915004C2918002D291A2945D
:10EAE0005004C2948002D29490061BE0600CE4F0C3
:10EAF000740A1210307F04020D18A281508C097420
:10EB00000A697088D290D291D294D290780079001C
:10EB1000A28150047800790012EBB540F39061A314
:10EB2000E0C0E074041212E5D0E0F09061A4E0C00F
:10EB3000E074051212E5D0E0F0900AF0E0C0E07455
:10EB4000021212E5D0E0F0900ADBE0C0E07403129C
:10EB500012E5D0E0F07B007A00A28150FCC290C2A6
:10EB600091C294EB7004C2908002D2907800790038
:10EB7000A28150047800790012EBB540F3D290D214
:10EB800091D294D2907508017509007407C39B78DF
:10EB9000081211DD8A0A851882851983E582250A03
:10EBA000F582E5833400F583E05508700302EA71CD
:10EBB000C29002EA73E8240108E93400F9C3E8943A
:10EBC000F4E99401A2D265D03322D083D082020F1F
:10EBD000E274F7120A63EAFEEBFFEEF8EFF9E824BD
:10EBE000FF1EE934FFFFE84960127508647A0A7B6A
:10EBF00000121DFC1508E50860E080F17F01020DA0
:10EC00001874F7120A637E089004B67402F0A287A3
:10EC1000400512ED2E70F712ED369004B7E4F0A225
:10EC200087500204F09004B67402F0A287500512D7
:10EC3000ED2E70F7E06401601B9004B7C082900471
:10EC4000C3E0C333758304D082F8E0489004C3F076
:10EC50001EEE70B480A6C082C083C2877A137B0088
:10EC6000121C58D28753FD7F12ED367A0A7B0012B0
:10EC70001DFCA287500302ED1F9004B67402F0A29F
:10EC800087400512ED2E70F77402F0A2875005122E
:10EC9000ED2E70F712ED4D9004C012ED4C9004C1B2
:10ECA00012ED4C9004BE12ED4C9004BF12ED4C904E
:10ECB00004C2F0D2879004C1C082C0839004C0C057
:10ECC00082C0839004BFC0829004BEE0758304D0EC
:10ECD00082F8E028D083D082F8E028D083D082F870
:10ECE000E0289004B7F0F89004C2E0687020900427
:10ECF000C0E09004BCF09004C1E09004BDF090042A
:10ED0000BEE09004BAF09004BFE09004BBF0900421
:10ED1000BAE09004B9F09004BCE09004B880089088
:10ED200004B8E4F09004B9F043FD8002EBCAE0F8C7
:10ED3000740128F0E8227A0A7B00121DFC7A0A7B13
:10ED400000121DFC7A0A7B00121DFC22F0121C5ED0
:10ED50009004C3E022C082C0839080A61212BA122F
:10ED600022349080C61212BA12218C75A1F743A7E3
:10ED70000875A1EF43A7108012C082C08353A7EF8C
:10ED800053A7F712218080031212BAD083D08202D7
:10ED90000FE274F0120A638A088B098C0A8D0B1239
:10EDA000EE741212364003122072E5A8FEC2AF9034
:10EDB0000A827808121256AA08AB09AC0AAD0B12E7
:10EDC000224002EE7C74F4120A63E5A8FEC2AF1280
:10EDD00022288A088B098C0A8D0BEEA2E792AF904D
:10EDE0000A827808120F7F50087A007B007C007D31
:10EDF000007F04020D1874F4120A63E5A8FEC2AF86
:10EE000012222E8A088B098C0A8D0BEEA2E792AF94
:10EE1000900A827808120F7F50087A007B007C00ED
:10EE20007D0080CD74F0120A638A088B098C0A8DEC
:10EE30000B900A827808120F7F5003122072A2AF43
:10EE4000E433FEC2AF900A867808121256AA08ABC5
:10EE500009AC0AAD0B12223A12EE74121104700DB5
:10EE600075A1EFEEA2E092AF121B568005EEA2E074
:10EE700092AF800D12EE897808790C22EEA2E7920B
:10EE8000AF7F08020D18020FE21222288A0C8B0DA8
:10EE90008C0E8D0F22C082C083121B5602ED8BC0D8
:10EEA00082C083122258121B6202ED8BC082C08383
:10EEB000900A8202ED88C082C083900AEFE4F0904D
:10EEC0000AEEF08005E8A2E092AFD083D082020F74
:10EED000E274F7120A63E9FE7003122072E5A8FFDC
:10EEE000C2AF900AEFE04EF0122390EFA2E780034A
:10EEF000EEA2E092AF7F01020D1874F7120A63E9E7
:10EF0000FE7003122072E5A8F8C2AF900AEFE04E3F
:10EF1000F0E880D874F7120A63E9FE7003122072D9
:10EF2000E5A8F9C2AF74FF6EF8900AEFE058F0E977
:10EF3000A2E792AF12238A80BCC082C083E5A8F802
:10EF4000C2AF900AEFE4F0900AEE12EFDEE8A2E71B
:10EF500092AF12230C02EECA74F7120A63A2AFE456
:10EF600033FEC2AF900AEFE0600312239002EEF08E
:10EF700074F7120A63A2AFE433FEC2AF900AEFE067
:10EF80007019900ADBE0A2E74011900ADDE0700BF7
:10EF9000900AF0E0A2E7400312239602EEF0C0824E
:10EFA000C083A2AFE433F8C2AF900AEEE0700674FB
:10EFB00001F075E1E302EEC5C082C083A2AFE43385
:10EFC000F8C2AF900AEEE06012E412EFDEE5A8C2EC
:10EFD000AF759B0075E9FBA2E792AF02EEC5F07535
:10EFE000E1EF75E1ED75E1ED22C082C08312F03EE4
:10EFF0006004790080358A828B83A3A3A3A3A3A393
:10F00000A3A3E060ED64028A828B83700E12F0325B
:10F010007003A3E06970DB79018010A3A3A3A3A30D
:10F02000A3A3A3E0640370CA122414D083D0820285
:10F030000FE2E0F8A3E0F98C828D83E068228A82F7
:10F040008B83A3A3A3A3A3A3A3A3E0F88C828D83A4
:10F05000A3A3A3A3A3A3A3A3E06822C082C0838C1D
:10F06000828D83A3A3A3A3A3A3A3A3E0F88A828B87
:10F0700083A3A3A3A3A3A3A3A3F07403687005129F
:10F08000241A80128C828D83E0F8A3E0F98A828BA7
:10F0900083E8F0A3E9F002F02B74F6120A63750816
:10F0A00008EAFEEBFF8E828F83A3AA82AB83ECF883
:10F0B000EDF988828983A3AC82AD838E828F83E051
:10F0C000FE88828983E06E6004790080081508E577
:10F0D0000870CE79017F02020D1874F5120A638C54
:10F0E000088D09750A0078081210197C087D001235
:10F0F0001C6A74031210307F03020D18C082C08393
:10F10000900645E4F053F3FD53FDFD53F5FE53FF28
:10F11000FE900646F0A3F0900648F002F20774F75E
:10F12000120A63E9900649F0900646EAF0A3EBF074
:10F13000900649E06033538CFE438C0143AB02D20E
:10F14000BD7589FD53ACF743AC0843AC01439A024B
:10F15000758BFE900648E0640170237A017B009075
:10F160000644E0F9121DCC801553ABFDC2BD7C6492
:10F170007D007A017B00900644E0F9121DC09006E4
:10F18000487401F0FF020D187900A2815002792025
:10F19000020FE2C082C0837900A2A0400109A281CF
:10F1A0004004E9D2E5F9900649E07009900645E08F
:10F1B000696021E9F0E9601C900646E0FAA3E0FBF3
:10F1C000EA4B60107A00900646E0F8A3E0F58388E9
:10F1D0008212266502F207C082C0837800E589A208
:10F1E000E150047589FD08E58BA2E05005758BFEA2
:10F1F0008005E8A2E050107C197D007A017B009028
:10F200000644E0F9121DC0D083D082020FE2C08212
:10F21000C0837A1A7B001225A01217C6121862D07A
:10F2200083D082020FE2C082C083121C82EA900364
:10F2300054F09003657402F09003587414F0900336
:10F240007C740FF0A3F09010A7E090035BF0901097
:10F25000A6E0900355F09010A5E0900356F09003BF
:10F260005CE4F0A3F090035FF09003BC04F0900323
:10F2700060E4F0A3F0900543E0900362F09010A2E8
:10F28000E0900363F0A3E4F09010A3E0900366F035
:10F290009010A4E090036712F30BA3E412F30B7C2D
:10F2A000087D0079007A6D7B03121C7690037574DB
:10F2B000FEF0A304F07C067D067A897B0312241AF3
:10F2C000900391E4F09003B47402F0A3E4F0A3740B
:10F2D0000FF0A37403F090060FE09003BAF09006CD
:10F2E0000EE09003B9F09010A9E09003BBF09003FA
:10F2F000B87401F09003BDE4F0A3F09003C1F09066
:10F3000003BFF0A3F01213CA02F21FF0A374FEF0C1
:10F31000A304F022020FE2020FE274F4120A6389DE
:10F3200008740C1212E5E0FEA3E0FF740F5508F517
:10F330000A750B00740B780A1211DDEA2400F8EB51
:10F340003480F9E82400E9350BF9E5C7F509A2AFE7
:10F35000E433F50AC2AFE508C4540FFAE5C754F820
:10F360004AF5C7801C88828983E08C828D83F0886F
:10F37000828983A3A882A9838C828D83A3AC82AD6A
:10F3800083EEFAEFFBEA24FF1EEB34FFFFEA4B703B
:10F39000D48509C7E50AA2E092AF7F04020D187474
:10F3A000F6120A63740A1212E5E0F508A3E0F50903
:10F3B000ED90061CF0ECA3F0A37462F0A37473F05C
:10F3C000A3E0541FF0E508333354FCA3F07406782F
:10F3D00008121274E508900620F09006227412F0CC
:10F3E000A37442F075D1FE75D601EA906271F0EB1C
:10F3F000A3F0906270E0D2E1F0E0A2E740FB7F0270
:10F40000020D18C082C083E9C333906272F090622B
:10F4100070E0D2E0F0D083D082020FE274F0120AE2
:10F4200063E5A8FEC2AF1222468A088B098C0A8DBA
:10F430000BEEA2E792AF9004C678081210EF7003AB
:10F4400002F4DD8A0C8B0D8C0E8D0F9004C6780CA7
:10F450001210969004C6780812125675081975098C
:10F4600000780812101D7403780C120F9E9004CAC5
:10F47000E0F508A3E0F509E4F50AF50B780C790846
:10F48000121191AA0CAB0DAC0EAD0F120BE0740271
:10F490001210309004CAEAF0A3EBF0EC4D603E90FD
:10F4A00004CCE02CF0A3E03DF09004CCC3E094E861
:10F4B000A3E09403402012F4E2120813880889099B
:10F4C0009004CE780812117E12F4E2120813900410
:10F4D000CCEAF0A3EBF0ECFAEDFB121DD87F0802AA
:10F4E0000D189004CCE0F8A3E0F97AE87B032274CD
:10F4F000F7120A63E97020900000E4F079FF121C13
:10F50000D6E59D5418F86018740868601374106884
:10F51000600E12207280097AF07B1D79001220B4EF
:10F520007F01020D18D083D082020FE274F6120A16
:10F5300063E9FEEAFF901080E0F4602B7A047B0020
:10F54000121C88EA4B601C8A828B8374C0F0EFA384
:10F55000A3F0EE8A828B83A3A3A3F0901080E0F93E
:10F56000121C947900800279017F02020D1874F751
:10F57000120A63E9A2E5E433FA121DEA80A2C0820E
:10F58000C08312221C02F5258003000000EAF8EB7C
:10F59000F9E824FF1AE934FFFBE84970ED020FE2B5
:10F5A000D083D082020FE2C082C0838019198C827E
:10F5B0008D83E08A828B83F0A3AA82AB838C828DB9
:10F5C00083A3AC82AD83E970E480D5C082C0838020
:10F5D0001D198A828B83E08C828D83F08A828B83D3
:10F5E000A3AA82AB838C828D83A3AC82AD83E970A6
:10F5F000E080AD74F7120A63EAFEEBFF8908E97058
:10F60000031220728E828F83E0F5D9A3AE82AF837E
:10F610001508E50870EE7F01020D1874F7120A63F1
:10F62000EAFEEBFF8908E97003122072E5D98E82A9
:10F630008F83F0A3AE82AF831508E50870EE80D605
:10F64000C082C0838A828B8312F6D7E9F08A828BCC
:10F6500083E02401FCA3E03400FD8A828B83ECF07C
:10F66000A3EDF0D083D082020FE274F6120A637425
:10F67000FC1210AE74021212E5EAF0A3EBF0ECFA01
:10F68000EDFB740E1212E5A882A9838518828519F4
:10F6900083E8F0A3E9F085188285198385820885BF
:10F6A0008309780812101D74041212E585820885FA
:10F6B0008309780812101D7C987D241224B07404EC
:10F6C00012103074021212E512F6D7E4F07404122C
:10F6D00010307F02020D18E0F8A3E0F58388822243
:10F6E000C082C0839061A5E0D2E2F0900A8AE0C3B4
:10F6F0009412502D900AB8E0906172F0900AB9E02F
:10F70000906173F0900ABCE0906174F0900ABDE0E3
:10F71000906175F079087CCC7D0A7A6A7B6112224F
:10F720005E906180E4F0E04405F0D083D082020F67
:10F73000E2C082C083121F1090054E7410F0A374B3
:10F74000C1F0D083D082020FE2C082C08390054115
:10F750007401F0A37440F0A3740EF0A3E4F0A3F0DE
:10F76000A37450F0A374A0F0A3E4F090054B74A030
:10F77000F0A3E4F0900549F0A3F090054D80C2C0DD
:10F7800082C0837A107B00121D0C9004FDEAF0A366
:10F79000EBF07C107D007900121C767900121A665D
:10F7A00079011215627902122084790312264E79AA
:10F7B0000412253A7905121E207906121F167907C0
:10F7C000121E02D083D082020FE2C082C083900654
:10F7D000267470F0A374B1F0A3E0541FF090062AD1
:10F7E000741DF0A37442F0A37470F0A374B2F0908F
:10F7F0000630E0541FF0900632741EF0A37412F02D
:10F800008000D083D082020FE2C082C083121880B1
:10F8100002F802C082C0839010BCE06033E59E70A5
:10F82000FC439403E594A2E250FAE06402700812EB
:10F8300022F41223008011E064016003122072E5BB
:10F840009DA2E640031220729010BCE4F0122384C3
:10F85000D083D082020FE243F37053FD8F020FE298
:10F86000C008C009E5B4A2E740FA7407594430F56E
:10F87000B6E5B4A2E750FAE5BAC4540FFA85BB085E
:10F88000750900740478081211DDEA4508FAAB091D
:10F89000D009D008020FE2C082C0831222101222C7
:10F8A0008E1223661222FA1223A2122180D083D054
:10F8B00082020FE2C082C083A2AF50031220729076
:10F8C00010BCE07006122306122294122186122325
:10F8D0009C80DA74F7120A6374091212E5E0F8A347
:10F8E000E0F98A828B838003ECF0A3E8FEE9FFEE67
:10F8F00024FF18EF34FFF9EE4F70ED7F01020D1871
:10F90000C082C08390061A7480F0D083D082020F28
:10F91000E2E9F875B60FE5B4A2E750FAE8C395BB83
:10F920005004790180027900020FE274F4120A6334
:10F930008A088B098C0A8D0B9080C2780812116B93
:10F940009010B778081212567F04020D18C082C0BA
:10F95000839004FCE4F09004F6F0A3F0D083D0820E
:10F96000020FE2C082C083E99004FC80EEC082C036
:10F97000838A828B838001A3E070FCE582C39AFABC
:0BF98000E5839BFBD083D082020FE2E6
:04000005000012469F
:00000001FF
