:020000040000FA
:060000000212460207AFE8
:03002B0002107D43
:03003300020DFDBE
:03004300020F1990
:030053000206E0C2
:03006B00020DE3A0
:100083000207440101FF01010503010F10FEFFBA3E
:100093001ABA1ABA1ABA1A70196A19BA1AD72700E9
:1000A3000000009B28000000000C0000000C000171
:1000B300FFFF0B100576880001010100A905000070
:1000C300001E06E80364006400B801020200080091
:1000D30000050207051E02051E020A0A03B80B02E9
:1000E300803E0102F1FF011496511800020206300E
:1000F300313233343536373839414243444546008B
:10010300286E756C6C20706F696E74657229003F80
:100113003F3F000000807F0000803FF9021550B789
:1001230043BA510000204100E7DB2E0000A040103D
:10013300000000080000000A00000012129260464E
:10014300121265603DE9687008F618F618F618F69D
:1001530022748067F7120172090909748067F72214
:10016300121265601D1212927005191919801A1264
:100173001119701F12112EC37003E6673319191971
:1001830040071818182208080874FFF618F618F61E
:1001930018F62212112E60171212D1702192F0124A
:1001A30012DB7019501720F014080808090909E731
:1001B300F61819E7F61819E7F61819E7F6221212D6
:1001C300DB60E6E869701F0808E62480F608E43679
:1001D300F618547FB47F0CE654806007F6E418F6F3
:1001E30018F622181822E9C6CC08C6CD08C6CE08D0
:1001F300C6CFC0E0E8C0E0EAC0E0EBC0E009E9F840
:1002030009E7FA09E7FBE6F918E6F8C3EC98ED9974
:10021300EE9AEBC2E7F5F0EFC2E795F0500E600CF3
:10022300EBCFFBEACEFAE9CDF9E8CCF8EAA2E7D2C4
:10023300E7FAEB33FB13F5F0EEA2E7D2E7FEEF3379
:10024300FFC5F013A2E730E601B313C5F0C3C0E066
:10025300C0F07F00C39BFB605B9418600C401AD016
:10026300E023F9D0E0F80203418AF0E9486003D2C1
:10027300F0E4AFF0FAF9F8803BEB30E40D89F0EAF3
:100283006003D2F0E4AFF0F9CAF8EB30E30D88F085
:10029300EF6002D2F0AFF0E4CAC9F8EB5407601480
:1002A300FBC3EA13FAE913F9E813F8EF135002D288
:1002B300E0FFDBEDD0E0C0E030E739C3E49FFFF5BA
:1002C300F0EC98FC42F0ED99FD42F0EE9AFE42F01C
:1002D300D0E0F9D0E0F8E5F0607AE923F9EE20E721
:1002E30042D8028067C3EF33FFEC33FCED33FDEEFE
:1002F30033FE80EAEC28FCED39FDEE3AFED0E02334
:10030300F9D0E0F84002801BC3EE13FEED13FDECC1
:1003130013FCEF135002D2E0FF08B800067F7F748E
:10032300FF802EEF3350178CF020F00260100CBCCE
:10033300000C0DBD00080EBE000408E860DFE933C1
:10034300E813FFEE2313FE4F4D4C8008E95480FF62
:10035300E4FEFDFCEE33EF33F47004FCFD7E80D04D
:10036300E0FBD0E0FAD0E0F8D0E0CFC618CEC61854
:10037300CDC618CCC6F922121265700418181822BB
:10038300121292700D74FFF61819F61819F618194F
:10039300F622E7548066F61212DB700F1212D17048
:1003A300F014F608F608F608F680D11212D1700C94
:1003B300F608F608768008E6447F80EC1211317067
:1003C3000C12111C60BFE65480F6E480BB12111CB2
:1003D300700519191980A5E869700C763F187680A5
:1003E30018F618F6E8F922E6CDC0E018ECC0E0E60E
:1003F30033CD33CDD313F6E719FCE7191933CC33D7
:10040300C3947F400ECD9D502408E65480F6E41833
:10041300F6800FF4043D14501408E6447FF6187672
:1004230080E418F618F6D0E0FCD0E0FD22CCD3131C
:10043300CCFD18E4C6CBC0E018E4C6CAC0E0080887
:10044300ED08C633E613F618E433C675F003C3CAE2
:1004530097CA09CB97CB199C40047D08802EBD0019
:100463000302052316B6FF050606081618C3CA338A
:10047300CACB33CB33CA27CA09CB37CB193CC37D8D
:1004830008803E187D0820E75CC633C6CA33CACB52
:1004930033CB33DDF1D5F0EB30E77BCA97CA09CB19
:1004A300974ACB199C406F4B7025E620E02180666C
:1004B300187D08C3CA97CA09CB97CB199CD3C633F7
:1004C300C6CA33CACB33CB3350C9DDE7D5F0E1D34A
:1004D300E4C636C608C636C608C636C608C636C615
:1004E3001818188031C3CA97CA09CB97CB199CB384
:1004F3004097C633C6CA33CACB33CB33DD34D5F0CA
:100503002EC6A2E0C640C8CA27CA09CB37194A700B
:10051300BECB3CB480B90808E63308E633601F1845
:100523001818D0E0FAD0E0FBD0E0FCD0E0FD2218B0
:100533007D08CA27CA09CB37CB193CD3808013F671
:1005430018E4B67F11F618B6FF0EF618C60470D27B
:100553000808768080CAF618F618F680C5001212CD
:1005630065604F1212926012E7548066F6121119F9
:1005730070111212D1703B090909F4F618F618F636
:1005830018F62212112E70151212DB08080860EA01
:10059300E6447FF618768018E4F618F6221212DB8A
:1005A30060161212D17012E4F608F608F608E65443
:1005B30080F609090918181822EAC0E0EBC0E0EC3C
:1005C300C0E0EDC0E0E687F0A4FBACF008E687F0FE
:1005D300A42CFCE435F0FA1809E687F0A42C4B6050
:1005E300027401CA35F0FCE433FB09E687F0D2F765
:1005F300A42CCB35F0FC1908E687F0A42BCC35F0FE
:10060300FBE433FD0819E687F0D2E7A42C4ACB3587
:10061300F0CD3400FC09E687F0D2E7A42DCC35F009
:10062300FDE433FA0918E687F0D2F7A42CCD35F0B0
:10063300CA3400FC08E687F0D2E7D2F7A42ACC3507
:10064300F07A7E20E70B0ACB33CBCD33CDCC33CC42
:1006530033CB3350147004ED30E00ED2F1E4CD3DD2
:10066300CDCC3CCC3B5005DA05C2F1EB547FC6330D
:1006730008E63392F0FBE73309E733C39A502D2B97
:1006830070190C0D4C4D70151806E608C333700D28
:1006930020F10AA2F013F6E418800B4024E4F630AC
:1006A300F002768018F618F618F68024D33B14501F
:1006B3001074FFA2F013F6187680E418F618F6808B
:1006C3000FA2F013F618E63303F618ECF618EDF65E
:1006D300D0E0FDD0E0FCD0E0FBD0E0FA22C0E07433
:1006E300F2120ACFA2AFE433FED2AFE5A7FFE5A132
:1006F300F5085F5410600612221C75A1EFE5085F30
:100703005408600812222275A1F7802BEFA2E0C0E3
:10071300D0E508A2E092F01211A4158182F05017DF
:10072300906198E0F8900AF8E0C398A2D265D033BC
:100733005002E8F075A1FEEEA2E092AF7F01020B3A
:100743002EC0E074F2120ACFA2AFE433FED2AF9010
:1007530061A4E0F8759B00E5915854086008759111
:10076300F712226A802AE59158541060087591EFB8
:10077300122270801BE8A2E0C0D0E591A2E092F0C3
:100783001211A4158182F05007E0C2E0F01223B4E5
:100793009061A3E0F8E5E9585404600E12238A75CA
:1007A300E9FB906193E0A2E640F2808BC0E074F233
:1007B300120ACFA2AFE433FED2AF9061A5E0F8E511
:1007C300BF585404600675BFFB1223CC02073AC31B
:1007D300E498F8E499F91208138026C3E49AFAE43A
:1007E3009BFBE920E7E9120813E498F8E499F9225E
:1007F300C3E498F8E499F9120813E498F8E499F932
:10080300C3E49AFAE49BFB22EB20E7CFE920E7E07D
:10081300B90010BB0008E88AF084F8AAF022E4FBD0
:10082300C8FA22EB70227B10C833C8C933C93350CE
:1008330007C39AC3DBF280069A50012ADBEAC83366
:10084300F4C8C933F4C9FA2275F008E4C833C8C937
:1008530033C933C99AC99B5004C92AC93BD5F0ECA3
:10086300FBC833F4C8E4C9FA221208AC20F01430F0
:10087300E72B74FFFCFBFA747F8022E4FCFBFA7421
:1008830080801AB48008BC00F2BB00EF800F50EBED
:10089300F9E4C39AFAE49BFBE49CFCE499C6CC1804
:1008A300C6CB18C6CA18C6F922E4C9C608CAC60800
:1008B300CBC6D3330308CCC63392F0C3947F402E08
:1008C30094184019C9B90704CACBCC225025C309CF
:1008D300CA33CACB33CBCC33CC33D9F422F4600D37
:1008E300C9CCC313CB13CBCA13CAD9F6CC22E4FCAD
:1008F300FBFA2214FCFBFA22080808EAC0E0EBC06A
:10090300E086F0E7A4FA180986F0E7A42AFA1809A2
:1009130086F0E7A42AFA180986F0E7A42AFA1986CA
:10092300F0E7A4FBE5F02AFA190886F0E7A42BFB0D
:10093300E5F03AFA190886F0E7A42BFBE5F03AFA5A
:1009430018180986F0E7A4C5F02BFBE43AFA190856
:10095300E7C5F0C6A426F6E5F03BFBE43AFA1886B1
:10096300F0E7A4F6E5F00826F6E43B08F6E43A08D7
:10097300F6D0E0FBD0E0FA22080808E630E71112CF
:100983001157120993080808C64480C6181818227C
:10099300181818E9799EC608CAC608CBC608CCC67B
:1009A300C370207996CACBCC7019798ECBCC7013D7
:1009B3007986CC700EF9802ACA33CACB33CBCC33B9
:1009C300CC331930E7F2CCCBCA3350147004EA307D
:1009D300E00DE4CA3ACACB3BCBCC3CCC500209C3B2
:1009E300E913C6CC182313C6CB18C6CA18C6F922F6
:1009F300E4CFC0E0E4CEC0E0E4CDC0E0E4CCC0E0AE
:100A030075F020C3E633F608E633F608E633F60856
:100A1300E633F6181818EC33FCED33FDEE33FEEF36
:100A230033FFC3EC9709ED9709EE9709EF9719196F
:100A330019400FFFEC97FC09ED97FD09EE97FE199E
:100A43001906D5F0BEECF709EDF709EEF709EFF754
:100A5300191919D0E0FCD0E0FDD0E0FED0E0FF2270
:100A63002518C582C0E0E51934FFC583C0E0E51849
:100A7300C3958224F810AF088583198582188008EE
:100A8300858319858218D2AFCEF0A3E520F0A37831
:100A930008E608F0A3DEFAEFF0A3E58124FAF8E60E
:100AA30008F0A3E608F0A3E608F0A30808E608F0B8
:100AB300A3E608F0A315811581D0E0FED0E0F81578
:100AC3008115811581E8C0E0EEC0E022C0D0251871
:100AD300C582C0E0E51934FFC583C0E0E518C395BE
:100AE3008224F310AF0885831985821880088583D3
:100AF30019858218D2AFC8F0A3E9F0A3EAF0A3EBFB
:100B0300F0A37908E709F0A3D8FAECF0A3EDF0A37A
:100B1300EEF0A3EFF0A3D0E0F0A3D0E0F0A3D0E099
:100B2300F0A3E520F0A3E5F0F0A32285198385184F
:100B330082E0C0E0A3E0F9A3E0FAA3E0FBA3780816
:100B4300E0F608A3DFFAE0FCA3E0FDA3E0FEA3E0E8
:100B5300FFA3E0C0E0A3E0C0E0A3E0F5D0A3E0F58D
:100B630020A3E0A3F5F010AF0885831985821880D0
:100B730008858319858218D2AFD082D083D0E0F85C
:100B8300D0E0321212C6B90003020BC8E49003018D
:100B930078BF790E8002F0A3D8FCD9FA9010BFAACF
:100BA30082AB8390008678B979018015E493A3AC76
:100BB30082AD838A828B83F0A3AA82AB838C828DDE
:100BC30083D8E9D9E77582547583EB7403120FDC7C
:100BD3007582DE7583267400120FDC0E0075F0102B
:100BE3008E1A8F1B85821F85831E85188285198324
:100BF300E0CEA3E0CF851F82851E83EBC9EAC8ED53
:100C0300CBECCAC3E833C8E933C9EA33CAEB33CB05
:100C1300C3EA9EF51DEB9FF51CB35004AB1CAA1D44
:100C2300EC33CCED33CDD5F0DAAE1AAF1B22121272
:100C330065601C12129260171212DB70071212D138
:100C43007001D322C0D01212D17006D0D0B322C308
:100C53002233D0D0501430E0F6C3E7960809E79664
:100C63000809E7960809E796B32220E0D5E6970836
:100C730009E6970809E6970809E697B322D083D0D7
:100C830082ECC0E0EDC0E0E493A3FCE493A3FDEDAC
:100C93004C600D120DA4EC24FFFCED34FFFD80EF3E
:100CA300E493A3FCE493A3FDED4C600D120E9EECC4
:100CB30024FFFCED34FFFD80EFD0E0FDD0E0FCE449
:100CC30093A3C0E0E493C0E022121265601B1212EA
:100CD3009260161212DB70071212D1600CB322C09D
:100CE300D01212D17005D0D022C32233D0D05013EA
:100CF30030E0EBC3E7960809E7960809E796080989
:100D0300E7962220E0E4E6970809E6970809E697C4
:100D13000809E69722851983851882E0A3FEE0A3DC
:100D2300F5207808E0A3F608DFFAE0A3FFE0A3C00C
:100D3300E0E0A3C0E0E0A3C0E0E0A3C0E0E0A3C024
:100D4300E010AF088582188583198008858218858D
:100D53008319D2AFD083D082020FE2D083D082E94D
:100D6300C0E0E493A3C386F0C5F095F0F908E493DB
:100D7300A386F0C5F095F0700BE493A3C3994005E7
:100D8300E9048002A3E475F002A42582F582E5F06C
:100D93003583F583D0E0F9E493A3C0E0E493C0E0A6
:100DA30022C0E0C3E49396087401939618400FE4BD
:100DB3009366700808740193661870007019A3A3F2
:100DC300C3E49396087401939618A3A3400DD0E04F
:100DD300D0E0D0E0020CBCA3A3A3A3A3A3D0E02242
:100DE300C0E074F2120ACFE589A2E150031220F6A3
:100DF300758900C2C57F01020B2EC0E074F2120A8E
:100E0300CFE58BA2E050031220F6758B00C2E88079
:100E1300E47404800474028000CCC0E0EDC0E0E51B
:100E230018C39CCCAD1950011D10AF068C188D1939
:100E330080068C188D19D2AF120F5ED0E0FDD0E082
:100E4300FC2274028000CCC0E0EDC0E0E518C39C36
:100E5300CCAD1950011D10AF068C188D1980068C6E
:100E6300188D19D2AF120F3CD0E0FDD0E0FC221256
:100E73001265602512129260201212DB70030212B7
:100E8300D1080808E76670101819E766700A181980
:100E9300E76670041819E76622F422C0E0C0F08800
:100EA300F0E4936670080874019366187000A8F064
:100EB300A3A3700BD0F0D0E0D0E0D0E0020CBCA331
:100EC300A3D0F0D0E022D083D082CCC0E0E493A3BF
:100ED3006006120FBD1470FAE493A360061210C4E7
:100EE3001470FAD0E0FCE493A3C0E0E493C0E022E2
:100EF300C008C3E096F50808A3E096420808A3E0FB
:100F030096420808A3E0964208A2D265D033E508CA
:100F13007001D3D00822C0E074F2120ACFA2AFE46A
:100F230033FED2AFC2C0E5D1A2E45003122198EE42
:100F3300A2E092AF7F01020B2ECAC0E0E493A3C5E7
:100F430082CCC582C583CDC583F0A3C582CCC582BF
:100F5300C583CDC583DAE5D0E0CA22CAC0E0E0A3E9
:100F6300C582CCC582C583CDC583F0A3C582CCC55C
:100F730082C583CDC583DAE6D0E0CA22C008C3E0C8
:100F830096F50808A3E096420808A3E096420808ED
:100F9300A3E09645087001D3D00822700908080819
:100FA300226016181818C6C333C608C633C608C647
:100FB30033C608C633C6D5E0EA22C0E0E493A3D320
:100FC3009C5010E493A3C39C400AD0E0D0E0D0E04F
:100FD300020EE6A3A3A3D0E022C09FF59FE473D043
:100FE3009F22D083D082C09FE493C0E0740193C05A
:100FF300E0740293F59F222518F58210AF08F518C7
:10100300400215198008F51840021519D2AF851949
:1010130083227404800A74038006740280027401BC
:10102300C0E0F404120FFAD0E01212A122C0D025BE
:101033001810AF08F518500205198008F51850026A
:101043000519D2AFD0D022BB0102E722C082C083F0
:1010530089828A83BB0003E08002E493D083D08239
:10106300226016080808C6C313C618C613C618C6D6
:1010730013C618C613C6D5E0EA22C0E0C0D0E8C044
:10108300E0E5A8D2AFC2C7A2E792AFD0E0F8D0D0D4
:10109300D0E032C3E0C696F608A3E0C696F608A3EE
:1010A300E0C696F608A3E0C696F622251810AF0808
:1010B300F518400215198008F51840021519D2AF2A
:1010C30022C0E0E493A36C7009D0E0D0E0D0E0024A
:1010D3000EE6A3A3D0E022C3E09608A3E09608A3FC
:1010E300E09608A3E096A2D265D03322E0667010A2
:1010F30008A3E066700A08A3E066700408A3E0662C
:1011030022E76670100809E766700A0809E7667047
:10111300040809E76622181818E6084608700AE664
:1011230008C3337005E633F4220822191919E709B5
:101133004709700AE709C3337005E733F42209222C
:10114300C3E096F008A3E096F008A3E096F008A3A6
:10115300E096F022181818E4C396F608E496F60809
:10116300E496F608E496F622E026F608A3E036F6BF
:1011730008A3E036F608A3E036F622E026F008A33B
:10118300E036F008A3E036F008A3E036F022E627C5
:10119300F60809E637F60809E637F60809E637F6EA
:1011A30022C0E0E8C0E0E58124FCF8E6A2E7D0E055
:1011B300F8D0E022E657F60809E657F60809E6579D
:1011C300F60809E657F622E056F008A3E056F008C1
:1011D300A3E056F008A3E056F022700422600D1835
:1011E300C6C333C608C633C6D5E0F41822E647F6AD
:1011F3000809E647F60809E647F60809E647F6222E
:10120300E056F608A3E056F608A3E056F608A3E076
:1012130056F622C6F4C608C6F4C608C6F4C608C6FF
:10122300F4C622C3E09608A3E09608A3E09608A3B9
:10123300E09622C3E7960809E7960809E7960809A6
:10124300E7962275D0007581407518017519030062
:10125300020B86E6F008A3E6F008A3E6F008A3E68F
:10126300F022E6084608C3134608336002E633F467
:1012730022600C08C6C313C618C613C6D5E0F422F1
:10128300E0F608A3E0F608A3E0F608A3E0F622E7F9
:10129300094709C3134709336002E733F422CAC07D
:1012A300E0E6F0A308DAFAD0E0FA22EAF0A3EBF0E2
:1012B300A3ECF0A3EDF022E0FAA3E0FBA3E0FCA390
:1012C300E0FD22E5C754F84401F5C7790122E7C3DD
:1012D3003319471947194722E6C3331846184618E6
:1012E30046222518F582E43519F58322C2AF75D657
:1012F3009F02000022120FE5162F00120FE5CE2FDA
:1013030000120FE5963000120FE5563100120FE57B
:101313009A3100120FE5BF3100120FE502320012BD
:101323000FE54F3200120FE5A73300120FE52D34FE
:1013330000120FE54B3400120FE5753400120FE570
:101343008F3400120FE59E3400120FE5A93400120A
:101353000FE5693500120FE5C23500120FE584363B
:1013630000120FE58C3600120FE5503700120FE51F
:10137300BC3700120FE5E73800120FE5F83800120A
:101383000FE56E3900120FE5003A00120FE5583AE7
:1013930000120FE5183B00120FE53F3B00120FE56B
:1013A300513B00120FE5A43B00120FE5E13B001295
:1013B3000FE5EE3B00120FE5713D00120FE5C63E4F
:1013C30000120FE5F83E00120FE58B3F00120FE508
:1013D300C43F00120FE5104000120FE52C4100122C
:1013E3000FE5754300120FE5804300120FE58B43B1
:1013F30000120FE5954300120FE5A04300120FE51D
:10140300BA4300120FE5C44300120FE5CE430012A6
:101413000FE5D94300120FE5014400120FE55C44C8
:1014230000120FE5804400120FE5A44400120FE5FB
:10143300024500120FE5464500120FE56245001212
:101443000FE5D94500120FE5114600120FE55D4681
:1014530000120FE5BA4600120FE5744700120FE5BC
:10146300584900120FE5B14900120FE5E14A001295
:101473000FE5074B00120FE5904C00120FE50C50DF
:1014830000120FE5DE5100120FE5A75300120FE51E
:10149300545400120FE5BF5500120FE55E560012BB
:1014A3000FE5A35600120FE50D5700120FE51C5769
:1014B30000120FE5A35900120FE5555B00120FE56B
:1014C300C25B00120FE5A15C00120FE5BA5D0012CA
:1014D3000FE5375F00120FE5565F00120FE5AB5FB4
:1014E30000120FE5B06000120FE5D86000120FE59F
:1014F300306100120FE50F6200120FE55362001214
:101503000FE59E6200120FE5096300120FE54A64BE
:1015130000120FE5AE6400120FE5FC6500120FE543
:101523005C6800120FE58D6800120FE5456A001232
:101533000FE59A6A00120FE59E6B00120FE53B6CF4
:1015430000120FE5946C00120FE5476D00120FE5D2
:10155300E96D00120FE5896E00120FE52E6F001280
:101563000FE56D8901120FE5AC8901120FE5F38BCD
:1015730001120FE53D8C01120FE5588D01120FE5A5
:10158300C88D01120FE5FD8D01120FE5718F011258
:101593000FE5F49101120FE51D9301120FE5B393CB
:1015A30001120FE5BB9C01120FE5509D01120FE5DF
:1015B30037A001120FE52AA101120FE58BA1011239
:1015C3000FE5A7A201120FE58CA401120FE59DA65A
:1015D30001120FE507A701120FE5D9A701120FE5C5
:1015E30090A801120FE59AA801120FE5C8A80112ED
:1015F3000FE585A901120FE55CAA01120FE523ABE4
:1016030001120FE5D5AB01120FE5FEAB01120FE599
:1016130020AC01120FE576AE01120FE54EAF0112B9
:101623000FE592AF01120FE5FAAF01120FE5B2B069
:1016330001120FE5E4B001120FE528B101120FE525
:101643005EB101120FE5AAB101120FE5FFB101125C
:101653000FE504B201120FE557B201120FE57CB298
:1016630001120FE58BB301120FE5EFB301120FE582
:101673005FB401120FE5EBB401120FE5B8B7011225
:101683000FE59CB801120FE51FBA01120FE555BC17
:1016930001120FE503BD01120FE5B3BD01120FE502
:1016A300F4BF01120FE597C001120FE5DEC001126E
:1016B3000FE58AC201120FE59EC201120FE5A8C20F
:1016C30001120FE5D0C201120FE5DCC201120FE5D2
:1016D300FBC201120FE5E0C401120FE517C50112A9
:1016E3000FE521C501120FE557C501120FE5A6C687
:1016F30001120FE5EAC601120FE592C701120FE5C9
:1017030075C801120FE520C901120FE56CCA011259
:101713000FE56ACB01120FE510CC01120FE5A0CC47
:1017230001120FE5B7CC01120FE5EECC01120FE564
:10173300F8CC01120FE503CD01120FE521CD011203
:101743000FE565CD01120FE5C2CD01120FE5E7CD1F
:1017530001120FE501CE01120FE58DCE01120FE547
:10176300AACF01120FE517D001120FE5FED0011227
:101773000FE525D101120FE599D101120FE514D21E
:1017830001120FE518D301120FE50ED401120FE574
:10179300BDD401120FE5D0D501120FE56CD60112AD
:1017A3000FE5F9D601120FE5D7D701120FE50FD8D0
:1017B30001120FE567D801120FE530D901120FE5C9
:1017C30051D901120FE5D8D901120FE5FCD9011245
:1017D3000FE51EDA01120FE567DA01120FE57DDC72
:1017E30001120FE564DD01120FE515DE01120FE5AD
:1017F3004BE001120FE59BE001120FE5DBE0011264
:101803000FE51DE101120FE579E101120FE5A7E1F3
:1018130001120FE5CBE101120FE51EE201120FE504
:101823004CE201120FE585E201120FE5DAE2011243
:101833000FE540E301120FE594E401120FE5B7E66B
:1018430001120FE524E701120FE54DE701120FE541
:10185300D8E701120FE53FE801120FE58AE801120C
:101863000FE5AEE801120FE5D2E801120FE52DE90D
:1018730001120FE548E901120FE501EA01120FE534
:10188300748C04120FE5B38C04120FE578800212F6
:101893000FE5BE8002120FE59E8102120FE5A082C2
:1018A30002120FE5A38302120FE52F8502120FE543
:1018B3008D8502120FE54A8602120FE56887021230
:1018C3000FE5D98702120FE5158802120FE5638829
:1018D30002120FE56D8802120FE5B18802120FE5BF
:1018E3000D8902120FE5A88902120FE5258A02125B
:1018F3000FE5F48A02120FE58D8B02120FE5AD8B13
:1019030002120FE5E38B02120FE5148C02120FE5AE
:10191300D58C02120FE5E58C02120FE5398D021208
:101923000FE5548D02120FE5668D02120FE56F8DE0
:1019330002120FE5C98D02120FE5258E02120FE583
:10194300718E02120FE58C8E02120FE5BD8E02120C
:101953000FE5DA8E02120FE5E68E02120FE55A90BA
:1019630002120FE5739002120FE5DA9002120FE5EF
:10197300ED9002120FE5FB9002120FE5AF910212F8
:101983000FE5939202120FE5999302120FE5239448
:1019930002120FE52D9402120FE59A9402120FE53D
:1019A300B19402120FE5E39402120FE51C950212A3
:1019B3000FE5469502120FE5A79502120FE5C795AD
:1019C30002120FE5E59502120FE52B9602120FE5C1
:1019D300519702120FE59E9702120FE5CD9702125F
:1019E3000FE5439802120FE56B9802120FE5A498D6
:1019F30002120FE5B29802120FE50A9902120FE5DF
:101A0300599902120FE5989902120FE5C89902122B
:101A13000FE5F49902120FE5FF9902120FE51D9AE3
:101A230002120FE5DF9A02120FE5E99A02120FE59F
:101A3300249B02120FE53A9B02120FE58F9B0212C1
:101A43000FE5A39B02120FE5B19C02120FE5C49CA4
:101A530002120FE5D99C02120FE57B9D02120FE5DE
:101A6300FE9D02120FE5BC9E02120FE5C79E0212F5
:101A73000FE5F39F02120FE50FA002120FE561A01D
:101A830002120FE5A0A002120FE5B5A002120FE5A6
:101A930017A102120FE5A6A102120FE5F1A102128E
:101AA3000FE542A402120FE5C0A402120FE535A50B
:101AB30002120FE557A702120FE56FA702120FE5F7
:101AC30072A702120FE57EA702120FE592A7021278
:101AD3000FE59AA702120FE5CDA702120FE57DA825
:101AE30002120FE5F3A802120FE566A902120FE531
:101AF3001AAA02120FE5CFAA02120FE5EEAA0212EA
:101B03000FE58EAB02120FE59AAB02120FE5C5ABE0
:101B130002120FE5C8AB02120FE532AC02120FE559
:101B23005AAD02120FE532AE02120FE5BDAE02123C
:101B33000FE5D6AF02120FE593B002120FE5CCB05A
:101B430002120FE5FDB002120FE5BBB102120FE561
:101B5300EBB102120FE5C6B202120FE55FB3021238
:101B63000FE5EAB302120FE59BB402120FE51EB5AF
:101B730002120FE550B502120FE591B502120FE5FF
:101B830065F502120FE5CAF502120FE507F6021218
:101B93000FE556F602120FE56CF802120FE54FFA45
:101BA30002120FE5B9FD02120FE5F4FD02120FE573
:101BB30016FE02120FE579FE02120FE5ADFE0212C8
:101BC3000FE5D0FE02120FE5FDFE02120FE559FFED
:101BD30002120FE5649E03120FE5E29E03120FE566
:101BE300189F03120FE5849F03120FE5F7A003125A
:101BF3000FE513A103120FE558A103120FE5E6A1A8
:101C030003120FE53FA203120FE56CA303120FE5C6
:101C13002AE402120FE5DBA403120FE547A5031222
:101C23000FE5A8A503120FE5E9A503120FE596A694
:101C330003120FE5A8A703120FE5D3A703120FE5BD
:101C43001EA803120FE565A803120FE5F7A80312F8
:101C53000FE5B2A903120FE5078004120FE53780E1
:101C630004120FE58C8004120FE5558B04120FE567
:101C7300D08B04120FE529AA03120FE533AA03122E
:101C83000FE57FAA03120FE5662E00120FE50EABD8
:101C930003120FE5BEAB03120FE552AE03120FE5BD
:101CA3005BAE03120FE5AEAE03120FE5D7AE031220
:101CB3000FE53EAF03120FE5CFAF03120FE511B0EF
:101CC30003120FE55BB003120FE5BAB003120FE581
:101CD300E6B003120FE577B103120FE5B6B10312B5
:101CE3000FE5F5B103120FE52AB203120FE53CB27B
:101CF30003120FE54EB203120FE56DB203120FE5A7
:101D030076B203120FE52CB303120FE56CB3031283
:101D13000FE5AC8804120FE50DF803120FE543F845
:101D230003120FE58CF803120FE5DCF903120FE53C
:101D33003BEA01120FE57AEB01120FE5B6EB011254
:101D43000FE575ED01120FE59EED01120FE531F080
:101D530001120FE575F001120FE5FEF101120FE517
:101D630096F201120FE5FEF201120FE59FF3011245
:101D73000FE5E1F301120FE521F401120FE5ACF5D4
:101D830001120FE51CF701120FE541F901120FE5EE
:101D93006FF901120FE596F901120FE59FF9011290
:101DA3000FE526FA01120FE544FD01120FE59B8DA5
:101DB30004120FE5B18D04120FE5298C04120FE50F
:101DC300EFE703120FE502E803120FE59FE80312A2
:101DD3000FE5DAE803120FE5F5E803120FE51AE958
:101DE30003120FE55FE903120FE590E903120FE514
:101DF300C1E903120FE547EB03120FE5F482041266
:101E03000FE52A8304120FE5468304120FE5888346
:101E130004120FE5988304120FE52D8404120FE5D5
:101E2300378404120FE54F8404120FE5C5FD011238
:101E33000FE52DFE01120FE5BCFE01120FE5BFFEFB
:101E430001120FE5EBFE01120FE5008003120FE50F
:101E5300558003120FE53E8103120FE5D78103126C
:101E63000FE5218203120FE5838203120FE59782A8
:101E730003120FE5798403120FE5F48403120FE5CF
:101E83001E8503120FE5F78603120FE5128703126F
:101E93000FE5618703120FE5778703120FE5848748
:101EA30003120FE5B88703120FE5D18703120FE57D
:101EB300718803120FE5CB8803120FE5198903120A
:101EC3000FE52C8A03120FE59D8C03120FE5CB8CD3
:101ED30003120FE5598D03120FE5BA8D03120FE5B7
:101EE300BF8D03120FE5FB8D03120FE55D8E031209
:101EF3000FE52D8F03120FE5528F03120FE55C8F51
:101F030003120FE55F8F03120FE5CE8F03120FE568
:101F1300E98F03120FE5FC8F03120FE528900312DC
:101F23000FE5639003120FE5669003120FE5A2908D
:101F330003120FE5DB8B04120FE5F38B04120FE59D
:101F4300D1BC03120FE520BD03120FE5C2BE03127D
:101F53000FE580C003120FE5C8C003120FE5EAC105
:101F630003120FE51BC303120FE53DC303120FE575
:101F730099C303120FE51BC403120FE551E40212C8
:101F83000FE57CE402120FE569E502120FE5EEE5C9
:101F930002120FE557E602120FE5A3E602120FE560
:101FA30022E702120FE5B4E702120FE540E802123E
:101FB3000FE582E802120FE5EEEC02120FE56EEE7A
:101FC30002120FE53EEF02120FE565EF02120FE575
:101FD300C6F102120FE552F202120FE56CF3021280
:101FE3000FE54BF402120FE5CDF402120FE5DB907F
:101FF30003120FE5959103120FE5079203120FE504
:10200300A39203120FE5139303120FE5CC9503126A
:102013000FE5A39603120FE5109703120FE58D98B2
:1020230003120FE5579903120FE59E9A03120FE56A
:10203300B19B03120FE54A9C03120FE5109D031297
:102043000FE519EE03120FE56DEE03120FE5C5EE72
:1020530003120FE510EF03120FE572EF03120FE502
:102063000BF003120FE573F003120FE57FF0031279
:102073000FE527FC03120FE558FC03120FE512FDD1
:1020830003120FE578FD03120FE5DFEB03120FE5F3
:102093006BED03120FE5268D04120FE5378D041245
:1020A3000FE501FE03120FE50FFE03120FE5D98DB5
:1020B30004120FE5BF8A04120FE5CF8A04120FE55D
:1020C300EA8A04120FE54B8B04120FE5AA87041268
:1020D3000FE52F8804120FE5938804120FE5988605
:1020E30004120FE5BA8604120FE5248704120FE5E4
:1020F3002F8704120FE5738704120FE54FC40312F1
:102103000FE5DEC403120FE5ECC403120FE52DC582
:1021130003120FE547C503120FE5C4C503120FE50C
:10212300BEC603120FE5E3C603120FE500C7031291
:102133000FE51DC703120FE551C703120FE576C75D
:1021430003120FE5BEC703120FE539C803120FE5EB
:1021530049C903120FE5E5E003120FE5F3E00312AB
:102163000FE56DE103120FE551E203120FE50AE4F7
:1021730003120FE5798D04120FE508CA03120FE568
:1021830074CA03120FE533CB03120FE53DCC0312E0
:102193000FE596CD03120FE5F1CD03120FE546CE01
:1021A30003120FE54FCE03120FE561CE03120FE5C5
:1021B300CBCE03120FE5DFCE03120FE5A6D3031236
:1021C3000FE5FBD303120FE5F7D503120FE529D66D
:1021D30003120FE54BD603120FE564D603120FE586
:1021E3007DD603120FE587D703120FE522D803121A
:1021F3000FE5938104120FE5B78104120FE5D08137
:1022030004120FE5038204120FE5348204120FE572
:10221300628204120FE5C48204120FE5D382041212
:102223000FE5DD8204120FE5EA8204120FE5BAF02E
:1022330003120FE5E0F003120FE51DF103120FE5A2
:102243002CF103120FE54BF103120FE5B3F1031267
:102253000FE5BCF103120FE51BF203120FE53FF28A
:1022630003120FE5FEF203120FE50BF303120FE562
:102273001CF303120FE5BD8C04120FE5DA8C041274
:102283000FE599D803120FE5F7D903120FE504DA26
:1022930003120FE517DA03120FE536DA03120FE51F
:1022A3004CDA03120FE560DA03120FE5D5DA0312F5
:1022B3000FE53ADB03120FE5EADB03120FE5BFDCA0
:1022C30003120FE5CFDC03120FE5DEDC03120FE58B
:1022D300868904120FE5AA8904120FE5D289041234
:1022E3000FE5FA8904120FE54AF303120FE571F3C0
:1022F30003120FE592F303120FE5F7F303120FE551
:10230300B0F503120FE5C9F503120FE5D5F5031276
:102313000FE5E9F503120FE507F603120FE511F6D2
:1023230003120FE51BF603120FE52EF603120FE55A
:1023330081F603120FE5BAF603120FE5E9F603126D
:102343000FE537F703120FE586F703120FE5A1F741
:1023530003120FE5ABF703120FE5BCF703120FE50A
:1023630002F803120FE5A5FF02120FE595B303125E
:102373000FE5BFB303120FE5DBB303120FE5EEB3B3
:1023830003120FE504B403120FE561B403120FE562
:1023930094B403120FE5D0B803120FE5F6B9031294
:1023A3000FE529BA03120FE575BA03120FE5A1BBB6
:1023B30003120FE5C9BB03120FE5DEBB03120FE5E2
:1023C300EEBB03120FE532BC03120FE593BC0312FD
:1023D3000FE5A3BC03120FE5528404120FE56D84CD
:1023E30004120FE5968404120FE5B08404120FE57E
:1023F300D58404120FE5F48404120FE50C8504124E
:102403000FE53A8504120FE5548504120FE5B9FF71
:1024130003120FE56FE403120FE576E403120FE5F1
:1024230082E503120FE5B2E503120FE5D8E50312C7
:102433000FE5FBE503120FE51DE603120FE557E673
:1024430003120FE5BDE603120FE5F6E603120FE5EF
:1024530042E703120FE56FE703120FE58FE703125D
:102463000FE53FFA03120FE557FA03120FE545FB99
:1024730003120FE524FC03120FE5858504120FE513
:10248300F78504120FE5358604120FE576860412EC
:102493000FE517DD03120FE536DD03120FE585DDCA
:1024A30003120FE5A1DD03120FE5D2DD03120FE5E1
:1024B300E2DD03120FE5EFDD03120FE5FCDD03128E
:1024C3000FE5E8DE03120FE526DF03120FE530DF29
:1024D30003120FE540E003120FE54BE003120FE593
:1024E3005DE003120FE566E003120FE570E00312EF
:1024F3000FE5E9CE03120FE52ED303120FE53CD30C
:1025030003120FE5F98C04120FE51F8A04120FE57D
:10251300498A04120FE5C97F00120FE5518D041299
:102523000FE5BB8D04120FE57A6F00120FE5987467
:1025330000120FE50CE402120FE5D8E202120FE5D8
:1025430035E202120FE5E8E002120FE593DE021214
:102553000FE529DE02120FE5E1DD02120FE553DD7F
:1025630002120FE546DD02120FE540DA02120FE513
:10257300152E00120FE5EE2D00120FE5A2D7021261
:102583000FE56BD602120FE5AA2D00120FE56F2D92
:1025930000120FE5BFD502120FE505D402120FE5B5
:1025A300B5D102120FE53CD102120FE5E3D00212BE
:1025B3000FE573D002120FE54AD002120FE52ACEBF
:1025C30002120FE5F6CD02120FE5C3CD02120FE59D
:1025D300A7CD02120FE5C0CC02120FE578CC021290
:1025E3000FE5C3CA02120FE543CA02120FE540CA40
:1025F30002120FE541C902120FE50FC902120FE5DE
:102603004CC802120FE577C602120FE508C6021284
:102613000FE5492D00120FE5302D00120FE5DC2CDC
:1026230000120FE5382C00120FE5AE2B00120FE558
:10263300DAC502120FE5D7C502120FE5C4C50212AF
:102643000FE54D2B00120FE56FC502120FE55EC5B6
:1026530002120FE550C402120FE51AC402120FE56D
:10266300FB2A00120FE5EDAA03120FE5C8C30212FD
:102673000FE569C302120FE538C302120FE500C06C
:1026830002120FE5C0BF02120FE5B4BF02120FE53D
:1026930014BF02120FE554BE02120FE5D6BB02129D
:1026A3000FE567B902120FE525B902120FE5F9B775
:1026B30002120FE5AEB702120FE5EDB602120FE5F7
:1026C30030B602120FE5C6B502120FE500B60212CC
:1026D3000FE5E92A00120FE57EA40300000080FB4A
:1026E300E473000136360101000102010001030118
:1026F3000001040106060502000007010034080179
:10270300000F090401010D0100FF0E08000017026C
:102713000000190100FF1A0100011B0100FE1C014A
:1027230000081D0200001F01000120010001210219
:1027330000002301000F24020000260100012701ED
:102743000008280200FF2A0100072B0102402C0188
:1027530000002D0100012E0100012F0100FF3001B7
:102763000B1C310800003A0100083B01000F2F0148
:1027730000000302710230016002110270020102C3
:10278300020202028002100261023A004100630267
:102793007302720262024302000213023800000253
:1027A30000020402120200020002000200020402FC
:1027B3000402370037003C024402000239000002E1
:1027C3000002650200023502810200020502820254
:1027D30083020002030071003001600011007000E9
:1027E3003102200350048000100061000000140037
:1027F30063007300720062004300000013000600D0
:1028030000000000040012000000000000000000AF
:1028130004000400370037003C02440000000000BD
:102823000000000065000000350081000000050085
:102833000000830000000304710402046004110417
:10284300700402040204010402041004610400047D
:102853001404630473047204620443040004130441
:102863000604000400040404120400040004000429
:102873000004510464000004000400044404000440
:1028830000040004000465040004350481046400AA
:10289300050400048304000401037103010301031D
:1028A30001030103010322030203010310030003D5
:1028B30000030003000300030003000342030003BB
:1028C3002403060300030003040312032503230365
:1028D3002503230304030403000300030003440349
:1028E3000003000323030003650321003503810371
:1028F300000305030003000300030101710101014B
:1029030001011101010131010101010180011001E6
:1029130061013B0014006301730172016201430111
:102923000001130106013D013500040112010001FC
:1029330000010001000104010401330133013C01E2
:102943004401320136000001000165010001350038
:1029530081010001050182018301000136000100AC
:10296300060000000F00000000000000000000004F
:10297300000003FFFF00000403FFFF0000FFFF0F41
:10298300F4010005C4040320000100030B00000050
:10299300000000000003010F000006201300CA1FFF
:1029A300010006200200941F03009A1F0400A01FC9
:1029B3000500A61F0600B21FFFFF000001AA1506AF
:1029C300D41508CE150BEC1510261502B01505C24B
:1029D3001507B6150C8C150D9E15FF000003EAF5BF
:1029E300E5D5D5C5B5A595958585757565655555A4
:1029F300454535352525151505CA19FA19D019D6B2
:102A030019F419E819E219001A061A0C1A181ADC33
:102A130019C419BE1900160F00000B150B02000292
:102A2300220F32000006BA1ACC1AD21A9419D81AF5
:102A33008E199A19CE18C81804190A19FE18B6184F
:102A43001A1B381B3E1B201B2C1B261B3030161851
:102A53001920231A1C1E300C0E020B040B0A070844
:102A6300000F00383C3E363B3B352B432C303017B0
:102A7300181921301B1D1F300001191618161615C1
:102A830023030000034948424D18172505020E1B76
:102A9300DE1AE41AF01AEA1AEE19121A321B1E1A77
:102AA300241A020402010101010902DA18E018D410
:102AB300181019000000000000E618F81800BE0402
:102AC3000A150004007F00E8030C00280000000042
:102AD30000090308100C0A03080900040001FF1E83
:102AE3001E0C05040F08C082C0838A828B83E0D248
:102AF300E7F0121EFE023B9DC082C0837900122FB5
:102B0300B5125F06C082C083900334124C8CD0830D
:102B1300D082C3E09CA3E09D500C1265DAFAA3E0D7
:102B2300122B2C600109023B9DFBEA75F00BA4FA02
:102B3300A8F075F00BEBA428FB900336E02AF8A36A
:102B4300E03B8882F583E0540F2274F7120A63890D
:102B530008122FB512305BACF075F00BE9A42CF919
:102B6300900336E028FEA3E039FF74016508600690
:102B73007402650870208A828B83123047123F7D6E
:102B830074026508701B122F0612308E70138E822A
:102B93008F83E4F0800BEA2403FCEB12302912301C
:102BA30035EEFAEFFB1226D2023EDA74F4120A6310
:102BB300126F0179008E828F83E06076890A890B18
:102BC3008065E50A75F00BA4FAA8F075F00BE50B28
:102BD300122B397046E50A75F00BA4F8AAF075F0CC
:102BE3000BE50B12306D8E828F83E0850882850999
:102BF3008312314F850882850983A3123F7DEE241A
:102C030003FCEF123032123D5B125980AA08AB0964
:102C13001226D27901900334125395E50A2401F563
:102C23000AE50B3400F50B122F0EE50A9AE50B9B10
:102C3300409002412774F5120A63EAFEEBFF740B1E
:102C43001212E5123D60750A01EC4D602BEC126F18
:102C53001DED125F06123F757901122642E5084504
:102C630009606F850882850983A3126F0B7902AA15
:102C730008AB09122642805AE5084509602B125F0A
:102C83000A1245D4123D5C123078700CEEFAEFFB59
:102C930012262AE9F50A80CBEE2403FA122FB0702C
:102CA300317903EEFAEFFB80CA8E828F83A3E0644F
:102CB300FE7003A3E0F4700BEE24030A0A0A122F3A
:102CC300B0700CEEFAEFFB12262AE9F50A800375C1
:102CD3000A00A90A7F03020D1874F7120A6390030E
:102CE30034123EEAEA4B602FEA75F00BA4FAA8F01F
:102CF30075F00BEBA428FBEAFEEBFF121D249003F7
:102D030036123EEA9003361251DA6012EEFCEFFD02
:102D130079001226668007900336E4F0A3F0023EA2
:102D2300DA900334124944C3EE98EF9922C082C06B
:102D330083EC4D600512248C80097C087D007900AA
:102D4300122666023B9D74F6120A637900EA4B6011
:102D5300187800880812624DEB1265D66004790179
:102D6300780808E8C3940840EA023F8674F7120A19
:102D73006374F31210AEECFEEDFF851882851983A0
:102D8300E4F0041212E5EAF0A3EB125706740312FF
:102D930012E5AC82AD83EEFAEFFB122618EEFAEFE2
:102DA300FB122612023ED574F7120A6374F3121053
:102DB300AEECFEEDFF851882851983E4F0EAFCEBA7
:102DC300FD74031212E512314874011212E5123F29
:102DD300718E828F83123F7D74FE68700374FF6966
:102DE3006004790180027900023ED574F7120A6308
:102DF300EAFEEBFF122E4C7014122E578E828F8335
:102E0300E0F4F88A828B83E058F01226D2A90802F4
:102E13003EDA74F7120A63EAFEEBFF7508008E824E
:102E23008F83E06022122E4C701D122E578A828BE4
:102E330083E08F838E82F8E058700CE0F88A828BEF
:102E430083E048F01226D280C4122660E9F50874A4
:102E530001650822126F1612305F122FA1FAA3E048
:102E630039FB2274F4120A638A088B097C007D0003
:102E7300122F06123035122FC6126F0879008508FB
:102E830082850983A3E064FE7003A3E0F460717E8E
:102E9300007F008062EEFAEF122B2C6057EEFAEF00
:102EA300FBEA75F00BA4FAA8F075F00BEBA428FB72
:102EB300900336E02AF50AA3E03BF50B85088285EB
:102EC3000983A3125654850A82850B83A3E06A7093
:102ED30003A3E06B701EE50A2403FAE50B122FB17E
:102EE300700AE50A2403FCE50B123032122FBA797B
:102EF30001125F1C1238A5122F0EEE9AEF9B40951C
:102F0300024127EA24030A0A0AEB22900334125AE5
:102F1300F3C32274F3120A638A088B098A828B83B0
:102F2300A3126F0B122FB5126F08750C00122F0628
:102F3300122FB170547E007F008049122F93FAA3A1
:102F4300E0398A82F583E0540F6036122F93F50A35
:102F5300A3E039F50BE50A2403FCE50B12303C34FE
:102F630000FB122486E964017017850A82850B83AE
:102F7300A3125BB4A3123F7D122FBA750C01125F2B
:102F83001C1238A5122D2440B2A90C7F05020D187E
:102F9300EEF8EFF9E875F00BA4F8122FA122AAF0CE
:102FA30075F00BE9A42AF9900336E02822EF1230DA
:102FB3008822126F1CEB22122FC6125F17EEF0A3AA
:102FC300EFF022E508126F1DE5092274F5120A637A
:102FD300EAFEEBFF8E828F83A3126F0B7C007D00D2
:102FE300EE24030A0A0AEF123035EEFAEFFB12263B
:102FF30060E9F50A7401650A7029126F1612305BD5
:10300300AAF075F00BE912306D850882F583123052
:1030130047123078700DE5082403FCE509123029C6
:10302300123035022CD53400FDEE2403FAEF2212C0
:10303300303C3400FB122618223400FDE50824033B
:10304300FAE50922A312304C2212305022E0F8A3F1
:10305300E0F98E828F83A32212305F223400F5833E
:10306300124948E875F00BA4F822122FA7F508A31C
:10307300E039F50922E8F0A3E9F0E5082403FAE5CD
:10308300091230882212308E6401223400FB12268A
:1030930012E92274F3120A6374E61210AE126F017E
:1030A300750C01750800750900750A00750B00851C
:1030B3001882851983E4F0EE2403FCEF3400FD74D9
:1030C300031212E5123148E964017023740B1212E2
:1030D300E5123F7574011212E51256587003A3E00E
:1030E30069605185188285198385820885830974EF
:1030F3000D1212E5E412314F740E1212E5123F7DE8
:10310300740D1212E5AA82AB83121C88E964017064
:103113000B740D1212E585820A85830B780A12104F
:103123001DAC08AD09EEFAEFFB122624740212104F
:1031330030E9F50CEEFAEFFB122570A90C741A12A4
:103143001030022F8E12341B1212F822123EE51297
:10315300494422C082C0837800790080031232463A
:10316300122F0EE89AE99B5029E8FAE9FBEA75F079
:103173000BA4FAACF075F00BEBA42CFB900336E038
:103183002AFCA3E03B8C82F583E0540F70CF7900D7
:1031930080027901023B9DC082C083902AC41249F8
:1031A3009AEC75F012A4FCA8F075F012EDA428FDBA
:1031B30079FF7A677B0B122666023B9D74F7120A2E
:1031C30063E9FEEAFF7A007B00780079008028E853
:1031D300FCE9FDEC75F012A4FC85F00875F012ED26
:1031E300A4250812365BC39E400AE0FCEFC39C4053
:1031F3000312377A12324612364F40D3023EDAC0F8
:1032030082C08378007900800312324612323A502A
:103213001F12365FF470F2E875F012A4F8AAF07585
:10322300F012E9A42AF9746728FA740B39FB8004B5
:103233007A007B00023B9D902AC4123710C3E89AA0
:10324300E99B22E8240108E93400F92274F0120A08
:103253006374F31210AE8A0A8B0B8C0C8D0D8908E4
:10326300EC450D6016AA0CAB0D1213468A0E8B0F9C
:10327300AE0EAF0FEE4F600302330D12131C8A0E16
:103283008B0FA80EA90FE8FEE9FFE849607C902A9E
:10329300D212336F602274036508600674046508F4
:1032A30070167A047903121316902AD212338640C9
:1032B300077A007B0002336C902AD012336F601BB5
:1032C30074016508600674026508700F7A0279015B
:1032D300121316902AD012338650D6851882851978
:1032E300837401F01212E5125980AC0CAD0D740316
:1032F3001212E5123414740B1212E5123D681243D4
:103303005DE412596812180E8004EE4F604A78008B
:1033130074FF2508C39404500278048E828F8312AD
:1033230059808E828F83A3A3A3A3E508F0E88E823E
:103333008F83A3A3A3A3A312598812080B123727C1
:103343008E828F83A3A3A3A3A3A3A3F012371E127A
:1033530012BA125F001212AE12337440059010C3FA
:10336300E4F01216E8EEFAEFFB02494E125AA249B4
:10337300227A047900121316902AC41265BCEA98C3
:10338300EB992212339F75832A7582C4E493C39801
:10339300F8A3E49399F9C3EA98EB9922E493F874B8
:1033A3000193F92274F2120A6374F31210AE8A08BD
:1033B3008B09ECFEEDFF750A00EEFAEFFB121346E4
:1033C3008A0C8B0DA80CA90DE849603E888289837D
:1033D300E065087004A3E06509602F88828983A3F0
:1033E300A3A3A3E0C394055021125DAE8518828583
:1033F30019837401F01212E5125DB2EEFCEFFD7455
:10340300031212E5123414750A01A90A740D025449
:103413004C12341B12130422AA82AB831226188582
:103423001882851983AA82AB832274F6120A631267
:103433003469600FA3A3A3A3E014C39404500479D5
:103443000180027900023F8674F6120A631234691E
:10345300600FA3A3A3A3E014C394025004790180D3
:10346300027900023F861213408A828B83E58245EC
:10347300832274F6120A63123469600BA3A3A3A315
:10348300E07004790180027900023F86C082C08324
:10349300EAFCEBFD7A007B00023B9AC082C0837C8E
:1034A300007D00023B9A74F4120A6374F31210AEA7
:1034B300EAFEEBFF8C0A8D0BC3EC94F8ED94FF400E
:1034C30007EE4F7003023562750800750900802E00
:1034D3008518828519837401F01238CD1212E51212
:1034E30038DB601374031212E5AC82AD83EEFAEF9E
:1034F300FB122486E97049E50824011236FB902A61
:10350300C4E4125AAAE50898E509995052E50875EA
:10351300F012A4F8AAF075F012E509A42AF91265CD
:10352300EF60D4EE4F70A974FF650A700474FF65F1
:103533000B60C41238BD650A7004A3E0650B70B755
:10354300E50875F012A4F508A8F075F012E509A4D2
:1035530028F50974672508FA740B3509FB80047A8A
:10356300007B0002412274F4120A6374F31210AE5A
:103573007508001213468A0A8B0BAE0AAF0BEE4F87
:10358300602A8518828519837401123EDFF8A3E04F
:10359300F9740B1212E51240001225767C127D009D
:1035A30079FFEEFAEFFB12266675080112337450A9
:1035B300099010C37401F01216E8A908024122749D
:1035C300F7120A63E9FE74FE6A700374FF6B7800F6
:1035D30079007005805212324612364F504AE8FC89
:1035E300E9FDEC75F012A4FCAFF075F012EDA42F19
:1035F30012365BF460E0E8FCE9FDEC75F012A4FC24
:1036030075F012EDA42FFD74672CF582740B3DF554
:1036130083E06A7003A3E06B70BC800912365F1409
:10362300C39404401712324612323A5018EE70EC2B
:1036330012365F64016005E0640370E91238AEFA84
:10364300A3E0FB80047AFE7BFF023EDA902AC412D9
:10365300499EC3E89CE99D221237AF22E8FAE9FBB1
:10366300EA75F012A4FAACF075F012EBA42CFB741B
:103673006B2AF582740B3BF583E022121358023B4D
:103683009DC082C083790180F274F0120A638A0AB2
:103693008B0B7A0479011213168A0C8B0DEA450DF4
:1036A300603EEAC333FAEB33FB121D248A088B090D
:1036B300AE08AF09EE4F60237AFE7BFF12135E74F0
:1036C300FE6A700374FF6B601B8508828509831291
:1036D3003EEAE50824021236FB80E1750C00800403
:1036E3007E007F00850A82850B83E50CF0EEFAEFFE
:1036F300FB024953E5082407F508E5093400F509F9
:1037030022902AC412499EC3EA9CEB9D22E493FAB9
:10371300740193FB22121C7C740322125F11E4F0E8
:1037230090891822E88E828F83A3A3A3A3A3A3A3C4
:10373300A31237497401123749A3F0EE2410125F24
:1037430014E4F0A3F022124369A3A3A322C082C00E
:10375300837A007B0080041912377A1237045010E1
:10376300123799C3940550F0E970EC123783800443
:103773007A007B00023B9DEA24010AEB3400FB2222
:10378300EA75F012A4FA75F012EBA428FB74672A09
:10379300FA740B3BFB22EAFCEBFDEC75F012A4FC84
:1037A300A8F075F012EDA4281237AF22FD746B2C2C
:1037B300F582740B3DF583E02274F7120A6374F308
:1037C3001210AE7E007F00023861E50875F017A481
:1037D300F8A9F0126850FAA3E0FBEEF8EFF9E875E8
:1037E300F012A4F8ACF075F012E9A42C1238BC6AFC
:1037F3007003A3E06B603FE50875F017A4F8AAF027
:10380300EA12684FF8A3E0F974011212E5E0687058
:1038130003A3E0696020E50875F017A4F8EAF974DA
:10382300E328FC740C39FD74031212E5AA82AB83FE
:10383300122486E96014E50875F017A4F8A9F0745A
:10384300E128FA740C39FB12181A0508902AD7E4F8
:1038530093F8E508C39850030237CD1238A5902A90
:10386300C4126B965039EEF8EFF91238AEF47003C8
:10387300A3E0F460E68518828519837401F0EEF8FD
:10388300EFF9E875F012A4F875F012E9A42AF91219
:1038930038CD1212E51238DB60C175080080AD0225
:1038A3003ED5EE24010EEF3400FF22E875F012A49A
:1038B300F8AAF075F012E9A42AF91238C122746744
:1038C30028F582740B39F583E022746928F5827434
:1038D3000B39124942740B22E8F0A3E91240081293
:1038E30012FEE922C082C08390034174BCF0A3742A
:1038F30015F0023B9D74F7120A63EAFEEBFF900397
:1039030077E06408601BE0640460168E828F83E0B6
:10391300540364017048123D5B124453E064067023
:103923003D8E828F83A3A3E064FE7003A3E0F46063
:103933002D8E828F83A3A3123F71900368E068707A
:1039430003A3E069700BEE2415F582EF1265D660D0
:1039530008121676E9F508800812167C80F67508B9
:10396300C2EEFAEFFB121D2A022E1074F4120A6340
:103973008A088B098A828B83E0F8A3E0FAE82AFAA3
:10398300E43400FB121D248A0A8B0BAE0AAF0BEE44
:103993004F6063850882850983E0FC7D007900120E
:1039A30026668E828F83A3A3126F0B1216B88E82A4
:1039B3008F83A3A3A3A3123EEA850882850983E02C
:1039C300F8EE28F8EF3400123F79850882850983E1
:1039D300A3E0C0E0EE240D125F03D0E0F01216CA9C
:1039E300EE240E125F03E91255B5E0C0E0EE241198
:1039F300125F03D0E0F0EEFAEFFB02412774F412FA
:103A03000A6374EB1210AE8A088B098C0A8D0BE9DA
:103A1300FE900377E064046005E06408700479C2F3
:103A2300802EA37808121256EE90037E123BDB120F
:103A3300125674051212E5E9F074041212E57401CA
:103A4300F074071212E5E4F09003777402123B3826
:103A5300741502412474F6120A6374EB1210AEEA71
:103A6300FEEBFF1251D76003023AFC7A077B001288
:103A73001D24900339123EEA1251D760788E828F4B
:103A8300831212BA90033A1244561212AE126DCF39
:103A9300C0E0123B08D0E0F0EE2405FAEF3400FB5F
:103AA3008A088B098A82F583E0C0E0123B03D0E0E9
:103AB30012411EE0C0E0123B03A3D0E0123F5E12AE
:103AC30012BA8518828519831212AE88828983E01F
:103AD300C0E074051212E5D0E0F085088285098301
:103AE300E0C0E074041212E5D0E0F074071212E5AE
:103AF300123B3780067910800279017415023F83E7
:103B0300123B08A322900339E0FAA3E0F5838A82EB
:103B1300A3A3A3A322C082C0831251D7600D900335
:103B230039125AE1900339E4F0A3F01215E61217A3
:103B3300BA023B9DE41240081224BC22C082C08317
:103B4300900338E07003121FC41213A0804CC0828C
:103B5300C083900338E09010C27004E4F0802D74A9
:103B630001F0900338E0F460237C41E0C3944150BA
:103B730002E0FCECF8E0C398F0EC75F0E8A4CCA804
:103B8300F075F003A428FD7A801249A67AC27B104F
:103B930079411224A4800312134CD083D082020FE4
:103BA300E274F4120A6374EB1210AE8A088B098C68
:103BB3000A8D0B9003777401123BDB1212567405C6
:103BC3001212E5E9F074041212E57403F07407129B
:103BD30012E5123B37023A53123F6978082274F711
:103BE300120A637C011213B2023EDA74F2120A6300
:103BF30074FC1210AEE9851882851983F0EAFEEB96
:103C0300FF8C0A900375124C8C1215DA8A088B0903
:103C1300EA4509700579CA023D568A828B83A3A3BC
:103C2300A3A3A3A3A3E064FE7003A3E0F470057948
:103C3300C3023D569003751256541218208508820C
:103C4300850983A3A3A3A3A3A3A3A3A3A3E004908E
:103C53000388123EB974021212E57402F0141212B0
:103C6300E5AA82AB831217248A0C8B0DAE0CAF0D21
:103C7300EE4F7003023D4D123D5B1245C87406F0D2
:103C8300A3A882A983900362125B1E124921F0EE5E
:103C93002413125F0374011259607440F0A3E412F9
:103CA30055AEA3A3123D68123F7DEE2411125F03AC
:103CB300E50AF0EEFAEFFB12137CE9FE6003023D26
:103CC3004F9003777409F01236F7AA08FB794B1269
:103CD30024A4850882850983123EAB123F7D90039D
:103CE3006AE0F8851882851983E068600CE0900328
:103CF3006A12400479E11224A4901103123F7190D7
:103D03001105E0687003A3E069601A90033B123F5A
:103D13007D9011051256541216E2901105124C8C27
:103D23007A011249A67A007B049003C2E0F9121DBE
:103D3300E4901105123D60740278081211DDAC089D
:103D4300AD09FA7B041249A880027E10900592E423
:103D5300F0EEF9740402544CEE125F1222E0F508FF
:103D6300A3E0F50922123D6C22123050A32274F510
:103D7300120A6374E21210AE851882851983ECF07F
:103D8300A3EDF0EAFEEBFF890874291212E5E0F5D2
:103D930009742C1212E5E0F50A900377E0640460DD
:103DA30005E06408700579C2023EA3742A1212E585
:103DB300E064FE7003A3E0F4700579C3023EA390B0
:103DC3000377740312400479501224A4742A121244
:103DD300E5AA82AB83794B1224A4851882851983C3
:103DE300123EB2123F7DE50890036AF0742A121264
:103DF300E5123EAB123F7DE509900362123EB974B2
:103E0300CE55094480C0E074121212E5D0E0F0747C
:103E130001250A900388F0740F1212E57402F074FE
:103E23002A1212E5123F7174071212E5E8F0A3E9B2
:103E3300123EF074101212E5123F7D74051212E562
:103E4300E508F0741B1212E5E4F090037D740FF0A3
:103E53007A7D7B0379541224A490037C740FF07A47
:103E63007C7B0379471224A490037CE0C3940F5016
:103E73002374051212E5E0C0E074021212E5D0E0EB
:103E8300F074041212E57401F0041212E5AA82AB75
:103E9300831224C874051212E5AA82AB831224AAE2
:103EA300741E121030022CD712494490036B221255
:103EB300494490037522F0EEFCEFFD7A897B0312EF
:103EC300248C2274F7120A63EB90037FF01215C857
:103ED3008005740D1210307F01020D18123EE5A308
:103EE300E022123F5EA322EAF0A3EBF022123F642A
:103EF300F8A3E0F92274F7120A6374F81210AEEA19
:103F0300FEEBFF7900900377E06408704485188224
:103F130085198374FDF0A374FFF01216B2740212B4
:103F230012E5123EEA74051212E5E4123EE5E0C022
:103F3300E074041212E5D0E0123F59C0E074061297
:103F430012E5D0E0F074071212E5E41240041217F0
:103F5300067408023ED7123F5EE022F08E828F8302
:103F630022123F69E022F0851882851983221249C3
:103F73004422E0F8A3E0F9125F11E8F0A3E9F0228C
:103F83001210307F02020D18C082C083900349745F
:103F93006CF0A37414F09003EF7460F0A37417F043
:103FA30090034D74A2F0A37414F090034F746CF05B
:103FB300A37414F090035174A8F0A37414F0023B9B
:103FC3009D74F4120A6374F91210AE8A088B098C7B
:103FD3000A8D0B851882851983780812125674048A
:103FE3001212E5E9F074051212E5E4F074061212F8
:103FF300E5E412400412138E7407024124E8F0A38F
:10400300E912400822123F69AA82AB832274F41298
:104013000A638A088B098A828B83125F1FEE4F70B3
:104023000302411C9003121251DA60158A828B83BA
:10403300A3A3E0F9EEFAEFFB900313124456122602
:10404300E38E828F83A3A3A3A3A3A3A3A3A3E06469
:104053000270748E828F83A3A3A3A3A3A3E054024D
:1040630070030240EE850882850983A3A3E064E917
:1040730060798E828F83A3A3A3A3A3A3A3A3A3A3E4
:10408300E07014901118E0048E828F83A3A3A3A37E
:10409300A3A3A3A3A3A3F08E828F83A3A3A3A3A30A
:1040A300A3A3A3A3A3E01412411EA3A3A37404F028
:1040B30090111912595AE8F0A3E9126A338B0BEAEB
:1040C300450B70031264118E828F83A3A3A3A3A352
:1040D300A3A3A3A3E0640260128E828F83A3A3A38E
:1040E300A3A3A3A3A3A3E06406702E8E828F83A34E
:1040F300A3A3A3A3A3E0A2E0501F8508828509839D
:10410300A3A3E0F9EEFAEFFB1225CA8E828F83A3F5
:10411300A3A3A3A3A3E054FEF08009124365227472
:104123000D1210307F04020D1874EC120A6374DD53
:104133001210AEEAFEEBFF8C088D0974371212E5FC
:10414300780C121283750A0074051212E5AC82AD65
:104153008312254C74121212E5E0700874151212C2
:10416300E5E0602074051212E5E0A2E6501E8E829F
:104173008F83A3A3A3A3A3A3A3A3A312565412178A
:104183003CE96008790312247402434B740512124C
:10419300E5E0540C64047005750B018003750B0096
:1041A300E0A2E55035750A01E50BA2E0402C12169A
:1041B300B88A108B11A810A911123D5BE068700337
:1041C300A3E069601574051212E5126F12125650BE
:1041D3001225D6E96004790480AC74051212E5E077
:1041E300A2E6502274061212E5E054037018740517
:1041F3001212E5E0540C640C600CE0540C6408608B
:1042030005751001800375100074051212E5E05462
:1042130003F8740268700C126F1212565012253A8A
:1042230002434B740168703AE510A2E05003124355
:104233005374051212E5A882A98374031212E5E8E8
:10424300F0A3E912493885188285198312435DE08A
:10425300C0E074021212E5D0E01240041226BA0242
:10426300434BE8600302434B90035FE0640170102B
:104273008E828F83A3A3A3A3A3A3E070030241D9D8
:1042830074221212E57402124938741A1212E512DA
:104293003F7DE510A2E0500874051212E512435366
:1042A300E50BA2E0506AEE240FF582EF1265D6C04B
:1042B300E074171212E5D0E0F09003141251DA7093
:1042C3000302434B1216B88A128B13A812A9137454
:1042D3001A1212E5E0687003A3E069706B780C12A0
:1042E3001015780A121021780812101DA910740CE9
:1042F3001212E5AC82AD8374211212E5AA82AB835C
:104303009003141244531226E374071210308038BA
:10431300780C121015780A121021780812101D90CB
:104323000375120E18EE2412F582EF126304742340
:104333001212E5AC82AD83740E1212E5AA82AB832E
:104343001225BE740912103074231210300269FE54
:10435300126F12125AEF12254622E8F0A3E9124314
:10436300652212436922F08E828F83A3A3A3A3A3A2
:10437300A32274F7120A63121EB6023EDA74F7120E
:104383000A63121EC8023EDAC082C083121EC20232
:104393003B9D74F7120A63121ECE023EDA74F712C3
:1043A3000A6374091212E5E0F50878081210211265
:1043B3001EDA7401023ED7C082C083121EE6023B9E
:1043C3009DC082C083121EEC023B9D74F7120A63E8
:1043D300121EF2023EDA74F7120A63EAFEEBFF8959
:1043E3000874016508701479001214E4902AE2E459
:1043F30093FC7900EEFAEFFB12145A023EDA74F4DE
:10440300120A6374F91210AEE9FE8A088B098C0A4A
:104413008D0B74131212E51256549005DE1251DA05
:104423006027EE851882851983F074011212E578EE
:1044330008121256EAF8EBF974051212E51240005D
:104443009005DE1244531226E3023FFBFB90034B1D
:10445300E0F8A3E0F58388822274F7120A639010D0
:10446300C5E0F97E00800B1265C2540D6401700132
:10447300190E1246565003E970ED023EDA74F71234
:104483000A639010C6E0F97E00800B1265C2548D5A
:1044930064817001190E1246565003E970ED023E15
:1044A300DA74F2120A63890BE975F006A4240CF599
:1044B30008E5F01236FF8A0CE508250CFAE5093405
:1044C30000FB121D248A0C8B0DAE0CAF0DEE4F605A
:1044D30027AC08AD097900122666123D5BE50BF0A7
:1044E300EE2508F8EF3509F98E828F83A3A3A3A3E2
:1044F300A3A3A3A3A3123F7DEEFAEFFB02544F74D1
:10450300F6120A63EAFEEBFF1214369010C4E0F8C9
:10451300E9C398400990034512565412143CEE2403
:1045230002F8EF125C64900347125B1E900347E0AE
:1045330004F0EEFAEFFB121442850882850983E04A
:1045430002611AC082C08379009003458001091279
:1045530056548A828B83E582458370F2023B9D74B5
:10456300F7120A63EAFEEBFFEE4F60569003451223
:1045730051DA604E888289837A007B00EE6582700F
:1045830003EF6583600FAA82AB831245C8E58245BA
:1045930083602F80E79003451245D4687002EF696A
:1045A3008E828F837008123F719003458003126AD5
:1045B30010123F7DEEFAEFFB12268AEEFAEFFB12A2
:1045C3001D2A023EDA1245CC221249488882898389
:1045D30022124944EE22C082C0839003458004889E
:1045E3008289831251DA600B88828983124C8CECA6
:1045F3004D70EC8A828B83E4F0A3F0E8496006886F
:104603008289838003900345123EEA023B9D74F73F
:10461300120A6390034580048A828B831246514BAE
:1046230060257E0080010E12465650ECEE75F006B2
:10463300A4FCADF0EA2CFCEB3DFDEC2410F582ED7F
:104643001246A670E180047A007B00023EDA125A19
:10465300F3EA221246AFEEC3982274F7120A637D7F
:104663000080010D1246ABEDC3985034ED75F00692
:10467300A4FEA8F0E8FFEA2EFEEB3FFFEE2410F5C0
:1046830082EF1246A670DCED75F006A4FEE8FFEAA1
:104693002EFAEB3FFBEA2411F582EB1265D64CF0C0
:1046A300023EDA1265E269221246AF22126F1CEB58
:1046B3003400F583E0F82274F6120A6312155C7A6B
:1046C300007B008025EAF8EBF9E875F006A4F8AC66
:1046D300F075F006E9A42C125AC8126DDDA3E4129A
:1046E3005BBEF0A3126DE3126F5A902ACC12337E95
:1046F30040D37A007B00801C8A088B0974037808F6
:104703001211DD12557CA374FEF0A30412599EA36B
:10471300E4126F5A902AD612475940DC7A007B0084
:10472300801D8A088B09740378081211DD7409123D
:10473300624E7410126A9574FEF0A304126F5A90BD
:104743002ADC12475940DB902AE0E493900353F0AC
:10475300124763023F86E493F8C3EA98EB9400227E
:104763007CE87D037A107B009003C2E0F9121DDE22
:104773002274F0120A6374F51210AE8A088B098949
:104783000A8C0BE9A2E050147508FC7509FFA2E13D
:104793005005D2E4024836D2E302483612543B7045
:1047A30003A3E06970057900024903AC0A7902AA00
:1047B30008AB09121538E960EDE50AF50C780C121F
:1047C300102179027CFE7DFFAA08AB091251B612B3
:1047D3001030E96003024901E50AC2E5F50A9003D6
:1047E300B5E07051E50AA2E6404B74031212E5AC42
:1047F30082AD83AA08AB0912258EE97032124AD71B
:104803008A0C8B0DA80CA90DE8FEE9FFE849602589
:10481300EE24020A0AEF12308E601AEE2402FCEF35
:104823003400FD74031212E5AA82AB8312248CE5D3
:104833000AD2E5F50A900348E0F50C900368E0F529
:104843000EA3E0F50F780E12101D7D017C0090037E
:1048530048E0F9AA0EAB0F1214F07402121030E9FB
:10486300F8900348E004F0E86003024901E50AA276
:10487300E55004740E80027406C0E074011212E560
:10488300D0E0125F308A0E8B0FAE0EAF0FEE4F608B
:1048930069124921124938888289837401F0747836
:1048A300550AA3126F22E50C126F22A3E508F0E567
:1048B30009124910E4F0E50AA2E5500F740312123D
:1048C300E5AC82AD83E824061249078E828F83A369
:1048D300A374FDF0A374FFF0E50B6015902AE3E4E5
:1048E30093F8E50BC3985009EE2413125F03E50B0D
:1048F300F0EEFAEFFB12137C80067910800279C781
:10490300740B8049FAE93400FB12248C22888289D3
:1049130083A3A3A3A312491C22125C97A322EE2410
:1049230017125F147401F01216B2EE241A125F14F8
:10493300EAF0A3EB22F0126F16340012494222F57B
:104943008312494822E0F8A3E0F922740D121030D3
:104953007F08020D1874F6120A637A007B10126442
:104963001E60089003D47401F0802990067DE064F2
:10497300019011167006E0FC79018004E0FC7903D4
:104983007A007B0012145A902ACA12499A7A007B41
:10499300101249A8023F8612499E22E493FC740137
:1049A30093FD227B009003C2E0F9121DD82274EC20
:1049B300120A638A088B098C0C8D0D890E741412EC
:1049C30012E512539574161212E5E0F510A3E0F503
:1049D3001112173CE960077AFF7BFF024AD490115A
:1049E30015E064026003024AC77900AA08AB091202
:1049F300153EA90E1215328A128B13AE12AF13EEA7
:104A03004F7003024AAF8E828F83A3A3A3A3A3E0B5
:104A130064018E828F83A3A370691256548E828F92
:104A230083A3A3A3A3A3A3E054186043902AE1E4C0
:104A3300938E828F83A3A3A3A3F0EA650C7003EB89
:104A4300650D6014EA650A7003EB650B600AEA659D
:104A5300107003EB6511701F781012101DAC0AADB6
:104A63000BAA0CAB0D121838740212103080089088
:104A73000367126408A3F074FE6A700374FF6B602B
:104A83001D804EA3A3A3E0640360298E828F83A3BA
:104A9300A3A3A3A3E0640470057AFE0249DC8E821B
:104AA3008F83A3A3A3A3A3E0640270089003B4E0DD
:104AB30064027010124AD78B0BEA450B6006AA08F2
:104AC300AB09800DAA08AB0990034912445312267F
:104AD300E30269FE9003751251BC1217FC2274F7AE
:104AE300120A63EAFEEBFF12132EE9700AEEFAEFE5
:104AF300FB12133AE96006EEFAEFFB80047AFE7BC1
:104B0300FF023EDA74F0120A638A0A8B0B8C0E8D55
:104B13000F890975080012173CE979006003024CFC
:104B23007EAA0AAB0B12153EA9091215328A0C8B09
:104B33000DAE0CAF0DEE4F60198E828F83A3A3A32E
:104B4300A3A3E0640270559003B4E064027003020F
:104B53004C7CAA0AAB0B90034F1244531226E31268
:104B630013408A0C8B0DA80CA90DE8497003024C65
:104B73007C88828983A3A3A3A3A3E0A2E0400302CA
:104B83004C7C750C01A2E150687901AC0AAD0BAA0B
:104B93000EAB0F12148AE97064024C7C8E828F83F1
:104BA300A3A3A3A3A3E064037005750C0280528E34
:104BB300828F83A3A3A3A3A3E064016003024C7CBD
:104BC300900375124C8C8E828F83124FE18A0C8B6B
:104BD3000DA80CA90DE84960D1902ADAE493FA886C
:104BE300828983E0C39A50C2A3E06003024C7C80B5
:104BF300B988828983A3A3A3A3A3D2E1F0EE4F6074
:104C03003A8E828F83A3A3A3A3A3A3E05418602B9C
:104C13007508018E828F83A3A3120E18750CFE757F
:104C23000DFF780C12101D7900AC0AAD0BAA0EAB68
:104C33000F1215507404121030803E900368E06523
:104C43000E7004A3E0650F7014902AE2E493FCA9AC
:104C530009AA0AAB0B12145A750801801CA90CACE3
:104C63000AAD0BAA0EAB0F12148AE9700C7508017A
:104C7300A909AA0AAB0B1214E4A908024953E50CCB
:104C83002415F582E50D125F171259742274EA1286
:104C93000A6374F01210AE8A0C8B0D8C088D0974A4
:104CA300261212E5E0F514A3E0F51575120690033C
:104CB300F51251DA6023900375124C8CAA08AB09E4
:104CC3001218268A108B11EA4511600D8A828B8394
:104CD300A3E070057900024FC9E50C241DF50EE52C
:104CE3000D3400F50F850E821251C6F513888289A3
:104CF30083A3A3A3E0FA88828983A3A3A3A3E0F9F0
:104D0300EA2400FEE439FFAA08AB091214EA850E6F
:104D130082850F83125004E029F50BE50AA2E550C2
:104D23000375120E7487550A70177418550A6418A0
:104D3300600FE50C2417F582E50D1265D665126048
:104D4300077901122474808C530A78C3EE94F8EF28
:104D530094FF501D7900EEFAEFFB124FD3601288D7
:104D6300828983A3A3A3A3A3A3E054186003024CE3
:104D7300D7780812101D7D00124FF7121030E9F892
:104D83007403687003024CD7E86003024E42741840
:104D9300550A7003024EF7E50AD2E0F50AA2E45081
:104DA30004D2E1F50AA90A12564D124FD360538873
:104DB300828983A3A3A3A3A3A3E054186044888296
:104DC3008983A3A3A3A3A3E064017036E51045116F
:104DD3006030900375124C8C88828983124FE18A6C
:104DE3000E8B0FA80EA90FE849601788828983A349
:104DF300E0600F851082851183A3126125500302A1
:104E03004CD7E50AF50E780E121021124FEA121054
:104E130030E9702B7C007D0085148285158374FF37
:104E2300F0A3F0850C82850D83A3A3A3A3A3A3A35F
:104E3300A3E06003124C81A90B12564D121EE085AC
:104E43001482851583E0F47003A3E0F460399003C2
:104E5300B4E064027003024CD7125386E0FAA3E075
:104E630012444F1226E3EA65087003EB65096003F9
:104E7300024CD7EEFAEF12444F1226E385148285D3
:104E83001583EAF0A3EBF0780812101D7D01124F91
:104E9300F7121030A90AEEFAEFFB12153E8A088BBF
:104EA30009A808A909900368E0687003A3E0696092
:104EB30003024FBAEEFAEFFB1213408A088B09A8DC
:104EC30008A909E849606E88828983A3A3A3A3E0A4
:104ED3006401600D88828983A3A3A3A3E0640270A5
:104EE30054851882851983AC82AD83EEFAEFFB12E9
:104EF300258E8055900361E0600FE50AF50E780E6C
:104F0300121021124FEA121030E50AF50E780E1234
:104F1300102179027CFE7DFFEEFAEFFB1251B612EF
:104F23001030E96003024E4285148285158374FFB5
:104F3300F0A3024E891216B2EAFCEBFD85188285B6
:104F43001983AA82AB8312248C850C82850D83A3DB
:104F5300A3A3A3A3A3A3A3E06401700F124C8174C2
:104F6300081212E5AA82AB8312248C125190125DAF
:104F73009C4430F508780812102174011212E5855B
:104F83008208858309780812101D740B1212E585B7
:104F93008208858309780812101DE513F50878083F
:104FA3001210217900EEFCEFFD12564D1214847499
:104FB30006121030024CD7125190125F06125004A1
:104FC300E50BF01216CA74101210307F0E020D1882
:104FD3001215328A0E8B0FA80EA90FE84922A3A33C
:104FE300125AF3121826227901AC08AD09125AE8B5
:104FF3001251B622AC0BA913125AE81214F0740220
:1050030022125DA4A3A3A3A32274F0120A6374F073
:105013001210AE8A0C8B0DECFAEDFB750F089003A2
:10502300F51251DA601412611E8A828B83E5824580
:10503300836007A3E0700302518B12519034001276
:1050430051C6F50B88828983125199E0FBEC240049
:10505300FEE43BFF88828983A3A3125199A3A3E0B3
:10506300FBECF508E43BF50988828983A3A3A3A39A
:10507300A3A3A3E0F50EE50AA2E45003750F10A263
:10508300E550067408250FF50F748F550A700FE568
:105093000C2417F582E50D1265D6650F60087901BA
:1050A30012247402518B530A707800E50AA2E4506B
:1050B300221251901265D62408FCA3E03400FD743B
:1050C300081212E5AA82AB8312248C7808E50AC27F
:1050D300E4F50AE50AA2E550281251901265D62894
:1050E300F8A3E03400F9E82408FCE93400FD85184E
:1050F30082851983AA82AB8312248CE50AC2E5F563
:105103000AAC0EA90BEEFAEFFB1214F6E9F87403DE
:10511300686075900368E06E7003A3E06F605EE8FB
:105123007054E50AF50F780F1210211251A71210CF
:1051330030E97054780A12102174011212E5858245
:105143000C85830D780C12101D740B1212E58582E9
:105153000C85830D780C12101DE50BF50A780A12E5
:105163001021A90EAC08AD09EEFAEFFB12148474FA
:10517300061210308012740468700D80B7780A121A
:1051830010211251A71210307410024950E50C245B
:105193001DF582E50D22A3A3A3E0FC88828983A3E6
:1051A300A3A3A322790112538D125F171251BC12CC
:1051B30051B6221214AE740122E0FCA3E0FDAA084A
:1051C300AB0922F5831245CCA3E0F50A88828983D3
:1051D300A3A3E022900339125B4F2274E8120A63FF
:1051E30074F51210AEEAFEEBFF8C088D0989147476
:1051F300231212E5E0F50F74241212E5E0F512A371
:10520300E0F51374261212E5E0F516A3E0F5177422
:10521300281212E5E0F50EA90F1214FC8A108B1167
:1052230074011212E57408F0E50EA2E45003741041
:10523300F0E50EA2E55004E02408F08518828519F4
:1052430083AA82AB831217248A0C8B0DEA450D7057
:105253000302536DEA2417F582EB12537F1216B241
:10526300E50C241AF582E50D125F06123EEA74037B
:105273001212E5AC82AD83AA10AB1112258EE96040
:105283001D12537774031212E5A882A983E50C2437
:1052930018F582E50D125F06E8F0A3E98024E50E18
:1052A300A2E4501FE5106E7003E5116F70151253E1
:1052B30077E50C2418F582E50D125F06E512F0A3DD
:1052C300E513F0125386125395850A82F58374020F
:1052D300F0A3E50E12539DE50FF0EE850A82850BD0
:1052E30083A3A3A3F0EF850A82850B83A3A3A3A3C0
:1052F30012539DA3A3A3E508F0E509850A82850B54
:1053030083A3A3A3A3A3A3F0AA10AB111214EAE9E6
:105313002514850A82850B83A3A3A3A3A3A3A3F0C8
:10532300750800E50EA2E45011AC12AD13E50A2492
:1053330008FAE50B124909750808E50EA2E55014B1
:10534300AC16AD17E50A2508F8E50B3400F9E82497
:1053530008124907850C82850D83A3A3E510F0A3EA
:10536300E511F0AA0CAB0D12137C740B1210307FF5
:1053730010020D18E50C2416F582E50D125F177463
:1053830001F02212538D125F1722E50C126F1DE5F7
:105393000D22E0F50AA3E0F50B22F0850A82850BC6
:1053A30083A3A32274F2120A638A088B09ECFEED2D
:1053B300FF890A790012543B7003A3E069700479F2
:1053C300018073750B01900368E065087004A3E026
:1053D3006509601F750B00780B121021A90AEEFCFA
:1053E300EFFDAA08AB091217787401121030E9F522
:1053F3000B80417900EEFAEFFB121532EA4B602B7A
:105403008A828B83A3A3A3A3A3A3E05418601C7570
:1054130008FE7509FF780812101D8A828B83A3A3E7
:10542300120E18126D3212103080097901EEFAEF64
:10543300FB121412A90B801412153E8A0C8B0DA8B3
:105443000CA90D900368E068221210307F06020D4C
:105453001874F4120A6375085175090E7A10126AEA
:105463003A8B0BEA450B7003124763900353E01426
:10547300F0700C902AE0E493900353F012154A7EE7
:10548300007F00806C850882850983A3A3A3A3E022
:105493006059F46056E5082404F582E509126402B4
:1054A3007049850882850983A3A3A3A3A3E06403AA
:1054B30070197902850882850983124C8C850882CC
:1054C300850983A3A312565412148A850882850979
:1054D30083A3A3A3A3A3E0640160108508828509C5
:1054E3008374FEF0A3041255AEE4F01238A512360D
:1054F300F7902ACE126B96408C7E007F0080391283
:1055030016588E088F09740378081211DD74C925A3
:1055130008FC740F3509FD7A967B14121646EA4B84
:1055230070DD8E088F09740378081211DD12557C23
:10553300126DDDE4F01238A5902AD6E493F8C3EE99
:1055430098EF9400501B8E088F097403780812118A
:10555300DD125584E82407F582E912640270D680CF
:10556300A17E007F00800A12558F600214F012386A
:10557300A5126B9340F102412712558488828983D7
:105583002274C92508F8740F3509F922EEF8EFF9EA
:10559300E875F006A4F8AAF075F006E9A42AF974F0
:1055A3006928F582740F39F583E0221255B5A3A358
:1055B300A322F0850882850983A3A32274F7120A24
:1055C3006374E11210AEECFEEDFF750800EE4F6060
:1055D300728A828B83E0241C1264331251DA606373
:1055E3008A828B83125654851882851983AC82ADC7
:1055F30083EA241BF582EB126304EA241CF582EB95
:1056030012565012169A740B1212E5125658700362
:10561300A3E069702E74021212E5E0640170247431
:105623001D1212E5124453E064017017741D121227
:10563300E5124455A3A3E0F88E828F83E0687003DC
:10564300750801A908741F023ED712538D3400F563
:1056530083125AF32212304CE0682274F4120A6364
:10566300E97024790090034D1244531226E38A0A09
:105673008B0BAE0AAF0B74FE6E700374FF6F701A60
:10568300902ADDE4936013790190034D1244531281
:1056930026E38A0A8B0BAE0AAF0B1216E80239F91E
:1056A30074F6120A6374F31210AE121C9A8A088BF2
:1056B30009AE08AF09900368E06E7003A3E06F6062
:1056C300E91216BEEA6E7002EB6F60DEEEFAEFFBD4
:1056D30012173CE970D4EE4F60D085188285198388
:1056E300E4F0041212E5EEF0A3EF125706E970BAE4
:1056F30074FE6E700374FF6F60B0EEFAEFFB740D0F
:10570300023F83124008121C8822C082C0831216F3
:10571300E8023B9D7F0A020D1874F2120A63EAFE47
:10572300EBFF8C0A8D0B8908740E1212E5E0F50964
:1057330074FC6E700374FF6F7005790002544F7927
:105743000012153E8A0C8B0DAE0CAF0D900368E072
:105753006E7003A3E06F7006E509A2E650DCA909A9
:10576300126C20706179007AFE7BFF126C207056F8
:105773007418550970030258537800790080031296
:105783003246902ACE12323D4003025853E8FAE9DA
:10579300FBEA75F007A4FAACF075F007EBA42CFB59
:1057A30074572AF582740E3BF583E0541870D0E8E1
:1057B30075F007A4F8AAF075F007E9A42AF9745163
:1057C30028F8740E39F988828983A3A3A3A3A3A31A
:1057D300E05418600974185509700302573D888214
:1057E3008983EEF0A3EFF074FE650A700474FF651D
:1057F3000B600312597A88828983A3A3A3A3A3A36B
:10580300E509F0A2E0500D88828983A3A3A3A3A393
:10581300A3D2E2F07401650888828983A3A3A3A3BA
:10582300A37038740112599EE054186028902AE13D
:10583300E49388828983A3A3A3A312596812182629
:105843008B0DEA450D600302573D780079008039DE
:10585300790202573F900367E080D7E06401700349
:1058630002573D88828983A3A3A3A3A3A3E054186B
:105873006007902AE1E4938004900366E0124910E4
:10588300E508F002573D123246902AD7E493FAC353
:10589300E89AE99400400302573D7A007B00804B6D
:1058A300EAFCEBFDEC75F007A4FCAEF075F007ED38
:1058B300A42EFD74532CF582740E3DF583125F1FE5
:1058C300E8FCE9FDEC75F017A4FC85F00975F01709
:1058D300EDA42509FD74E12CF582740C3DF583E0FC
:1058E3006E7003A3E06F609E12377A902ACE123750
:1058F3000740AD12499AEC6A7002ED6B7088E87547
:10590300F017A4F8AAF075F017E9A42AF974E128AE
:10591300FE740C39FF7C177D007900EEFAEFFB1261
:1059230026668E828F8312598090037512595AA36B
:10593300A3A3A3A3A3E8F0A3E91259607401F0EEB3
:10594300240E125F03740112598812080BEE240D02
:10595300125F03E8025885123D6CA3A322F0EE24E4
:105963000F125F1422F0125971AA0AAB0B22900393
:1059730075E0FCA3E0FD2288828983A3A3E50AF0F6
:10598300A3E50BF022F012598D22902ADAE4932436
:1059930001F8E43400F97A027B002212491CA322A5
:1059A30074ED120A638A088B09890E125AD14005D5
:1059B3007905025A9F121F28AA08AB09125BA3900C
:1059C3002ACC125AA2650A7003E9650B70077AFEA6
:1059D3007BFF125BA3902ACCE4125AAAE50A98E54E
:1059E3000B994003025A9D125AAE6012E50A75F0F4
:1059F30006A4F875F006E50B125AF9121D2AE50EF6
:105A03006018E50A75F006A4F8AAF075F006E50B30
:105A1300125B25701A7901025A9FE50A75F006A4F4
:105A2300F8AAF075F006E50B125B06E4F0A3F0E5C7
:105A33000A75F006A4F8AAF075F006E50B125AC62B
:105A4300A3125DB288828983A3AA82AB83125B14FB
:105A53008A828B83E0603F125AAE603A8E108F11B8
:105A63007512007810121019E50EC333FCE433FDF0
:105A7300E50A75F006A4F50AA8F075F006E50BA48F
:105A830028F50B746D250AF582740F350B125652E7
:105A9300123718121030790080027907026C36121F
:105AA300339FE822902AC41265BD22E50A75F006E9
:105AB300A4F8AAF075F006E50B125B01F8A3E0F970
:105AC300E84922A42A125C5A88828983A322ECFE25
:105AD300EDFF902AD8E493F8E9C39822F583125A8C
:105AE300F3121D2A22E50C126F1DE50D3400F58318
:105AF300E0FAA3E0FB22125B01FAA3E0FB22125BB4
:105B030006E022A42AF9746D28F582740F39F5830F
:105B130022E50EF0901117125B1E22E08882898322
:105B2300F022125C7EF50CE93400F50DE50EC3336B
:105B3300FAE433FB121D24850C82850D83EAF0A35E
:105B4300EBF0850C82850D83125B4F22124948E8E6
:105B5300492274F4120A63ECFEEDFF740C1212E591
:105B6300123F7188088909125BA3AC0AAD0BECF8EC
:105B7300EDF9902ACC125BAB5021E875F006A4F83E
:105B8300AAF075F006E9125AC6E08E828F83125B83
:105B9300BE125BB4123F7D79008002790402412773
:105BA3001214C08A0A8B0B22123710C3EC9AED9B96
:105BB3002212494485088285098322125C93227448
:105BC300F6120A637E007F008028EEF8EFF9E8758D
:105BD300F006A4F8ACF075F006E9A42CF9746B2870
:105BE300F582740F1268416A7003A3E06B60571269
:105BF30038A5126B9340D3126B8E7002E96F704617
:105C030074FE6A700374FF6B703C7E007F00800338
:105C13001238A5126B93502E12558F70F3EEF8EFD6
:105C2300F9E875F006A4F8125C50125C856017124F
:105C33005C6CF8E9125C648882125ADF85088285FD
:105C43000983E4F0A3F0EEFAEFFB023F8675F0065A
:105C5300E9125C5822A42AF9746928F8740F39F9F7
:105C6300223400F98808890922EEF8EFF9E875F083
:105C730006A4F875F006E9125C7E22125C58E8244B
:105C83000422A3A374FE125C90125B4F22F0A304C0
:105C9300125C9722F088828983A3A3A3A32274F6BC
:105CA300120A63EA241DF582EB125D9CF9604BEA4C
:105CB300241DF582EB1265D62402FCA3E03400FD1B
:105CC300125AD54003025D8F780080298C828D8320
:105CD300E0F508A3E0FFE5082400E43FF509E83315
:105CE300FEE433FF74B12EF582740F3FF583125D2A
:105CF300B2125D9208E8C39940D28A828B83A3A330
:105D0300A3A3A3A3A3A3A3124C8C900368E06C707A
:105D130003A3E06D700F7CB17D0F122FB5125650A7
:105D23001214B48067EA2411F582EB1265D6605C25
:105D3300FC74FF2CF075080178081210217508B166
:105D430075090F780812101DE9F50878081210215B
:105D5300EA2412F582EB1265D6F5087808121021B1
:105D6300EA2415F582EB125F06120E18ECF9122FD6
:105D7300B5124C898A828B83A3A3A3A3A3A3A3A352
:105D8300A31256541214CC7407121030023F86EC3F
:105D930024020C0CED3400FD22125F17125DA4E007
:105DA30022E0F8A3E0F5838882A32288828983E531
:105DB30008F0A3E509F02274EA120A6374FD1210D5
:105DC300AE8A148B158C0E8D0F890D74191212E582
:105DD300125F1F741B1212E5E0F511741C1212E519
:105DE300E0F50C741D1212E5125395741F1212E59F
:105DF300E0F5106008E50CC333240480027402C08C
:105E0300E074011212E5D0E0125F308A088B09EAD0
:105E130045097003025EFB8A828B83A3A3E514F01A
:105E2300A3E515126A29E50EF0A3E50FF0EA2413A2
:105E3300F582EB125F06E50DF0EA2414F582EB120E
:105E43005F06E511F0EA2417F582EB1265D66401CB
:105E530070401216B88A0E8B0FA80EA90F85088200
:105E6300850983A3A3A3A3E0687003A3E069602269
:105E7300EE4F6011E508241AF582E509125F06EE7C
:105E8300F0A3EF800CE5082417F582E509125F06FD
:105E9300E4F0125F0A125F1F8E828F837405F0A3F2
:105EA300E5107004E50C80487401250C125F297A13
:105EB300008028850A82850B83E0125F25850A828C
:105EC300850B83A3E08E828F83F0E50A2402F50A13
:105ED300E50B3400F50BA30EAF830AEAC3950C4020
:105EE300D21216B8EA125F251216B8EB8E828F8390
:105EF300F0AA08AB0912137C7403024FCBEE240CF7
:105F0300F582EF125F1722122FC6125F1722EE24BB
:105F13000BF582EF3400F58322900334E0FEA3E017
:105F2300FF228E828F83F0A3AE82AF8322124008BA
:105F330012172422C082C083E9C333FCE433FDEA91
:105F43002CFAEB3DFBEA24FEF582EB34FF125652AA
:105F5300023B9D74F2120A6389098A0A125AD140DC
:105F6300047900804075080080020508E508C395A0
:105F730009502AE508C333F8E433F9EE28F582EF34
:105F830039F583C082C0831216B88A0C8B0DD08377
:105F9300D082E0650C7004A3E0650D70CDE50A6561
:105FA3000870BE790102544F74F0120A6374F3123D
:105FB30010AE8A088B098C0A8D0B890C750D0012A3
:105FC300173CE9790060030260ADAA08AB0912151A
:105FD3003EA90C1215328A0E8B0FAE0EAF0FEE4F89
:105FE30070030260AB8E828F83A3A3A3A3A3A3E05A
:105FF300A2E240030260AB1216B8EA650A7003EB33
:10600300650B7011780D121021E4F50EF50F780E63
:1060130012101D8044AA0AAB0B121334E9640170F9
:10602300688518828519837404F074011212E512CD
:106033005980851882851983AA82AB83121C88E94B
:1060430064017045750D01780D121021E4F50EF50C
:106053000F780E12101D750D00780D121021780D9A
:1060630012102174081212E585820E85830F780EB3
:1060730012101D902AE3E493F9AC0AAD0BAA08AB06
:10608300091214CC74071210308E828F83A3A3A33A
:10609300A3A3A3E0A2E1400D8E828F83A3A3A3A3B6
:1060A300A3A3C2E2F0750D01A90D02494E74F612C5
:1060B3000A63E9FE790012153EEEF91215328A08D9
:1060C3008B09A808A909E8496006126F64F98002E0
:1060D3007904023F8674F6120A637E0790035CE03C
:1060E300703412611E8A088B09A808A909E849605F
:1060F30025900361E0640188828983A3A3700B1256
:106103006125888289835001A3A3E0F9121844E929
:10611300FEEE70027E07EEF9023F861259711218E5
:106123002622E0FA88828983A3E0C39A2274EE12BE
:106133000A63EAFEEBFF890A8C0C8D0B74121212B0
:10614300E5123D601261FA125AD85051890E750F4B
:10615300007403780E1211DD74CF250EF582740FCF
:10616300350FF583E0F8E50CC398502DE50B60245B
:10617300751100740378101211DD74C92510F874B9
:106183000F3511F988828983A3A3A3A3A3A3E50CE5
:10619300126204F07900025717790380F979007AC3
:1061A300FE7BFF1261FAE49365107004790280E6C6
:1061B300E50B60E0890E750F007403780E1211DD94
:1061C30074C9250EF8740F350FF988828983A3EEFD
:1061D300F0A3EF12620412599EE50C12491874FFE2
:1061E300126DE3E50AF0900366E088828983A3A336
:1061F300A3A3A3A3A3809C12152CE9F510902AD680
:1062030022126F26A3E508F0A3E5092274F6120A09
:1062130063ECFF12152C902AD6125AD850278908FE
:10622300750900740378081211DD74CE12624E747E
:106233000F126A95E0F8EFC3985006EFF0790080EB
:1062430006790380027904023F86EA2508F5822253
:1062530074F4120A63EAFEEBFF12152CE9F50A90B7
:106263002AD6125AD85019750B007403780A1211E2
:10627300DD74CC250AF582740F350B125652801843
:1062830090034B1251DA600CEEFAEFFB12445612F4
:1062930026E380047AFE7BFF02412774F6120A6329
:1062A3008A828B83A3A3A3A3A3E4F0F880010890BD
:1062B3002ADCE493F9E8C399501E88081262FC8C27
:1062C300828D83A3A3A3A3A3A3A3A3E06970DFEC9D
:1062D300FAEDFB12165E801EE4936870198C828DB2
:1062E30083A3A3A3A3A3A3A3A3A37406F07A008CFD
:1062F300828D83126427023F8674512508F58274C8
:10630300101265E2F92274F4120A63EAFEEBFF8EBF
:10631300828F83A3A3E01412643EA3E0F912163A1A
:106323008A088B09EA450970030263FF8E828F8313
:10633300A3A3E070358A828B83A3A3A3A3A3A3A300
:10634300A3A3E064028A828B83A3A3A3A3A3A3A32F
:10635300A3A360107406F07AF08508828B8312641D
:10636300270263FF7406F00263FF8E828F83A3A369
:10637300A3A3A3A3E060738E828F83A3A3A3A3E04D
:10638300607AEE2403F582EF126402706F90035576
:1063930012640812643EE014126A20E06403705C25
:1063A3008E828F83A3A3A3A3E0700DAC08AD09EE87
:1063B300FAEFFB12150280448A828B83A3A3A3A363
:1063C300A3A3A3A3A37404F0121C9AEA540F048595
:1063D3000882850983A3A3A3A3F0A3E4F07A20FB97
:1063E30012641E701712641180128A828B83A3A316
:1063F300A3A3A3A3A3A3A3E0640360AF0241271253
:1064030065E214F022E08E828F83A3A3A3227A2075
:106413007B009003C2E0F9121CDC22126A3C8B0958
:10642300EA450922E0240C126433E0F912157A22BA
:10643300F8A3E03400F98882898322126443A322FB
:10644300123F5EA3A3A32274F6120A6379007E00AF
:1064530080258E08750900740378081211DD74090C
:106463002508FA74103509FB8A828B83A3A3E060A5
:106473000512150879010E902ADCE493F8EEC3980F
:1064830040D0E9A2E07A407B009003C2E0F95015C6
:10649300121DEA8B09EA4509700E7C647D007A407F
:1064A3001247698003121DE4023F8674F4120A63E3
:1064B300ECFEEDFF7508097509107C008045850821
:1064C30082850983A3A3A3A3A3A3A3E0F8EA2412C9
:1064D300F582EB1265D668701F85088285098312E1
:1064E3003F711265DA687003A3E069700B85088257
:1064F300850983A3A3E070200CE5082408F8E509C7
:10650300125C64902ADCE493F8ECC39840B0E49303
:106513006C70057900024127850882850983A3A34E
:10652300A3A3A3A3E07004790180EA126C2E1217CF
:10653300FC8B0BEA450B600F850882850983A3A3B7
:10654300A3A3A3A3E014F07C0080010C8C0A1265C2
:10655300B05020EC1265E860F21238BD6E7003A3F0
:10656300E06F70E7850882850983A3A3A3A3A3A390
:10657300E014F0902AD7E493F8902AC4E49328F81F
:10658300A3E4933400F9850882850983A3A3A3A315
:10659300A3A3E0FAC3E89AE99400508B85088285A7
:1065A3000983A3A3A3A3A3A3E4F002652A902AC4A7
:1065B3001265BCE50A98E49922E41233A0C322EEE3
:1065C30075F006A4FCADF0EA2CFCEB3DFDEC2411C8
:1065D300F582ED1265E222126F1CEB1265E22234A2
:1065E30000F583E02275F012A4F8A9F0746B28F586
:1065F30082740B39F583E0F42274EA120A63EAFE2B
:10660300EBFF8C148D1589127C097D1075080175BB
:106613000900750A00750B00902AD7E493780812D5
:106623000F9E908918780C1212837A0080128C8244
:106633008D83A3A3E0601E0AEC2408FCED3400FD67
:10664300902ADCE493F8EAC39840E3E4936A700584
:10665300790002683E8C828D83A3A3A3A3A3A3E442
:10666300F0FA802E64016005E06403701D8E828F52
:1066730083A3A3A3A3A3A3A3A3A3E0F47003A3E00F
:10668300F47007780C79081211F00A740178081273
:106693000F9E8A10125AA7E51098E499504DEA7597
:1066A300F012A4F8ABF0EB1238BC65147004A3E04D
:1066B300651560D6126A18900368E0687003A3E05A
:1066C3006960C7EA75F012A4F8EBF9746B28F582D8
:1066D300740B12684164046003E070888C828D83BC
:1066E300A3A3A3A3A3A3E004F0809F7A008066EA98
:1066F30075F017A4F8ABF0EB12684F65147004A3A0
:10670300E06515604F12685064FE7003A3E0F46007
:106713004374EB28F582740C39F583123EB2E068BA
:106723007003A3E069702DEA75F017A4F8EBF97410
:10673300EF28F582740C126841601974F028F58211
:10674300740C126841600D8C828D83A3A3A3A3A351
:10675300A3E004F00A902AD7E493F8EAC398408FA1
:106763008C828D83A3A3A3A3A3A3E0F8902ADBE4E5
:1067730093C398500DE4938C828D83A3A3A3A3A307
:10678300A3F08C828D83A3A3A3A3A3A3E0600DEE48
:106793002411F582EF1265D66401700B8C828D8310
:1067A300A3A3A3A3E4800D900356E0048C828D83FE
:1067B300A3A3A3A3F090035BE08C828D83A3A3F038
:1067C3009003551268461249388C828D83123F7D9F
:1067D3008C828D83A3A3A3A3A3E512F0EE2412124C
:1067E3005F03126846A3A3A3A3F0E50C450D450E72
:1067F300450F60337A0080010A902ADCE493F8EABB
:10680300C39850238A081268841265D660046512FF
:1068130070E6750900E512F0740278081211DD12B2
:106823006A03780C1212567A407B0012641E7009B8
:106833007C647D007A401247697901024FCE39F5B5
:1068430083E022E08C828D83A3A3A322F974E12841
:10685300F582740C39F583E02274F4120A63750A25
:10686300008002050A902ADCE493F8E50AC39850F5
:106873000D850A081268841246A670E7E4F0024107
:106883002774512508F58274102274EC120A638A66
:10689300108B118A828B83A3A3125654121640EADB
:1068A3004B60030269A2908918780C121283750851
:1068B30001750900750A00750B00902AD7E49378D7
:1068C30008120F9EFE80080E74017808120F9E8E28
:1068D30012125AA7E51298E4995026EE1265E86061
:1068E300E6126A18851082851183A3A3E0687003FA
:1068F300A3E06970D285080C85090D850A0E850B06
:106903000F7E0080057A007B000E902ADCE493F86A
:10691300EEC39840030269A28E081268841265D6FA
:1069230060E7750900740278081211DD126A0385A5
:106933000C08850D09850E0A850F0B7808121203C2
:10694300E5084509450A450B60BF8E081262FC1233
:10695300163AEA4B60AF8A828B83A3A3A3A3A3A3B4
:10696300A3A3A3E06405709D850C08850D09850E1E
:106973000A850F0B78081212168E12751300740213
:1069830078121211DD745A2512F58274103513F53D
:106993008378081211CA902ADCE493FE02690CEA98
:1069A3004B60128A828B83A3A3A3A3A3A3A3A3A352
:1069B300E06405601D851082851183A3A3A3A31240
:1069C3004C8C851082851183A3A31256541224EC98
:1069D3008029851082851183A3A3126A10E0FCA38A
:1069E300E0F5838C82E8F0A3E9126A207401126A4D
:1069F300338B09EA450970031264117F0C020D18E9
:106A0300745A2508F58274103509F5832212494416
:106A13008A828B83221238C1F8A3E0F922126A29F1
:106A2300A3A3A3A3A322F08A828B83A3A3A3A3225A
:106A3300F07A20126A3A227B009003C2E0F9121D19
:106A4300EA2274F6120A63E9FC7900800109902AAC
:106A5300D6125AD850398908750900740378081278
:106A630011DD74CA12624E740F126A95E06A7003E4
:106A7300A3E06B70D88908750900740378081211B4
:106A8300DD74C912624E740F126A95E06C70BE0217
:106A93003F863509F5832274F7120A638908530880
:106AA300407E007F008056EEF8EFF9E875F007A40A
:106AB300F8ACF075F007E9A42CF9745128F5827449
:106AC3000E1268416A7003A3E06B702E74FE6A7045
:106AD3000374FF6B7003026B6EEEF8EFF9E875F069
:106AE30007A4F875F007E9A42CF9745728F5827404
:106AF3000E1268415440650860711238A5902ACE81
:106B0300126B9640A2126B8E7002E96F707674FE60
:106B13006A700374FF6B706C7E007F008003123811
:106B2300A5902ACE126B96505BEEF8EFF9E875F05C
:106B330007A4F8AAF075F007E9A42AF9745528F513
:106B430082740E12684170D6A908EEFAEFFBEA755B
:106B5300F007A4FAA8F075F007EBA428FB74512AF8
:106B6300F582740E3B1256521214E4EE75F007A42C
:106B7300FEA8F075F007EFA428FF74512EFA740EE7
:106B83003FFB80047A007B00023EDA125AA26E2297
:106B9300902ACC1265BCEE98EF992274F2120A6324
:106BA3008A088B09890B8C0A790012153EA90A12EF
:106BB3006C20601988828983A3A3A3A3A3E0650B38
:106BC300700B88828983A3A3125F1F800A740165F7
:106BD3000B7045AE08AF0974FE6E700374FF6F60EF
:106BE30037126C2E121826EA4B60239003F51251CC
:106BF300DA600C8A828B83A3E060137900801B9098
:106C03002ADAE493F88A828B83E0C39840EDE5089F
:106C13006E7003E5096F70BB790102544F12153290
:106C23008A0C8B0DA80CA90DE84922125971EEFAB2
:106C3300EFFB227F0B020D1874F4120A63EAFEEBDA
:106C4300FFE9A2E6501B79FF1225588B0BEA450B8F
:106C53006009900368E0FAA3E080327AFE7BFF804C
:106C63002D1213408A0A8B0BA80AA90BE849601A54
:106C730088828983A3A3A3A3E0640160D588828962
:106C830083A3A3A3A3E0640260C8EEFAEFFB02416F
:106C93002774F2120A63890BEAFEEBFF8C088D0955
:106CA300740E1212E5E0F50A7402650B703A79006E
:106CB300EEFAEFFB121532EA4B60608A828B83A3F4
:106CC300A3A3A3A3A3E0541860517508FE7509FF9D
:106CD300780812101D8A828B83A3A3120E18126DDB
:106CE30032121030790180307401650B7028AC0AC0
:106CF3007901121538E9601EE508450960B0EEFA1E
:106D0300EFFB1214C0902ACC12337E50A185088267
:106D13008509837401F0790002544F902AE2E493C9
:106D2300FCA90AEEFAEFFB12145AE970E980B5796F
:106D3300009003681259748A828B83125AF31215D6
:106D43005074042274F4120A637C0079057A007B80
:106D5300001216348A088B0980677C007905EEFAE5
:106D6300EFFB1216348A088B098E828F83A3A3A3A9
:106D7300A31251DA604B126DCF24FFF0A3E034FF6E
:106D8300126DE31251DA70398E828F83A3A3A3A30A
:106D9300A3A3E0540460118E828F83A3A3A3A3A3B0
:106DA300A3A3A3E0F91215208E828F83A3A3A3A329
:106DB300A3A3A3A3A37406F07AF08E828F83126435
:106DC30027AE08AF09EE4F7091024127EE2404F875
:106DD300EF3400F988828983E022A374FEF0A304D0
:106DE300F0888289832274EC120A638A108B11EC77
:106DF300FEEDFF74141212E5E0F50CA3E0F50D743B
:106E0300161212E5125395E9600C75080078081202
:106E13001021790B80657900EEFAEFFB1215328AA7
:106E2300088B09EA4509605B8A828B83A3A3A3A32A
:106E3300A3A3E0A2E0504C781012101DAC0CAD0DD2
:106E4300AA0AAB0B12183874021210308A0A8B0B81
:106E5300A80AA90B74FE68700374FF69602585088E
:106E630082850983A3A3123F7D7508007808121059
:106E730021790CAC10AD11EEFAEFFB121778740107
:106E83001210300269FE74F7120A637851790E7C8E
:106E9300007D00804388828983A3A3A3A3A3A3E0E7
:106EA300A2E0402E88828983A3A3E06A7003A3E053
:106EB3006B701F88828983A3A3A3A3A3E0640170DB
:106EC3001188828983A3A3A3A3A37403126F22123D
:106ED3006F0B126EF8126EEF902ACEE493FE7401DC
:106EE30093FFC3EC9EED9F40AC023EDAE82407F823
:106EF300E93400F922EC24010CED3400FD22EAFE12
:106F0300EBFF126F16125F1774FEF0A304F022ACAE
:106F130082AD83EE126F1DEF22EA240BF58222125B
:106F23006F2622F088828983A3A322C082C083783C
:106F330051790E7A007B008013126F6488828983F3
:106F4300A3A3A3A3A3A3126F5A126EEF902ACE1288
:106F5300370740E5023B9DF0EA24010AEB3400FBCE
:106F6300228882898374FEF0A304126F2614125CB4
:106F730090E412491CF02274F0120A6374FD12109B
:106F8300AE74021212E5E9F08A088B098C0A8D0BA4
:106F930074151212E5E0FEA3E0FF851882851983BC
:106FA300E4F0A3F08E828F83A3AA82AB8390114F68
:106FB300780C1212837808790C120E7270188E8274
:106FC3008F837469127459746EF0A37466F0A30A04
:106FD3000AAB830273F478087908120E7260118E7B
:106FE300828F83746E1274597461F0A3746E80DDA2
:106FF300901153780C1212837808790C120C3150CB
:10700300030270A4908918780C1212837808790C03
:10701300120E7260030270F874171212E5E0700327
:1070230002713A851882851983C082C08374131252
:1070330012E5127E97D083D082127432502C8518B9
:1070430082851983C3E094FCA3E094FFA2D265D0A8
:1070530033401774021212E5E4127F6BF9741312B2
:1070630012E5C3E098F0A3E099F074131212E5124D
:10707300744F74181212E5E070030271377417121B
:1070830012E5E4027139901157780C1212837808D3
:10709300790C12037A851882851983E0240A127FFA
:1070A300A890115B780C1212837808790C120C31BA
:1070B30040D490115F780C1212837808790C120C6B
:1070C30031400302701B90115F780C121283780811
:1070D300790C12037A127F9F80D8901157780C1283
:1070E30012837808790C120560851882851983E06C
:1070F30024F6127452901163780C12128378087973
:107103000C120CCC40D4901153780C1212837808D3
:10711300790C120CCC400302701B90115F780C1297
:1071230012837808790C12056085188285198312F9
:10713300744F80D27401F074021212E5E060077A92
:10714300007B0002724612743E507D8E828F8374E0
:1071530030F0EAFEEBFF74131212E5E0FCA3E0FD4E
:10716300EC4D700874181212E5E0600B8E828F8369
:10717300742EF0A30EAF837A007B0080118E828F72
:1071830083743012747A74131212E512744FEA2462
:10719300FF1AEB34FFFB851882851983127426507E
:1071A3000B74131212E5127E9B4970D185188285E8
:1071B300198374FFC39CF874FF9DF9127432500352
:1071C3000273147A01027144851882851983127E31
:1071D30097C3E498FAE499FB806985080C85090D47
:1071E300850A0E850B0F780C12086CAC0CE50D3379
:1071F30095E0F50EF50F780C12097B7808790C12DF
:10720300013E90115F780C1212837808790C1205F5
:1072130060EC127474EAF8EBF9E824010AE934002B
:10722300FBE849701E74131212E5127E9B49700825
:1072330074181212E5E0600B8E828F83742EF0A314
:107243000EAF8374131212E5127426508D901167DA
:10725300780C1212837808790C120C3140030273F4
:10726300147C01EE24FFF8EF34FFF974151212E5D4
:10727300E0F508A3E0F50988828983E0642E6010B5
:10728300E02CF0643A70077430F07C0180027C00DB
:10729300E8FAE9FBEA24FF18EB34FFF9C3E5089A9F
:1072A300E5099B40D2ECA2E0506774021212E5E0BC
:1072B3006036EEF8EF800A127411E824FF18E934FF
:1072C300FFF9C3E50898E5099950181273FEE064C5
:1072D3002E70E4E824FEF582E934FFF58312740B83
:1072E300F980D7127F9F801E8E828F83A3AE82AFD9
:1072F30083EEF8EF80061273FE12740BF9C3E508F0
:1073030098E5099940F074151212E5127EB67431AE
:10731300F074171212E5E07005801A1EAF83EE2495
:10732300FFF582EF34FFF583E0643060EEE0642E16
:1073330070031EAF8374021212E5E070030273F050
:10734300127476A3A98312743E8E828F83501474B1
:107353002DF00EE9FF851882851983127EDF1274E2
:10736300678006742BF00EE9FF7C007D00EE240A93
:10737300FEEF3400FFEC24010CED3400FD12741811
:1073830012080BEA12747412741812080B12748127
:107393004970E2C3EC9402ED127E4840D8ECFAED5A
:1073A300FBC3E49CF8E49DF9EE28F582EF39F583FD
:1073B300E0C0E0C3E49AF8E49BF9EE28F8EF39F96A
:1073C300E82CF8E93DF9E824F5F582E934FFF58383
:1073D300D0E0F0EC24FF1CED34FFFDC3EC9401ED91
:1073E300127E4850BCEE24F6FEEF34FFFFEEFAEFB8
:1073F300FB74031210307F08020D18E824FFFAE92A
:1074030034FFFB8A828B832212741118EB22E088EB
:10741300828983F022851882851983127EEC7A0A89
:107423007B0022C3E09AA3E09BA2D265D03322C3A0
:10743300E098A3E099A2D265D033228518828519FA
:1074430083C3A3E09400A2D265D03322E024FFF0EB
:10745300A3E034FFF022F0EAFEEBFF8E828F83225B
:10746300A3E03400F9851882851983E8F0A3E9F0D5
:107473002224308E828F83F0A3AE82AF83228518BD
:107483008285198312748B22E8F0A3E9F0851882B0
:10749300851983E02274F0120A6374B01210AE856A
:1074A3001882851983127F5174181212E5ECF0A328
:1074B300EDF0740F1212E5E4F0A38022746012124F
:1074C300E5127E8774041212E5E0F974181212E5CE
:1074D300127EB61226E3740F1212E5127E50F012DA
:1074E3007ECAFA127F8A1212E5EAF074256A6010E6
:1074F300E070C9740F1212E5127E8774500273F69E
:10750300127ECA64257019851882851983E02401C7
:107513000812746374601212E5127E87792580ABBA
:10752300740E1212E5E4F0740D1212E5E4F0740C1B
:107533001212E5E4F074051212E5E4F0741E12125F
:10754300E5A882A98374021212E58015740512124C
:10755300E5E0700774051212E5EAF08518828519D3
:1075630083127487127E7E127F11FA24E060DD2479
:10757300FD601724F860DD24FE600624FD600F80A3
:1075830011740C1212E5E00480D0740D80F5740EB2
:1075930080F1127F11642A705B74621212E5127F0C
:1075A3001CFB8A828B83E0FCA3E0FD740A1212E5C4
:1075B300ECF0A3EDF0EA24020A0AEB3400FB746258
:1075C3001212E5127F49740A1212E5127444501F15
:1075D300740A1212E5127E87C3E49AFAE49BFB74E1
:1075E3000A1212E5127F51740C1212E5E004F01234
:1075F3007468804A740A1212E5E4F0A3802D740AB9
:107603001212E5127E9B75F00AA4F8AAF075F00A2F
:10761300E9A42AF9E50828F8E439F9E824D0F8E9D7
:1076230034FFF9740A1212E5127FAF127F6BF583F0
:107633008882E0F50874D02508C3940A40C0740C0E
:107643001212E5E06007740E1212E5E4F0127ECA2E
:10765300642E60030276E3851882851983E0240192
:1076630008A3E03400F9127481127EBBE0642A702F
:107673002C74621212E5127ED0F8A3E0F988828995
:1076830083E0FEA3E0FFE824020808E93400F9746C
:10769300621212E5127F04127FAFF080477E007FF3
:1076A30000851882851983127ED974D02508C39466
:1076B3000A5031EE75F00AA4FEA8F075F00AEFA4A3
:1076C30028FFE5082EF8E43FF9E824D0FEE934FF6B
:1076D300FF851882851983E02401F812746380C141
:1076E3007EFF7FFF7A00851882851983127E798554
:1076F3001882851983E0FBA3E0F5838B82E024B431
:10770300600824E4600524FC70040A127468127E85
:10771300CAFB127F8A1212E5EBF07003027CEE249F
:10772300BB7003027BB424FE7003027B9624EF70CC
:10773300030278E024F570030277E51470030279FD
:1077430085147003027BB4147003027BB2147003BC
:10775300027B9624FE700302798524FB6024147057
:10776300030278D01470030278E024FD70030278DA
:107773001E24FE70030278E024FD70030278E00209
:107783007CFA74621212E5127F431212E512746ED0
:10779300EAA2E0740F50331212E5E0FCA3E0FD33DC
:1077A30095E0FE74061212E5127F24ECF0A3EDF0CF
:1077B300A3EEF0A3F074621212E5127F2B1212E50E
:1077C300127F04E8F0A3E90274E11212E5127E9736
:1077D30074061212E5127F1CF5838A82E8F0A3E98E
:1077E30080D274621212E5127F24E0C0E0741E128C
:1077F30012E5D0E0F074621212E5127F2B1212E54B
:10780300127F0412746E741F1212E5A882A9837486
:10781300121212E5E8F0A3E9027D1174621212E577
:10782300127F431212E512746E74061212E5127F70
:10783300431212E5E02402FAA3E03400FB7462125F
:1078430012E5127F4974021212E512746EE8497050
:107853000C74021212E5743CF0A37411F0127E460C
:1078630050047E107F2774081212E5E4F0A3800809
:1078730074081212E5127E50F074021212E5127EA1
:107883009788828983A3AA82AB8374021212E512BA
:107893007F5188828983E0600A74081212E5127EA0
:1078A300A040CD74021212E5127E6774121212E523
:1078B30012746E74081212E5127EDFF9741212123A
:1078C300E5E028F8A3E039F97402027814740D1284
:1078D30012E5E06008EE4F70047E017F00746212CF
:1078E30012E5127F431212E5127F971212E5E0644C
:1078F30070703874061212E5127F391212E5127F86
:10790300721212E5E02402127EFB1212E5127F04CA
:1079130012746E90116B1212BA741A1212E51212CB
:10792300AE74051212E5E4F0027A15EAA2E07406D9
:10793300501B1212E5127EB61212BA74141212E51B
:107943001212AE74061212E5E0240480121212E53C
:10795300127F391212E5127F721212E5E02402122D
:107963007EFB1212E5127F04127F971212E5E06488
:107973006F700590116F809EE0647570969011731F
:10798300809474621212E5127F431212E512746E30
:10799300EAA2E0740650161212E5127EB6780812B7
:1079A300128374061212E5E02404F8801B1212E518
:1079B300127ED9A3E0F5093395E0F50AF50B7406B9
:1079C3001212E5E024020808127EFC1212E5127F6F
:1079D3007F1212E578081212569089187808120E51
:1079E300F3402174051212E5742DF074141212E59C
:1079F3007808121283780812115A74141212E57857
:107A0300081212569011731212BA741A1212E51256
:107A130012AE744F1212E5A882A98374021212E502
:107A230012746E74121212E5127F821212E5780834
:107A3300121283E5084509450A450B6009741112C2
:107A430012E57401800674111212E5E4F0EE4F7032
:107A530008E0A2E04003027B0974021212E5127EE1
:107A6300B01212E5127F821212E5780C121283749F
:107A73001A1212E57808121283780C79081209F3A6
:107A8300742B2508F58274113509F583E0C0E07481
:107A9300021212E5127EB6D0E0F074141212E578E9
:107AA3000C121283741A1212E57808121283780CDE
:107AB30079081209F374141212E5780C1212567431
:107AC300141212E57808121283E5084509450A45A0
:107AD3000B7086127E46502E740E1212E5E060265D
:107AE30074051212E5E06004D2F08002C2F0740A59
:107AF3001212E5127E59800E74021212E5127F6390
:107B03001212E5127EC374021212E5127E67744FDD
:107B13001212E5C082C08374021212E5127E87D06E
:107B230083D082E582C39AFAE5839BFBC3EA9EEB8B
:107B3300127EA940C3740D1212E5E07003027D1298
:107B430074111212E5E0A2E04003027D12740412E4
:107B530012E5E064786005E06458701E127411E861
:107B630024FF18E934FFF974021212E5127F63123D
:107B730012E5127EB67430027D11E0646F60030279
:107B83007D1274021212E5127F1764307003027DB6
:107B93001280D474081212E57401F0A3E4F07404A3
:107BA3001212E5E024FEF0EE4F700F7E018012E426
:107BB300F074081212E5E4F0A3F0127E4650047E3E
:107BC300067F0074621212E5127F431212E51274EB
:107BD3006E74061212E5127EB6780C1212837406C6
:107BE3001212E5E02404127EFB1212E5127F7F12CB
:107BF30012E5780C121256908918780812128378BD
:107C03000C7908120CCC502274051212E5742DF075
:107C130074141212E57808121283E50BB2E7F50B20
:107C230074141212E57808121256740A1212E5122D
:107C33007E97741E1212E5E58228F8E58339F974FC
:107C4300021212E512746E740D1212E5E0F5087853
:107C53000812102174091212E5E0F50878081210D1
:107C63002174041212E5120E188E088F0978081277
:107C7300101D740A1212E5E0F9741A1212E51212B9
:107C8300BA122528740612103074121212E5127FEC
:107C930051740E1212E5E0607674051212E5E0608D
:107CA30004D2F08002C2F0740A1212E5127E5974F3
:107CB300121212E5C082C08374021212E5127E977B
:107CC300D083D082E0C398F8A3E099F9C3E89EE992
:107CD300127EA9503A74021212E5127EB01212E516
:107CE300127F631212E5127EC380C4851882851940
:107CF30083127E7012746774021212E5744BF0A340
:107D03007411F074121212E5744EF0A37411F0742E
:107D1300121212E5C082C08374021212E5127E971A
:107D2300D083D082E0C398FEA3E099FF740A1212B5
:107D3300E5127EA0500A74081212E5E4F0A3803025
:107D430074051212E5E06004D2F08002C2F0740AF6
:107D53001212E5E0C39EF8A3E09FF9A2F0E433FA20
:107D6300E89AF8E99400F974081212E5E8F0A3E937
:107D7300F0740C1212E5E0702B801974601212E596
:107D8300127E8D1212E5127EB61226E3740F1212C2
:107D9300E5127FA574081212E5127F571212E5123D
:107DA300744450D774051212E5E0605074601212E7
:107DB300E5127E8774051212E5E0F974181212E5D4
:107DC300127EB61226E3802C74601212E5127E87AF
:107DD30074021212E5127ED0F974181212E5127EA3
:107DE300B61226E374021212E5127E79740212129D
:107DF300E512746E740F1212E5127FA5EE24FF1EB6
:107E0300EF34FFFFC3127E4850BE740C1212E5E03C
:107E130070030274E274081212E5127F571212E51E
:107E230012744450030274E274601212E5127E8DE0
:107E33001212E5127EB61226E3740F1212E5127FB8
:107E4300A580D2C3EF9400A2D265D03322E02401EF
:107E5300F0A3E0340022A2F0E433F8E098FEA3E0BC
:107E63009400FF22127E6B22127E70F922E024FF1F
:107E7300F8A3E034FF22E0127E7E222401F8A3E07F
:107E83003400F922E0FAA3E0FB22E0FAA3E0FB7955
:107E930020741822127EEC22127EECE822C3E09EAC
:107EA300A3E0127EA9229FA2D265D03322127E6B59
:107EB300740222127EBA22E0F8A3E0F583888222BC
:107EC300127EBA7430F022851882851983127ED40B
:107ED30022127EF2E022127ED4F50822127EECC337
:107EE300E498F8E49922127EF2E0F8A3E0F922E0A4
:107EF300F8A3E0F583888222F8A3E03400F97462E2
:107F030022127F0822E0FAA3E0F5838A82228518F1
:107F130082851983127F08E022127F08E0FAA3E02A
:107F230022127ED4127EBB22127ED42402F8A3E056
:107F33003400F9746222127EE9E8FAE9FB74142230
:107F4300127EE9740622E0FCA3E0F5838C82EAF05A
:107F5300A3EBF022E024FFF0A3E034FFF074082247
:107F6300E8F0A3E9F074022212748FF8A3E022EA86
:107F7300F0A3EBF0A3E4F0A3F0740622127F08E869
:107F8300F0A3E9F0741422851882851983E0240193
:107F930008127FBDE8F0A3E9F074042285188285F6
:107FA3001983E02401F0A3E03400F02212748B243F
:107FB30001F8127FBDE8F0A3E922A3E03400F985BC
:107FC30018828519832274F7120A63EAF8EBF980A1
:107FD30005A3AA82AB838A828B83E070F48C828DA3
:107FE30083E0A3AC82AD838A828B83F0A3AA82ABA6
:0C7FF3008370EAE8FAE9FB7F01020D1838
:020000040001F9
:108000000000000000000000000000000000000070
:10801000000000F800000000000000333000000005
:1080200000100C06100C060000000000000000000C
:1080300040C07840C0784000043F04043F0404007E
:10804000007088FC08300000001820FF211E00008E
:10805000F008F000E018000000211C031E211E00A3
:1080600000F00888700000001E2123241927211029
:1080700010160E00000000000000000000000000CC
:10808000000000E018040200000000071820400073
:1080900000020418E0000000004020180700000063
:1080A000404080F0804040000202010F01020200C7
:1080B000000000F0000000000101011F01010100AB
:1080C000000000000000000080B070000000000010
:1080D0000000000000000000000101010101010199
:1080E0000000000000000000003030000000000030
:1080F0000000000080601804006018060100000005
:1081000000E010080810E000000F102020100F0001
:10811000001010F8000000000020203F2020000088
:1081200000700808088870000030282422213000E0
:1081300000300888884830000018202020110E00E8
:108140000000C02010F8000000070424243F240091
:1081500000F80888880808000019212020110E0066
:1081600000E0108888180000000F112020110E0078
:1081700000380808C83808000000003F0000000070
:108180000070880808887000001C222121221C0031
:1081900000E010080810E0000000312222110F005A
:1081A000000000C0C00000000000003030000000EF
:1081B000000000800000000000008060000000005F
:1081C0000000804020100800000102040810200078
:1081D00040404040404040000404040404040400C3
:1081E0000008102040800000002010080402010058
:1081F000007048080808F000000000303601000058
:10820000C030C828E810E0000718272423140B000A
:108210000000C038E0000000203C23020227382084
:1082200008F8888888700000203F202020110E0068
:10823000C03008080808380007182020201008005F
:1082400008F808080810E000203F202020100F0048
:1082500008F88888E8081000203F20202320180014
:1082600008F88888E8081000203F2000030000007C
:10827000C03008080838000007182020221E02001D
:1082800008F808000008F808203F210101213F20DC
:10829000000808F8080800000020203F2020000007
:1082A00000000808F8080800C08080807F000000F7
:1082B00008F888C028180800203F20012638200030
:1082C00008F8080000000000203F20202020300097
:1082D00008F8F800F8F80800203F003F003F2000B1
:1082E00008F830C00008F808203F200007183F00B9
:1082F000E01008080810E0000F10202020100F00E8
:1083000008F808080808F000203F210101010000DA
:10831000E01008080810E0000F18242438504F001F
:1083200008F8888888887000203F2000030C3020DF
:1083300000708808080838000038202121221C001D
:10834000180808F8080818000000203F2000000066
:1083500008F808000008F808001F202020201F004F
:108360000878880000C83808000007380E010000AF
:10837000F80800F80008F800033C0700073C030079
:10838000081868808068180820302C03032C3020DF
:108390000838C800C83808000000203F200000004E
:1083A00010080808C83808002038262120201800A6
:1083B000000000FE020202000000007F404040007A
:1083C000000C30C000000000000000010638C000B2
:1083D00000020202FE000000004040407F0000005A
:1083E000000004020202040000000000000000007F
:1083F000000000000000000080808080808080807D
:108400000002020400000000000000000000000064
:1084100000008080808000000019242222223F205A
:1084200008F8008080000000003F112020110E009D
:108430000000008080800000000E1120202011002C
:10844000000000808088F800000E112020103F20DE
:108450000000808080800000001F22222222130062
:10846000008080F0888888180020203F20200000AD
:108470000000808080808000006B94949493600062
:1084800008F8008080800000203F210000203F206D
:1084900000809898000000000020203F202000006D
:1084A000000000809898000000C08080807F00005D
:1084B00008F8000080808000203F24022D3020003A
:1084C000000808F8000000000020203F20200000E5
:1084D0008080808080808000203F20003F20003FFF
:1084E0008080008080800000203F210000203F200D
:1084F0000000808080800000001F202020201F00BE
:10850000808000808000000080FFA12020110E00EC
:108510000000008080808000000E112020A0FF80DD
:10852000808080008080800020203F21200001008A
:1085300000008080808080000033242424241900DF
:10854000008080E0808000000000001F20200000EC
:108550008080000000808000001F202020103F202D
:10856000808080000080808000010E3008060100BD
:1085700080800080008080800F300C030C300F0062
:1085800000808000808080000020312E0E3120008D
:10859000808080000080808080818E7018060100BD
:1085A00000808080808080000021302C22213000DB
:1085B00000000000807C020200000000003F4040FC
:1085C00000000000FF00000000000000FF000000AD
:1085D0000002027C800000000040403F00000000DC
:1085E0000006010102020404000000000000000077
:1085F000648900000000000000000000000000008E
:10860000000000000000000000000000000000006A
:108610000000618910218670007E4A4A4A4A4A7EDB
:108620000000000002FE01407F41417F41417F4147
:10863000417F40005E890000FC042424FCA5A6A420
:10864000FC242424040080601F808042462A1212E9
:108650002A2642C040005B890000000000000000A4
:10866000000000000000000000003636000000009E
:1086700000000000000000005889106002CC0000DB
:108680003E2AAA2AAA2A3E0000000808FE0140420B
:108690004C407F407F484442400052894040424421
:1086A00058C0407F40C05048464040008080402035
:1086B00018070000003F4040404078004F8900FE0E
:1086C000424242FE0042A29E82A2C2BE0000806FD1
:1086D000080828CF00002FC8080828CF00004C89C0
:1086E00020202020202020FF2020202020202000CB
:1086F00080804020100C0300030C1020408080007C
:108700004689000000E0000000FF000000204080DB
:108710000000080403000040807F0000000000010A
:108720000E00438940404242424242FE424242429F
:1087300042404000000000000040807F0000000038
:10874000000000004089101010FF109000FE82828F
:108750008292A29E00000444827F010000FF8043B9
:108760002C102C438000558912EAAFAAEA0FFA02B6
:10877000888C5724548C84000202EAAAAAABAAABC4
:10878000AAAAAAAAEA020200000000000000000053
:108790000000000000000000000000004E4D2D65AC
:1087A0006E65726779206E6F7420757000546578FD
:1087B0006173496E737472756D656E747300537472
:1087C00061727444657669636520455252006C1A83
:1087D0006815C020C0265E25501E461F321E5273EB
:1087E00070204E6F6E204D617463686564004F7237
:1087F0007068616E20526573706F6E7365004173AF
:10880000736F6320436E66206661696C004D61740E
:108810006368204465736320526571004173736F10
:108820006320527370206661696C005A6967426503
:108830006520436F6F726400456E65726779204CE6
:108840006576656C004D4F444520756E6B6E6F7795
:108850006E004E6574776F726B2049443A004E6F1C
:108860006E204D617463686564005363616E2046D9
:1088700061696C6564000B050F010000021C890230
:108880001C894173736F6320436E66005426483A17
:1088900025642025640000000000000000000000A6
:1088A00000000000000000000000000000000000C8
:1088B000000000005273702053656E7400FFFFFFCC
:1088C000FFFFFFFFFF506172656E743A0000000009
:1088D0000000000000FFFFFFFFFFFFFFFF53756375
:1088E0006365737300526F757465723A004661690F
:1088F0006C656400494545453A200082003A003BDA
:108900000053656E740005080500010000000000BA
:108910000100000030000000000000000100020023
:1089200000F8FF07000000FF00E1F5051027000038
:1089300000000C00FEFFFFFF640000000058000074
:10894000B1A800D3DA00D0A1000D0A00B4F300D51D
:10895000D500B9E200BEAF00CAAA00A3BA00B6C8EB
:1089600000CEC2002020003A200030000874F71228
:108970000A63E99003C2F0900377E4F01224629056
:1089800003D6E4F0A3F09003C3F0A3F01217F6129D
:108990001310121454122468900339E4F0A3F090D9
:1089A0002AE793FA79021224D402D19474F2120ABB
:1089B00063EAFEEBFF548060699003C2E0F9121C89
:1089C000B28A088B09EA4509604F7C0080010CECF3
:1089D00075F003A4F8A9F074BF28F582742939F55D
:1089E00083E493F4602CE493F88508828B83E06839
:1089F00070DCAA08EC75F003A4F874C028F5827442
:108A00002939F583E493C0E0740193F583D0821291
:108A100026E3AA08AB09121CA6EEFAEF6480FB025B
:108A20008BE5EF5420601D12166A8A088B09EA450F
:108A300009600A12159EAA08AB09121CA6EEFAEFED
:108A4000642080DAEE54207003028B26750C00122D
:108A5000B0A58B09EA4509700B7C027D007A207B6A
:108A60000012DA5E7C0079047A007B001216348AE8
:108A7000088B098018850882850983A3A3A3A3A373
:108A8000A3A3A3A37401F0850A08850B09E5084593
:108A900009606D7C007904AA08AB091216348A0AB1
:108AA0008B0B750C01E5082404F8E50912AE30249F
:108AB000FFF0A3E034FF12E9F970CC850882850944
:108AC00083A3A3A3A3A3A3A3A3A3A3E0640170A56B
:108AD000850882850983A3A3A3A3A3A3E0540470FC
:108AE00094850882850983A3A3A3A3A3A3A3A3A317
:108AF0007406F07AB7850882850983128D4D8087C8
:108B00001216047C0079017A007B001216348B095E
:108B1000EA45097009E50C70057A20128BE8EE64CD
:108B200020FAEF028A1EEE54106008121490EE64D0
:108B30001080EEEE5440600812150EEE644080E1A5
:108B4000EE5480600812139AEE648080D4EF5401D2
:108B500060169003F512B455600612C4D41226E3D1
:108B6000EEFAEF6401028A1EEF5408602E121460C0
:108B700090067BE06401701B90067CE06015FC753C
:108B8000F0E8A4CCA8F075F003A428FD7A007B08D7
:108B900012DA5EEEFAEF6408028A1EEF54106013D8
:108BA0009003D4E06005E4F0121460EEFAEF641074
:108BB000028A1EEF5402600B1217C0EEFAEF640235
:108BC000028A1EEF5404601912C90712C772790194
:108BD00090037512CFFF1213F4EEFAEF6404028AC9
:108BE0001E7A007B00028F6C7B009003C2E0F912BA
:108BF0001DE42274F7120A6374E11210AEEAFEEB70
:108C0000FFEE4F6033851882851983AC82AD8312E5
:108C1000169A74061212E5E0601E74171212E5E04F
:108C2000FD74011212E5E0FCEEFAEFFB790012256B
:108C300034E9600479A48002790002D18F74F612BD
:108C40000A63EAFEEBFF8E828F83A3A3A3A3A3A3F1
:108C5000E05440601312D565128F4760067AFF7B9F
:108C6000FF8070128D2F8061900362E0A2E1505668
:108C70008E828F83E0241C12AE3F12E921E0FA8835
:108C800082898312CC85E0F9EA2400FCE439FD8E68
:108C9000828F83A3A3A3A3A3A3A3E05410600479AA
:108CA00040800279007508FE7509FF780812101DD2
:108CB000EE240E128D28120E18128D2F12146674C7
:108CC0000412103080031216BE74FE6A700374FF23
:108CD0006B604112D56512CE8712173CE98E828FE8
:108CE000836006128D3BE48005128D3B7401F07C9D
:108CF0006E7D158E828F8312CFFF1224CEE9F50888
:108D00007015EE4F60097901EEFAEFFB121610A90B
:108D10000802C5307508CDAA088E828F83128D4D4A
:108D2000E960DF80EAEE240BF582EF12B386228E33
:108D3000828F8312B359FAA3E0FB22E0240D128D37
:108D40004222128D4622F8A3E012BC1B22E0240C22
:108D500012AE43F912157A2274F6120A63E9FEEA9A
:108D6000FF7A0F7B00121CA0EA4B60198A828B836A
:108D7000740CF0EEA3A3F0EF8A828B83A3F012C7EA
:108D80005B7900802FEEF912163A8A088B09A80841
:108D9000A909E849601C88828983A3A3A3A3A3A38C
:108DA000A3A3A3740612E482E0F9121520EEF912CF
:108DB0001616791002C530EAFCEBFD7A017B0090B3
:108DC00003C2E0F9121DD822C082C083790090034B
:108DD00062E0A2E1EA501112B335120EC901010A94
:108DE000E58D00FA8D09801212B33524FD60F6146A
:108DF00060F324FD60EF24FD60EB02C0D774F21233
:108E00000A63EAFEEBFF8C088D09890A740E1212C0
:108E1000E512BA17850C82F583E4F0A3F0128F2BCC
:108E20006017128F5470128E828F8312B4C8850C13
:108E300082850D8312C7728003750A00128F25EF99
:108E400012B33914602414603914605D1460651421
:108E5000603E14607F24FE7003028EEE14700302E5
:108E60008F02147003028F158035780C12101DAC20
:108E700008AD09EEFAEFFB121478740212103002FA
:108E80008F1EAC08AD09EEFAEFFB12147E028F21A3
:108E9000128F3A700AEEFAEFFB1214C6028F217598
:108EA0000A0079011224748078A90AEEFAEFFB1205
:108EB000177E806A12A018640270E4E50A700A1234
:108EC000D91D7003A3E0697058EEFAEFFBA90A12EE
:108ED000170C804A12D91D7003A3E06970C112A05B
:108EE00018640270BAEEFAEFFB1216F480339003A6
:108EF000F712B455602BEEFAEFFB12C4D41226E33E
:108F0000801F12D91D7003A3E0697093EEFAEFFB86
:108F100012178A800CEEFAEFFBA90A121796E9F5F0
:108F20000AA90A8047EE241DF58222EE241D12B301
:108F30008312B359F912171EE9228E828F83A3A3DD
:108F4000A3A3A3A3A3A3A3128F4B2212AE57FB127A
:108F5000173CE9228E828F83A3A3A3A3A3A3A3A379
:108F6000A3128F4B64022274031210307F06020D8D
:108F70001874F4120A6374DE1210AE8A088B098A20
:108F8000828B83A3A3E0F912163A8A0A8B0BAE0AEE
:108F9000AF0BEE4F7003029076850882850983A39C
:108FA000E064F16033850882850983A3E064CD60C5
:108FB00027850882850983A3E0641A601B850882DF
:108FC000850983A3E064E9600F850882850983A38E
:108FD000E064E160030291138E828F83A3A3A3A3B5
:108FE000A3A3A3E05408700302907E8E828F83A314
:108FF000A3A3A3A3A3A3A3A37405F09003FB12B49C
:1090000055600612C4D41226E39003FD12B45560D5
:1090100036900362E0A2E1502E8E828F831291D8A7
:10902000A3A3A3A3A3A3A312B19C88828983129CA8
:1090300049EA4B6012850882850983A3E0F9900311
:10904000FD12D5691226E38E828F83A3A3A3A3A367
:10905000A3A3A3A3E0640270108E828F83A3A3A3B3
:10906000A3A3A3A3A3A37406F0850882850983A301
:10907000A3E0F9121616121604742202A97D7900D3
:10908000121610E97003029113900362E0A2E1400E
:1090900003028FFB12B44B7003028FFB8E828F830F
:1090A00012CFFF74031212E512D6D3850882850908
:1090B00083A3E064E9701B1291E4121021850882F9
:1090C000850983A3E0F50A780A12102112A465121B
:1090D0001030740C1212E51291CE12E91112C772FF
:1090E00074081212E5E06004794080027900740E81
:1090F0001212E512B19C740C1212E5129C4170031D
:10910000028FFB8E828F83A3A3A3A3A3A3E044209B
:10911000028FFA850882850983A3E0C0E0740212F9
:1091200012E5D0E012B876EEF0A3EF12A484851811
:1091300082851983AA82AB8370051213D68003122D
:10914000171874021212E5E064E970141291E41227
:109150001021750AE9780A12102112A46512103044
:10916000900362E0A2E140030290478E828F83A3C6
:10917000A3A3A3A3A3A3A3A3E0640270388E828F4A
:1091800083A3A3A3A3A3A3E05404602912D565126B
:109190008F478E828F83700F12D56974FFF0A312F0
:1091A000AE6F7405029068A3A3A3A3A3A3A3A3A374
:1091B0007403029068850882850983A3E064E960EE
:1091C00003029047EEFAEFFB12179C029047E0F87B
:1091D000A3E0F98E828F8322E0F8A3E0F9888289E8
:1091E00083A3A3228E828F8312B45AFAE9FB750AF5
:1091F00001780A2274F4120A63EAFEEBFF75080094
:109200007509008E828F83A3A3A3A3A3E060427598
:1092100008088E828F83A3A3A3A3A3A3A3A312B73B
:10922000988B0BEA450B601075082C8E828F83A3F8
:10923000A3A3A3A3E0D2E0F08E828F83A3A3A3A372
:10924000A3E05403640160030292F1430811029207
:10925000F1EE241812A01B6044EE241A12A01B7019
:109260001D12D91D7003A3E06970067508220292D1
:10927000F1900377E0640470787509018073EE243F
:109280001BF582EF129310241AF582EF12A675EEE9
:1092900024191293081214D8E9705680DC128F54E6
:1092A000700375080112D91D7003A3E0697006E50B
:1092B00008D2E1F508E50860158E828F83A3A3E04C
:1092C0007006E508D2E58004E508D2E6F508128FBD
:1092D0003A64017006E508D2E0F5088E828F83A318
:1092E000A3E0600D128F2B64016006E508C2E0F573
:1092F00008E508A2E1400CE509A2E04006E508D235
:10930000E7F508A90802A980F582EF12D6F3F92241
:10931000340012931622F58312B1A4EE22C082C04B
:109320008379018A828B83A3A3E0C394024001194D
:109330008A828B83A3A3A3A3E0C394024002790093
:109340008A828B83A3A3A3A3A3A3A3A3A3E064F80C
:109350007003A3E0F460458A828B83A3A3A3A3A335
:10936000A3A3A3A3E064F97003A3E0F4602E8A82B0
:109370008B83A3A3A3A3A3A3A3A3A3E064FA700373
:10938000A3E0F460178A828B83A3A3A3A3A3A3A360
:10939000A3A3E064FB7003A3E0F4700279008A8267
:1093A0008B83A3A3A3E0F8900365E06860027900D3
:1093B00002C0D774EC120A6374CF1210AEEAFEEB4F
:1093C000FF74031212E512A03075100075110074BD
:1093D000051212E5AC82AD838E828F83A3A3A31204
:1093E00091D012CFFD12169AE9600F74051212E5A2
:1093F000AA82AB83121598E97008790112247402CD
:109400009A32EE241B128D2812B4D174121212E576
:1094100012C772740B1212E5E06021741C1212E57F
:10942000E0FD74061212E5E0FC8E828F8312CFFD00
:109430007901122534E96004790280C074051212A2
:10944000E5AA82AB83121592E9F509740B1212E5B5
:10945000E0702A90035FE060247422550964226062
:109460001C74425509644270CF74221212E5129C9A
:1094700056600A74221212E5129C6270BBE9A2E6E1
:10948000503C74051212E5AA82AB83121580E97074
:10949000030293FA74221212E5129C50700C74228B
:1094A0001212E512CB54640D601474051212E5AA71
:1094B00082AB83121772E964017003029A32EE24C0
:1094C0002C128D2812A2A17003A3E069701C7508EC
:1094D0000078081210217808121021EE242E129321
:1094E00008129C7012A47B121030740B1212E5E06B
:1094F000700302959D129C70129C498A0A8B0BEA9C
:10950000450B700302962A74061212E5E0F88E826B
:109510008F83A3A3E028F8A3E03400F9E8240D1218
:109520009C398A828B83A3A3A3E068601CE88A82AB
:109530008B83A3A3A3F09089181212BA850A82859F
:109540000B83A3A3A3A31212AE790474061212E52F
:1095500012D6442AF8A3E034008882F583A3AA82B5
:10956000AB83121C8E8A0C8B0D8C0E8D0F850A829C
:10957000850B83A3A3A3A3780C120F7F4003029A49
:1095800032908910780C12116B850A82850B83A3A7
:10959000A312DD5BF0A3E50EF0A3E50FF0900362EC
:1095A000E0A2E150030296C4900377E064046008EF
:1095B000E064096003029A32E509A2E540030296DD
:1095C0006C129CA2C0E074011212E5D0E0129C9AC9
:1095D000C0E074021212E5D0E0F074161212E5E059
:1095E0006401702074101212E5129C817003A3E0D4
:1095F000697011740E1212E5128F617007741612E1
:1096000012E5E4F0EE2424128D28120E14740412D4
:1096100012E5AC82AD8374091212E5AA82AB831203
:1096200013DC7404121030029A329003BCE064011F
:10963000600302959D74221212E5129C567009E592
:1096400009A2E6500302959D74121212E5E0F4702F
:1096500003A3E0F47003029A32EEFCEFFD740512EE
:1096600012E5AA82AB831215A4029A32A2E6400345
:10967000029A3274221212E512CC92701E741C12DD
:1096800012E5E064026003029A3274051212E5AA40
:1096900082AB83790012170C029A3274221212E5FF
:1096A000129C626003029A32741C1212E5E0640498
:1096B0006003029A3274051212E5AA82AB83121774
:1096C00000029A3274161212E5E0602212BC1212E5
:1096D000E9191412AE6AF8A312C4D4A3A3A3A3A3D6
:1096E000A3E0C0E074161212E5D0E0F07006E509C0
:1096F000C2E7F509E509A2E35061751110A2E25035
:1097000018740A1212E5E054E3F0740A1212E5E04C
:10971000131313541FF8E0802CA2E4502A740A1289
:1097200012E5E01313543F5407F8600974076860AA
:109730000B18E87007C3E509C2E7F509E8333354AD
:10974000FCF8E054E348F0740A1212E5E0C0E08E41
:10975000828F83A3A312AF47D0E0F0900377E06439
:10976000046005E064097068740E1212E512D92ACB
:109770007003A3E0696019740E1212E5128F616024
:109780000F740A1212E5E0540364016003029A3276
:1097900074071212E5E0701B129CA2C0E074011263
:1097A00012E5D0E0129C9AC0E074021212E5D0E0FB
:1097B00002960374221212E512CC92700302967D77
:1097C00074221212E5129C626003029A320296A879
:1097D000750800746155097003029A37E509A2E023
:1097E000507512B19674051212E5AA82AB83121558
:1097F00014E970601216CAE9F50874161212E5E051
:10980000700F74101212E5129C817003A3E069605E
:109810004612B19474051212E5AA82AB8312151A8E
:10982000E96026E509A2E3500B74031212E574FF08
:10983000F0A3800F740E1212E5129C5C1212E5E880
:10984000F0A3E9F0751004800EE509C2E5F509758D
:109850000800800353099FE509A2E5503C129CA231
:10986000C0E074011212E5D0E0129C9AC0E07402CC
:109870001212E5D0E0F0EE2424128D28120E14749A
:10988000041212E5AC82AD8374091212E5AA82AB10
:10989000831213DC7404121030E509A2E6503B7405
:1098A000031212E585820A85830B780A12101D12B5
:1098B000B19474071212E5AA82AB83121586740262
:1098C000121030E9F508601274221212E512B33C4E
:1098D0006401700674104510F51074031212E5E06F
:1098E00064FE7003A3E0F4700375080090067EE048
:1098F00064016003029993EE241212A01BF470031A
:10990000A3E0F47003029993740E1212E5C3E0947D
:10991000F9A3E094FF507CEE2412128D2812B4D1EA
:1099200074101212E5E0687003A3E06960657410BA
:109930001212E512A96A8A0A8B0BA80AA90BE84938
:10994000605188828983A3A3A3A3E06401600D888A
:10995000828983A3A3A3A3E0640270377424121244
:10996000E5740112DD4EF8A3E0F9742F1212E5122E
:10997000C77274241212E5AA82AB831212FEE96048
:109980001274271212E5AA82AB83121352E9600304
:10999000121F22E509A2E74003029A32E50870038C
:1099A000029A328E828F83A3A3A3A312BC238A0AB6
:1099B0008B0BEA450B607BEE2404F512EF3400F5C7
:1099C000138E828F83A3129C8C12101985128285AC
:1099D0001383E0FC7D0012BFAD1210307407121229
:1099E000E5129CB274011212E5E4F012B87585829A
:1099F0000C85830D780C12101D781012101D78083C
:109A0000121021EE2412128D28120E188512828552
:109A10001383E0F9740A1212E512B19CAA0AAB0B87
:109A20001216827407121030E96007AA0AAB0B12F3
:109A30001D2A743102C4D874071212E5E064017063
:109A40003474221212E512B33C64057028740312B8
:109A500012E5858208858309780812101D790012A5
:109A6000B19674071212E5AA82AB831215867402AE
:109A700012103080BD74161212E5E0700F742212BD
:109A800012E5129C50600302965980A612160AE94C
:109A900070A0741D1212E5E07003029B7474201212
:109AA00012E512B19C741F1212E5E0FA741E121234
:109AB000E5E0F91214D8E97003029B52741F1212E8
:109AC000E5E0701F740E1212E5129C5C1212E51292
:109AD000C77274031212E512A96A8B0BEA450B7068
:109AE00068806374201212E512CFFF741F1212E512
:109AF000E0F91214D274031212E512CE87740D121B
:109B000012E5E06004780880027800E82408FA741E
:109B10000C1212E5E06004780880027800E82AFA66
:109B2000740A1212E5E06004780180027800E8040B
:109B30002AF88E828F83A3A3E028FAA3E034008A58
:109B400082F583E014F07510401216CAE9F5080298
:109B500098DA7808121021790B740F1212E512B1FD
:109B60009C74111212E512CFFF12177874011210B3
:109B700030029A32740E1212E5129C5C1212E51237
:109B8000C772E509A2E3500474408001E4F5087847
:109B900008121021741E1212E5AC82AD83740F12EC
:109BA00012E512CFFF740A1212E5E0F9121544749F
:109BB00001121030E9600F7510208E828F83A3A3ED
:109BC00012B33C543FF0741D1212E5E06022740E93
:109BD0001212E512B19C741E1212E5AA82AB831216
:109BE000169474031212E512CE8774404510F510D6
:109BF00074071212E5E06401601579007410121206
:109C0000E512B19C740E1212E512CFFF1214DEE5BC
:109C100009A2E3500479408002790074101212E521
:109C200012B19C740E1212E5129C417003029B4902
:109C300074204510F510029B49F582E912D6F3F81D
:109C400022129D4B121472E922129D4B12182622E9
:109C500012B35964032212B35964062212B89274E3
:109C60000322129C69E0640722A3E0F58388822224
:109C7000EE242AF582EF3400129316241212B383D5
:109C80002212B892EE241212D6F06822A3E0F50C4C
:109C9000A3E0F50D750E00780C22F0EE243012D6FC
:109CA000F022EE242E12B383129CB2EE242F12D691
:109CB000F022E0851882851983F02274F4120A6379
:109CC000EAFEEBFF8C088D0990067BE0600F12D94D
:109CD0001D7003A3E0697005121460804F790012B3
:109CE000CFF21215328A828B83E58245836035A3D9
:109CF000A3A3A3A3A3E05418602AE508241BF582BC
:109D0000E509128D2B120E1812AB11128D2B120EAB
:109D100018EE2418129308129D2F12155074041275
:109D2000103080087900129D2F12148A02A9808EAB
:109D3000828F83A3A3A3A3A3A3A3A3A31293181205
:109D4000E009EF129D47223400F58312AE57FB2243
:109D500074F0120A6374EA1210AE8A0A8B0BEA24BA
:109D600002F50EEB3400F50F0A0AFB1213468A08BF
:109D70008B09AE08AF09750801850A82850B83A39C
:109D8000E0F50C750901AC0EAD0F851882851983BD
:109D9000AA82AB8312248C74081212E512A03074CC
:109DA0000A1212E57402F074131212E5E4F0901036
:109DB000C2E0700EEE4F700AE50C70067508C30223
:109DC0009F5E900377E0640860067508C2029F5AA0
:109DD000850A82850B83A3A3A3A3A3A3A3A3A3A301
:109DE000E0A2E1500EA2E35005750904800C75094C
:109DF000038007A2E35003750902EE4F7003029E31
:109E0000878E828F83A3A3A3A3E06404600D8E8258
:109E10008F83A3A3A3A3E06403700C74046509609B
:109E20002C7403650960268E828F83A3A3A3A3E00D
:109E30006402600D8E828F83A3A3A3A3E0640170EC
:109E40002874026509600674016509700F8E828F9F
:109E50008312A7CC1212E512C772802B8E828F83D9
:109E6000A3A3A3A3E06402600D8E828F83A3A3A3A8
:109E7000A3E06401700A8E828F8312A9711226E317
:109E800012A0227E007F0074081212E5E064FE70CA
:109E900003A3E0F4704212130AE9703CE50C60176A
:109EA0009003B4E06402700F9010C912A7CC121294
:109EB000E5E8F0A3E98020850A82850B83A3A3A3AC
:109EC000A3A3A3A3A3A3A3E05402F912149C7408B0
:109ED0001212E5EAF0A3EBF074081212E5E064FE5A
:109EE0007003A3E0F470057508C7806EE50CF50DEE
:109EF000780D121021850A82850B83A3A3A3A3A347
:109F0000A3A3A3A3A3E0F912A00D74091212E512F2
:109F1000CFFF1213FA7401121030E9703DA9091233
:109F2000A00D74081212E512A1168A0E8B0FAE0E48
:109F3000AF0FEE4F601C7402650C700BEE2405121F
:109F4000A01B54FB4408F0740A1212E5E4F0F50873
:109F5000800874081212E512A030E50C700F851805
:109F600082851983AA82AB831224B08010FCA909D0
:109F7000851882851983AA82AB831216FAE9F8EE56
:109F80004F6053E50C60208E828F83A3A3A3A3A30D
:109F9000E0D2E6F07402650C700D8E828F83A3A36D
:109FA000A3A3A3E0D2E5F0850A82850B83A3A3A334
:109FB000A3A3A3A3A3A3A3E0A2E6500D8E828F8345
:109FC000A3A3A3A3A3E0D2E7F08E828F83A3A3A3CE
:109FD000A3A3A3E004F0E5087003E8602BFC7D0078
:109FE0007A017B1012246EEE4F600312A0227408D7
:109FF0001212E5E064FE7003A3E0F4600B74081233
:10A0000012E512A9711226E3741602D4AAE50A24F5
:10A0100002FCE50B3400FD22EE2417F582EF12D688
:10A02000F322E50A2402FAE50B3400FB1213522254
:10A0300074FEF0A304F02274F7120A6374F712108E
:10A04000AEEAFEEBFF900377E06403600DE064018D
:10A050006008E06409600302A1118E828F83A3E08F
:10A06000600302A0F07C007D007A027B0012246E67
:10A07000EE2402FAEF12AE3712CFE712C77279530D
:10A080001224A4790012A11DE06409600312A6FD48
:10A09000851882851983740112C54890037774046A
:10A0A000F074011212E5AA82AB83794A12249E74DD
:10A0B000011212E5AC82AD837A6D7B0312248C9081
:10A0C000036BE064FE7003A3E0F460117900740197
:10A0D0001212E5AC82AD8390036B12A1169003625D
:10A0E000E0A2E35004D2F08002C2F012C535801E17
:10A0F0008E828F83A3AE82AF83FC7D007A037B10B8
:10A1000012246E8E828F83E0F912A11DE4F01215E5
:10A11000E6740902D191129D4B121322229003750D
:10A12000129D4B1213F490037722C082C0839003D8
:10A130003912B455701F900377E014600924FC6055
:10A140000A14600C800F900341803290033D802DF3
:10A1500090033F8028E849600890033A12A45F709A
:10A160000C8A828B83A3E0F91213E2801B90033ADE
:10A1700012ABAD70051217B4800E9003F912B455EE
:10A18000600612C4D41226E302C0D774F4120A6324
:10A1900074FB1210AE8A088B097A0F7B00121CA088
:10A1A0008A0A8B0BAE0AAF0BEE4F700302A2958E9C
:10A1B000828F8312CBFD795012249E8508828509F7
:10A1C00083A3E0600302A27D900375E0F47003A313
:10A1D000E0F46034900375E064FE7003A3E0F46083
:10A1E0002785188285198312A2A17003A3E06960F4
:10A1F00017850882850983A374EA12A6857A757B80
:10A200000379501224A4807585188285198312D988
:10A21000AD12C7727A687B03795312249E9003684B
:10A2200012C84912C7727A6B7B03794B12249E7A4B
:10A230006A7B0379E112249E90037CE0C3940F5063
:10A240002190036AE0C0E074021212E5D0E0F074DD
:10A25000041212E57401F0041212E5AA82AB831213
:10A2600024C8750A00780A121021780A1210219069
:10A27000112AE0F912ABBE12A47B121030850882BD
:10A2800085098312A29AA3F09003777403F0EEFA83
:10A29000EFFB12C75B740502A97DA3E08E828F835A
:10A2A0002212D9B1E0682274F5120A6374D8121030
:10A2B000AE8A088B098A828B83A3A3A312B35E7430
:10A2C000151212E5AC82AD838A828B83A3A3A3A36C
:10A2D000A3A3A312B32512CFFA1215F87415121204
:10A2E000E5E0706B850882850983A3A3A3A3A3A3DC
:10A2F000A3A3E0C3940B40578E828F83A3A3A3A391
:10A30000A3A3A3A3E064027046EE240B12A01BF4E7
:10A31000703D900377E06402603AE0640660359037
:10A32000033912B455600512A45F604F900377E0C3
:10A3300064086005E06404701674171212E5E0F911
:10A34000741C1212E5AC82AD8312CFF21215FE74AA
:10A350002802E71C90033912B455701F7508007865
:10A36000081210217808121021EE2410128D2812E4
:10A37000E02712AF3F12A47B1210308E828F83121F
:10A38000CBF412AE6F12B4D174021212E512C7727E
:10A39000EE240D12A01BC0E074041212E5D0E012EE
:10A3A000A484F508A3E0F509740F780812127474F8
:10A3B000051212E5E508F074191212E5E0C0E07428
:10A3C000061212E5D0E0F0741B1212E5E0C0E07452
:10A3D000071212E5D0E0F074161212E5E0C0E07446
:10A3E000091212E5D0E0F074171212E5E0C0E07433
:10A3F000081212E5D0E0F0EE241012A01BC0E074A9
:10A400000A1212E5D0E0F0741A1212E5E0C0E0740E
:10A410000B1212E5D0E0F074271212E5E0C0E074F0
:10A420000C1212E5D0E0F0741C1212E5A982AA8386
:10A4300089088A09750A0078081210197C087D00BD
:10A4400074101212E5AA82AB8312BFAD12103085D0
:10A450001882851983AA82AB831213EE02A34F12CE
:10A46000ABB3640122E508240CF582E50912B3863A
:10A4700012B32AA3A3A3A3A312D310129D4B1216A7
:10A48000D0740222F012E00812D6F22274F6120AF8
:10A490006374C91210AE9003F312B455600612C46F
:10A4A000D41226E3900377E06408700302A540907D
:10A4B00003B4E06402702C902AC4E493900359F032
:10A4C000902AC4E493900357F09089101212BA9026
:10A4D00003801212AE9089101212BA9003841212E5
:10A4E000AE805D900388E0F8746528F582740B12E5
:10A4F000A675900359F0746628F582740B12930BBD
:10A50000900357F07508FF7509FFEA78081211DD0E
:10A51000E508F4FCE509F4FD3395E0FE90038012B4
:10A52000A67A7508FF7509FFE9C39A78081211DD4C
:10A53000E508F4FCE509F4FD3395E0FEA312A67AE4
:10A54000851882851983E412C55179041224A490D8
:10A550000388E07009741E1212E574018006741EEF
:10A560001212E5E412B876740FF09010C712CBFF08
:10A5700079461224A474011212E5E4F090110EE061
:10A58000C0E074021212E5D0E0F0900365E0C0E094
:10A5900074031212E5D0E0F074041212E5E4F074D2
:10A5A000051212E5E4F074071212E5E4F090038856
:10A5B000E0C3940F500CE0C0E074061212E5D0E046
:10A5C000800774061212E5740FF07C897D0374080D
:10A5D0001212E5AA82AB8312248C7C037D0079FFE2
:10A5E00074101212E5AA82AB831226669003C1E0B2
:10A5F000C0E074131212E5D0E012C6DF740112122B
:10A60000E512C6651216E890037CE0C0E0741C12E7
:10A6100012E5D0E0F090037DE0C0E0741D1212E579
:10A62000D0E0F090036AE0C0E0741A1212E5D0E0C6
:10A63000F090037512B4D174181212E512C7727437
:10A64000201212E5E4F090037FE0C0E0741F1212C4
:10A65000E5D0E0F074341212E5E4F074291212E54A
:10A66000E412A68574141212E5AA82AB831224C2E6
:10A67000743702C52D12D6F3FA22ECF0A3EDF0A345
:10A68000EEF0A3F022F07A687B03795312A69022B1
:10A690001224A47A6B7B03794B1224A422C082C0BB
:10A6A000838A828B83A3E09003776004E4F0804A7E
:10A6B0007408F0900388E0702290034312B4556050
:10A6C00008790012C4D41226E390037512B19C7A63
:10A6D000057B0012246E12A6FD801F79001213E87C
:10A6E00090036812B19C7A067B0012246E90036B73
:10A6F00012B19C7A047B0012246E02C0D7900375BD
:10A70000129D4B1218202274F4120A6374EA12107C
:10A71000AEEAFEEBFFEE24020A0AEF3400FB12134E
:10A72000468A088B09EA4509700302A7C78A828B0B
:10A7300083A3A3A3A3E0640160278A828B83A3A3DE
:10A74000A3A3E06402601A8A828B83A3A3A3A3E07D
:10A750006403600D8A828B83A3A3A3A3E0640470C7
:10A7600066EE2402FCEF3400FD8518828519831201
:10A77000CBE612A7CC1212E512C772740A1212E5C8
:10A780007401F074131212E5E412CBFF1224B6899F
:10A790000AAC0A7D007A077B0012246E8508828548
:10A7A0000983A3A3A3A3A3E0C2E012CA29A3A3A37E
:10A7B000A312A7D212080BE8850882850983A3A3F8
:10A7C000A3A3A3A3A3A3F0741602A97D12B8927445
:10A7D00008227401F012E0362274F2120A6374F84F
:10A7E0001210AEEAFEEBFF8C0A8D0B890C851882E5
:10A7F000851983AC82AD837583887582BD74081218
:10A800000F5EF50DEEFCEFFD851882851983AA8297
:10A81000AB8312CB4F7003750D019003C3803BEEE9
:10A82000FCEFFDE508240BFAE509340012CB4E607D
:10A830001E850882850983A3A3E0650C7011850835
:10A8400082850983E0650A7004A3E0650B6038E542
:10A85000082414F582E509128D2B12AE62E5084535
:10A86000096024E50DA2E040B6850882850983E0F1
:10A87000650A7004A3E0650B70D58508828509839D
:10A88000A3A3E0650C70C8AA08AB097408028F691D
:10A89000C082C0839003C302C0D474F7120A6390CD
:10A8A00003C312AE578012EA2414F582EB128D2BEB
:10A8B00012B35E121D2AEEFAEFFBEA4B70E9900329
:10A8C000C3E4F0A3F002D19474F4120A63EAFEEB3D
:10A8D000FFEE241312A01B6403700DEE240BFAEF9D
:10A8E0003400FB121346800CE06402707812DE0A1A
:10A8F000EF12A9678A088B09E508450960678E820F
:10A900008F83A3E0700F850882850983A3A3A3A387
:10A91000A3A3E4804F64F1600A8E828F83A3E06476
:10A92000E17025850882850983A3A3A3A3A3A3E0DF
:10A930006401701485088285098312A9711226E3C7
:10A94000EE240BFAEF12A029850882850983A3A3C0
:10A95000A3A3A3A3E0600E850882850983A3A3A314
:10A96000A3A3A314F0801912B386129D4B121340B7
:10A9700022129D4B90035112D56D22740312103098
:10A980007F04020D1874F1120A638A088B09ECFE29
:10A99000EDFF890A8A828B8312D4028A828B83120A
:10A9A000A29A12AA438A828B83A3A3E0C454F0FA2A
:10A9B00088828983E04A12AA5312A29A12AA4DE011
:10A9C000333354FCF88E828F83E04812AA4DA3E003
:10A9D00033333354F8F88E828F83E04812AA4385CC
:10A9E00008828B83A3A3A3A3A3A3E0A2E0E4331371
:10A9F00013FA88828983E04AF0E5082407F50CEB16
:10AA000012BFB31210197C0812BFA712103012D552
:10AA1000C7E508240FF50CE5093400F50D780C1294
:10AA200010197C0312BFA7121030E50AC3940F401F
:10AA30000D12AB11128D2B12A29BA3A3A3F07F07C3
:10AA4000020D18F0EEF8EFF9A30EAF832212AA530D
:10AA5000A3A322F08508828B83A3A32274F1120A98
:10AA600063EAFEEBFF890A8C088D098E828F83E0F2
:10AA70008C828D8312B7ADAE82AF83E012C07212AA
:10AA8000BFECC412C07212AB1AE054038C828D83E7
:10AA900012BFEAA2E2E4338C828D8312BFE9131362
:10AAA00013541F12C07212BFE8A2E7E4338C828DE8
:10AAB00083A3A3A3A312AB1A8E0C8F0D750E00787F
:10AAC0000C1210197C087D00E508240712D55912D4
:10AAD000103012D5C78E0C8F0D780C1210197C0314
:10AAE0007D00E508240F12D559121030E50AC394F1
:10AAF0000F40148E828F83A3A3A3E0C0E012AB119A
:10AB0000128D2BD0E0800612AB1112E461F002AA84
:10AB10003EE5082412F582E50922A3A312B7B10E7F
:10AB2000AF832274F4120A6374F91210AEEAFEEBDA
:10AB3000FF890890033912B455600E12ABAD70094D
:10AB4000EEFAEFFB1217AE805F900375E06E7003B4
:10AB5000A3E06F70537401650860097A897B031262
:10AB6000CB4F70447A007B0212B0A98B0BEA450BE5
:10AB700070369003781212BA8518828519831212E2
:10AB8000AE90037EE0C0E074041212E5D0E0F074F1
:10AB9000051212E57401F074061212E512CBFD12D3
:10ABA000138EE9609B121394740702A97D12ABB354
:10ABB000640222129C6AA3A3A3A3A3A3E02290038E
:10ABC0007512B1A090036B22E0F902C0D7EAF0A39E
:10ABD000EBF002C0D774F6120A639003D5E0701B45
:10ABE0007C0079017A007B00121634EA4B600C8AF3
:10ABF000828B8312B455600312157402C530C08273
:10AC0000C08312B091401079FF12162EE9F8902AF5
:10AC1000E4E493C398500479018002790002C0D71C
:10AC200074F0120A638A088B09890B750C008A82FA
:10AC30008B83A3A3A3A3A3A3A3A3E0F912163A8A29
:10AC40000E8B0FAE0EAF0F750A01EE4F600302AD13
:10AC500000850882850983A3A3A3A3A3A312B19CA3
:10AC6000850882850983A3A3A3A3A3A3A312BDA9D7
:10AC700012CFFF1216228A0C8B0DAE0CAF0DEE4FC9
:10AC8000700302AE288E828F83A3A3A3A3E4F0A354
:10AC9000F0E508240B12AE34E0C0E0128D25D0E0C0
:10ACA000F0121748EE240CF582EF12CE83E508244B
:10ACB0000EF582E509128D2B12B4D1EE240EF58229
:10ACC000EF12C76F750C01EE2406F8EF12AE305488
:10ACD0007FF0A3E054FC12AE6A5404600302AD8519
:10ACE00090110712BCFC740778081211DD8E828F58
:10ACF00083A3A3A3A3A3A3E04508F0A3E04509F021
:10AD00008E828F83A3A3A3A312AE60740778081268
:10AD10001274E5085407F508E50B60798E828F837D
:10AD2000A3A3A3A3A3A3A3A3A3740212BFED240D03
:10AD300012AE3FA2E2500B90036312C849A3A312C4
:10AD4000C772E508700302ADF7EE2406F8EF340091
:10AD5000F9E8FAE9FB8A828B83E0547FFCA3E05494
:10AD6000FCFDE50824FFF508E434FFF509740778D5
:10AD7000081211DDEC4508F8ED4509F98A828B834C
:10AD800012C77280728E828F83A3A3A3A3A3A3E0B2
:10AD9000448002ACFFE5087005750A0080598E8278
:10ADA0008F83A3A3A3A3A3A3E054206012121C9A31
:10ADB000EA547F245F8E828F83A3A3A3A380238E74
:10ADC000828F83A3A3A3A3A3A3E05410600A121C41
:10ADD0009AEA540F240A80DD8E828F83A3A3A3A353
:10ADE0007401F0A3E412AE6F740412B0A08B09EAF0
:10ADF0004509700312C50AE50CA2E0502E8E828F21
:10AE000083A3A3A3A312D179F9EEFAEFFB121628BC
:10AE1000E96018EE240C128D2812B455600312AEAE
:10AE200048EEFAEFFB121D2A750A00A90A02D4ADFA
:10AE300012C91B22FAE5093400FB8A828B83221295
:10AE4000AE4322128D46E02212B38012AE4F221280
:10AE5000AE57FB121D2A22E0FAA3E0228E828F83D6
:10AE6000A3A3E0F508A3E0F5092212DD55E02212C4
:10AE7000C77DA3A3A32274F4120A6374F71210AE61
:10AE80007E0012163AEA4B700302AF388A828B8337
:10AE9000A3A3A3A3A3A3A3A3A3E06406600302AF99
:10AEA000388A828B83A3A3A3A3A3A3A3E0FF8A82F0
:10AEB0008B8312AF47E0C0E074081212E5D0E012B5
:10AEC000B35212CB5B12C772121658EF5408606669
:10AED00085188285198312B19C7A007B0012161C9A
:10AEE0008B0BEA450B704F90037512B4D51224E01A
:10AEF0007C007D007A007B0080288E828F8312B3D5
:10AF00003CF47003A3E0F4602D90037512AF3F1280
:10AF1000CFFF1221C2E9641A601C7C007D00EEFAAA
:10AF2000EFFB12161C8A0A8B0BAE0AAF0BEE4F70AA
:10AF3000C979001224E67E01EEF9740902A97D1296
:10AF4000B1A08E828F832212CC89A3A3A322C082B8
:10AF5000C083EA4B70059003D680068A828B83A358
:10AF6000A312B15860258A828B83A3A3A3A3A3A3B2
:10AF7000A3E0540860E5EC4D60158A828B8312B320
:10AF80003C6C7003A3E06D70D280047A007B0002F9
:10AF9000C0D774F2120A63EAFEEBFF890A8C088DAF
:10AFA000097A107B00121D24EA4B60408A828B8351
:10AFB000A3A3A3A3A3A3A3A3A3E412B340A3E50A5B
:10AFC00012D9BFA312E7128A828B83A3A3A3A3E49F
:10AFD000F0A312B34C12AFEF12D809EA240CF58299
:10AFE000EB12E46C12AFEFA3A3F0A3F0028F6CA3FB
:10AFF00012AFF422F08A828B832274F4120A63EA7D
:10B00000FEEBFF89088C0A8D0BEE4F6054740165CE
:10B01000087014790112162EE9F8902AE8E493C317
:10B0200098500F7911806774046508702E12B091E2
:10B0300040F18E828F83A3A3A3A3A3A3A3A3A3E51D
:10B040000812BFD612D5AA8E828F83A3A3E4F0A3E1
:10B05000F09003D612B455601F800D74026508602D
:10B06000D179C18029E0F8A31291DB12B15888820E
:10B070008983A3A370EF80039003D6EEF0A3EF12B1
:10B08000B0A08B0BEA450B700312C50A790002A928
:10B0900080790412162EE9F8902AE5E493C39822E9
:10B0A000F012B0A5227A207B009003C2E0F9121DB5
:10B0B000EA22C082C083E9F879009003D6801D8A15
:10B0C000828B83A3A3A3A3A3A3A3A3A3E068600588
:10B0D00074FF687001098A828B83A3A312B1587030
:10B0E000DE02C0D774F7120A63EA4B70059003D6EC
:10B0F00080068A828B83A3A312B15860248A828B34
:10B1000083A3A3A3A3A3A3A3A3A3E06970E4EC6018
:10B11000148A828B83E0240D12D660A2E240D38091
:10B12000047A007B0002D194C082C0839003D68051
:10B13000068A828B83A3A312B15860128A828B8302
:10B14000A3A3A3A3A3A3A3A3E06970E580047A004B
:10B150007B0002C0D73BF583129D4BEA4B22C08295
:10B16000C0839003D6800688828983A3A312B45536
:10B17000601B88828983E0FCA3E0F5838C82E06A0F
:10B180007003A3E06B70E0E8FAE9FB80047A007BCF
:10B190000002C0D7A908EE241212B38312B1A02274
:10B1A00012B1A422E0FCA3E0FD2274F2120A638A29
:10B1B0000A8B0B8C0C8D0D750800750900EA450B88
:10B1C000602E9003D680068E828F83A3A312B1F7E0
:10B1D000601EAC0CAD0DEEFAEFFB850A82850B8389
:10B1E0001226E3E9640170DFEEF8EFF988088909B7
:10B1F000AA08AB09028F6CE0FEA3E0FFEE4F2279B4
:10B2000000020FE274F7120A639003D612B4D17CE5
:10B21000007D00800BE8FCE9FD8882898312B4CFB1
:10B22000E8496030EA687002EB6970E99003D61271
:10B23000CFFFE86A7002E96B88828983A3A3700854
:10B2400012B4D19003D6800912B4D18C828D83A31D
:10B25000A312C77202D19474F7120A63EAFEEBFFDD
:10B26000EE4F601512165212B36412B455600312F9
:10B27000AE48EEFAEFFB121D2A02D19474F7120ABF
:10B28000638A828B8312B33CFCA3E0FD9003D61249
:10B29000B4D17508007E00803188828983A3A3A37E
:10B2A000A3A3A3A3A3A3E0640570180E88828983D7
:10B2B000E0FFA3E0F5838F82E06C7003A3E06D7084
:10B2C0000205088882898312B4CFE84970CB902A9E
:10B2D000D512E27D5008902AD412E217400F8A82DC
:10B2E0008B83A3A3A3A37401F0A3E4800C90036356
:10B2F000E0F812B325E8F0A3E912B34C740512B3D9
:10B3000040E0440812B352F47003A3E0F4600E90DE
:10B31000037512D3091224DAE9641A70057901124F
:10B3200024E602D194A312B32A22E0F98A828B8305
:10B33000A3A3A3A322128F26EB12B38612B3592222
:10B3400012B3442212D9C7A3A3A3A32212B344A3C6
:10B35000A32212AFF412B3592212D571E022E0FEFB
:10B36000A3E0FF228E828F83E0241C12AE43FAA357
:10B37000E0FB121D2A8E828F8312AE4F12B3802201
:10B38000EE240CF582EF3400F58322C082C083EAFC
:10B39000FCEBFDEC4D700479058046EC24FBF58256
:10B3A000ED34FFF58312B455700712B3E4E0F46096
:10B3B00005121CA680E19003C2E0C0E012B3E4D005
:10B3C000E0F0902AD9E493F97AD87B03121CD6E9ED
:10B3D0006401700B7A007B2012C50E79008002791F
:10B3E0000402C0D7EC24FFF582ED34FFF58322740C
:10B3F000F4120A63A2AFE433F508C2AF9003D81287
:10B40000B1F7603AEE24FBF582EF34FFF58312B416
:10B41000557A007B209003C2600512C5118005E0BB
:10B42000F9121CE2E4F50AF50B780A12101DEEFC85
:10B43000EFFD7AD87B03121CD07402121030E5089D
:10B44000A2E092AFEEFAEFFB02A9808E828F83E03A
:10B45000241C128D4212B45A492212B896E822C016
:10B4600082C08374E11210AEEA2413F582EB12A0BD
:10B470001EC0E074111212E5D0E012B889740912EE
:10B4800012E512B8822404F8EB3400F9E8FCE9FD77
:10B490008C828D8312B4D1740B1212E512B88224FF
:10B4A00014F582EB12A01EC0E074121212E5D0E077
:10B4B000F0EA240EF582EB12930B8C828D8312B48A
:10B4C000D512151A741F801DA3A3A3A3A3A3A3A31E
:10B4D000A312B8922212B1A0851882851983AA827C
:10B4E000AB8322740212103002C0D774F0120A63C8
:10B4F00074FC1210AEEAFEEBFF750B00750A0075C6
:10B5000008FE7509FF12160AE96005791102B78471
:10B51000EE241512A01B603D90111FE0C43354E0CF
:10B52000F8E0333354FC48C0E0EE2415128D28D0E7
:10B53000E012B7AD12B7988B0DEA450D6014750B8C
:10B54000017508FFEE240F12A01B440412C78AD213
:10B55000E0F0750A408E828F83128F456006EE24DC
:10B560001212E469EE241312A01B7010902AE3E477
:10B5700093C0E0EE2413128D28D0E0F08E828F83EA
:10B58000E0A2E750045403801CEE241412A01B70A8
:10B5900015900354E0C0E0EE2414128D28D0E0F0A2
:10B5A000900354E004F0EE241112A01B6401701605
:10B5B000900672E0600D90035FE0700A8E828F83C8
:10B5C000E0700312E466900362E0A2E1504AE50BEA
:10B5D000A2E040188E828F83128F45603B8E828F4F
:10B5E00083E06008EE240B128F2E602CEE240F12E5
:10B5F000A01B54406015EE241312A01B6401700BB5
:10B60000EE240F12A01B54FBF0800DEEFAEFFB129C
:10B610001670E9700302B50B8E828F83E0640170AF
:10B620000E12DE0AEF12B3396402700312B790EE05
:10B63000240F12A01B5440600302B6F1E50BA2E0F8
:10B64000500302B6F1900362E0A2E1400302B6F1BA
:10B65000E50AF50B780B121021EE2406FCEF3400FE
:10B66000FD8E828F8312CFFDEE24121293081215E5
:10B67000447401121030E96009EE241212BFBD12A9
:10B68000B7898E828F83A3A3A3A3A3A3E0603EEE1A
:10B690002402F50CEF3400F50D850C821293122470
:10B6A00007FAEF3400FB1216948A088B09850C8286
:10B6B000850D83E065087004A3E06509700C8E8237
:10B6C0008F83A3A3A3A3A3A3E4F012B7908E828FCA
:10B6D00083E064016008A90A12B7A21214DEA90A65
:10B6E0008E828F8312B7A2121472E96004EE12B731
:10B6F00089851882851983AC82AD83EEFAEFFB123F
:10B7000016888A0A8B0B74FE6508700474FF65093D
:10B71000700312AE5CEA450B60668E828F83E0C0D8
:10B72000E074011212E5D0E0F074021212E512D8B2
:10B730000974011212E585820C85830D780C1210B4
:10B740001DEE240F128D28120E18EE240E12A01BCF
:10B75000F50C780C121021900368120E1874071261
:10B7600012E5E0F9AC08AD09121682740712103028
:10B77000E9FE74106E700BAA0AAB0B121D2A800230
:10B780007E10EEF9740402D4AA12D6EE4420F02200
:10B79000EE12D6EE4440F022A3129D4B79FF122503
:10B7A0005822A3A3A3A312D185129D4B2212B7B195
:10B7B00022F08E828F83A322C082C08374DE121097
:10B7C000AE8A828B8312B4CD740E1212E5E8F0A318
:10B7D000E912B889740C1212E512B882240DF582B0
:10B7E000EB12A01EC0E0741A1212E5D0E0F0EA12CB
:10B7F000DE0BEB128D2B12B4D174201212E512B8AD
:10B80000822415F582EB12A01EC0E074081212E526
:10B81000D0E0F0EA241CF582EB128D2B12B4D17427
:10B82000121212E512B8822411F582EB12A01EC08A
:10B83000E074091212E5D0E012B87674FFF07401DA
:10B840001212E574FFF074021212E574FFF0908991
:10B8500018120E1474041212E5AC82AD8374071230
:10B8600012E5AA82AB831213DC7404121030790043
:10B87000742202B4E5A312B87A22F08518828519E1
:10B880008322E8F0A3E9F0EA2212AFF4A312B89100
:10B8900022A312B89622E0F8A3E0F92274EA120A71
:10B8A0006374EE1210AE8A148B15ECFEEDFF890E58
:10B8B00074281212E512BA17742A1212E5E0F50F75
:10B8C000742B1212E512AE62742D1212E5E0F5121D
:10B8D000A3E0F513750A107A1E7B00121D24740272
:10B8E0001212E512CE8774021212E512B4557003DB
:10B8F00002BA0B750B00EEFAEFFB1213408A108BA5
:10B9000011A810A911E849602688828983A3A3A3FE
:10B91000A3E06401600D88828983A3A3A3A3E064EC
:10B9200003700CE5085440700674044509F509E5F8
:10B930000954046003750B01851882851983AA8256
:10B94000AB83795012C2C612CFFF74021212E512F5
:10B95000AF47A312CE8774101212E512DD5DF074AA
:10B96000021212E5E0240B128D3E7402F01212E571
:10B9700012AF477402F01212E512D56912D8097499
:10B98000021212E5E0241B128D3EE50EF074021245
:10B9900012E5E0240C128D3EE50FF074021212E560
:10B9A000E0241C128D3EE514F0A3E515F074081296
:10B9B00012E512E714740A1212E5E50FF0851282FF
:10B9C000851383C082C083740D1212E5AC82AD83EF
:10B9D000D083D0827403120F5EA90B74021212E599
:10B9E000AA82AB83121610E964017017E50BA2E07E
:10B9F000500CA90F12163AEA4B600312165E750A34
:10BA000000800874021212E512AE4BA90A741212D9
:10BA100010307F0E020D18E0F50CA3E0F50D227436
:10BA2000EE120A63EAFEEBFF8C088D098E828F838B
:10BA3000A3740812C86DE060088E828F83A374100F
:10BA4000F012A01860098E828F83A3E02408F0EE24
:10BA5000241512A01B60088E828F83A3E004F08E51
:10BA6000828F83A3A3A3A3A3A3E060198E828F83F5
:10BA7000A3A3A3A3A3A3A3E0C3332402F88E828FBE
:10BA800083A3E028F0EE241112A01B6005750B0EB5
:10BA90008003750B008E828F83A3C082C083EE2447
:10BAA0000D12A01BD083D082F8E028250B8C828D4C
:10BAB00083F0EE241112A01B600512BFC428F0858C
:10BAC0000882850983E0C3947540097508007509EB
:10BAD0000002BBFD12BC238A088B09EA45097003EA
:10BAE00002BBFDEEFAEFFB12168EEA85088285098D
:10BAF0008312CE8812BC1212BDA112BC45F0EE24F6
:10BB000004080812BC1612C202A312BC45A3A3F07B
:10BB1000EE241312BC2BF0EE241412BC2BA3F075F0
:10BB20000A08EE241612A01B6010EE241812B19918
:10BB3000E508240812E00E750A1012A0186016EE2F
:10BB4000241A12B199850A0CE508250C12E00E742E
:10BB500008250AF50A8E828F83A3A3A3A3A3A3E0DB
:10BB60006058EE2407F510EF3400F511851082F5CA
:10BB700083E0C0E012BC06128D2BD0E012BC35E091
:10BB8000C0E012BC06128D2BD0E012BC35129C8C8A
:10BB9000121019851082851183E0C333FCE433FD54
:10BBA000850A0CE508250C12D55912103085108233
:10BBB000851183E0C333250AF50AEE241512A01B74
:10BBC000600BC0E012BC06128D2BD0E0F0128D2568
:10BBD000129C8D121019EE240D12A01BFC7D008505
:10BBE0000B0A8E828F83A3E0F8E50828F8E5093474
:10BBF00000F9E8250AFAE912D55C121030AA08AB60
:10BC0000097F0A020D18850A0CE508250CF582E566
:10BC10000922EE2402F8EF12BC1B223400F98882BC
:10BC2000898322E0FA7B00121D242212B38312BC06
:10BC30004FA3A3A322F0050A8E828F83A3A3A3A3FD
:10BC4000A3A3A3A322A3A312DD55A312BC4F2212C8
:10BC5000C206A3A32274F6120A638A828B83E0FCD5
:10BC600090036512BCFC740278081211DDEC4508E3
:10BC7000FCAD09EA241212BCF6740678081211DD34
:10BC8000EC4508FCED4509FDEA2415F582EB12A010
:10BC90001E6004780180027800E4C8F9ED49FDEAED
:10BCA0002411F582EB12A01EF508880974097808A2
:10BCB0001211DDED4509FDEA241612BCF6740B786D
:10BCC000081211DDED4509FDEA241712BCF6740CCB
:10BCD00078081211DDED4509FD8A828B83A3A3A3A9
:10BCE000A3A3A312BCFC740A78081211DDECFAEDD0
:10BCF0004509FB02C530F582EB12B386E0F5087505
:10BD000009002274F4120A6374FD1210AE8A088BC3
:10BD100009ECFEEDFF74011212E585820A85830BA2
:10BD2000780A12101D74021212E5AC82AD83EEFA8D
:10BD3000EFFB1214BA7402121030E9705D8518829C
:10BD400085198312BDA1F074011212E5E0F812BD4D
:10BD5000A9A3A312C772851882851983E0602D14E8
:10BD600085088285098312B875E0C333F8E433F996
:10BD700074011212E5E028F8A3E039F9E824FEF591
:10BD800082E934FFF58312AE57FB80128508828565
:10BD90000983A3E4F0EEFAEF80EF7AFE7BFF02A9BD
:10BDA0007BE085088285098322A3E0F985088285E6
:10BDB00009832274EE120A638A0A8B0BECFEEDFFF4
:10BDC000750F01E9C394085005790002BFA48E8263
:10BDD0008F83E912AFF012C22BE96003750F0012D6
:10BDE000C20F8E828F8312C25512DE0AEF12C24A30
:10BDF000C0E0EE2411128D28D0E012C242C0E0EE65
:10BE00002412128D28D0E012B7AD740812BFD6A349
:10BE1000A3A3E0601512C1F7EE2413F582EF12C759
:10BE20006F8E828F83A3E02408F08E828F83A3A37A
:10BE3000A3A3A3A3A3A3E060218E828F83A3858203
:10BE40000885830912C236EE2415F582EF12C76FFA
:10BE5000850882850983E02408F08E828F83A3A35E
:10BE6000A3A3A3E0601A8E828F83A38582088583B3
:10BE70000912C21E8E828F83A3A3A3A3A312BFDDC8
:10BE8000EE241912BFBD241B12E469A312C865E099
:10BE9000700302BF3AEE2419F8EF3400F98E828F56
:10BEA00083A3858208858309E0FAE50A2AF582E5FD
:10BEB0000B12A01E8882898312BFDDFAE50A2AF5DB
:10BEC00082E50B12A01EC0E0EE241A128D28D0E0ED
:10BED00012BFDD88828983E06059F8902AD8E49304
:10BEE000C398500575110C8008EE241912A01BF59B
:10BEF000118E828F83A3E0F8E50A28F50CE50B127A
:10BF0000BFB3121019E511C333FCE433FD7AB17BE2
:10BF10000F12BFAD121030EE241B128D2874B1F039
:10BF2000A3740FF0E511C333F8850882850983E017
:10BF3000288006EE241812E45EF08E828F83A3E040
:10BF4000F88E828F83E0C398500302BDC9A3E0FA44
:10BF50008A08E50A2508F8E50B3400F9128F25EF69
:10BF600012CA1012BFEDC39AC0E0EE2417128D283A
:10BF7000D0E012C778602BEE2417F8EF3400F98870
:10BF80000889098882F583E024F212C911240EFA87
:10BF9000A3E03400FB8882898312CE8712BFC4C31A
:10BFA00098F0A90F02BC017D00EEFAEFFB121C7C99
:10BFB0007403223400F50D750E00780C2212B38341
:10BFC000E4F0EE22900360E0F9121C10E9F8850815
:10BFD00082850983E02212B7B1A3A3A322F08508CA
:10BFE00082850983E004F022A3A3A3A3A3F08E8299
:10BFF0008F83E02274F4120A638A088B09EA12C064
:10C0000079F0EA1313543F12C072A3A3A3F0EAC459
:10C01000131312C079A3A3F0EB12C08412C08C7466
:10C0200009780A12127412C08212C08B740A780A3C
:10C03000121274E50A5401C0E0EC2418F582ED12E6
:10C040008D2BD0E012C091740B780A12127412C0BA
:10C0500082A312C08B740C780A12127412C082A3CD
:10C06000A3A3A3A3A3A3A3F0740D780812127402D0
:10C070009303540F8C828D832254038C828D83A36F
:10C08000A322E50A54018C828D8322A3A3A3A3A338
:10C09000A3F08A0A8B0B22C082C08379008A828B2C
:10C0A00083A3A3A3A3A3A3E090035F600FE0702288
:10C0B0008A828B83A3A3E07019098016E060138A3B
:10C0C000828B8312CFF6900368E06A7003A3E06B63
:10C0D00070E7800312CFFFD083D082020FE274F0AA
:10C0E000120A638A0A8B0B890C8C088D098A828B51
:10C0F0008312C22B12C20F85088285098312C25592
:10C10000E50812DE0BE50912C24AC0E0E508241179
:10C11000F582E509128D2BD0E012C242C0E012ABCD
:10C1200011128D2BD0E012CA18740812CA42601185
:10C1300012C1F7E508241312CA0C12CA18E0240829
:10C14000F0850882850983A3A3A3A3A3A3A3A3E0E7
:10C150006017850882850983A312C232E508241579
:10C1600012CA0C12BFED2408F0850882850983A34A
:10C17000A3A3A3A3E06019850882850983A3AE82E7
:10C18000AF8312C21E85088285098312BFE804F0BE
:10C19000AA08AB091216A6E9F50D70568508828526
:10C1A0000983A3A3A3A3A3A312C2027014E0FA8A73
:10C1B0000EE50A250EF8E50B12C764E50CC39A805C
:10C1C0002112C232E8240EF8E912C764900360E03D
:10C1D000F9121C108E828F83E0F8E50CC39824F2CC
:10C1E000C399C0E0E5082417F582E509128D2BD02C
:10C1F000E0F0A90D02D4ADE50A2408F8E50B3400FF
:10C20000F92212C20622E0850882850983A32285CD
:10C210000A82850B83A3A312C26BE0F9EA22E0F83D
:10C22000E50A28F582E50B12D6F32212D4B21216D3
:10C23000A022AE82AF83E0F8E50A28F8E50B3400CF
:10C24000F92212C27EA3A3A3E02212B386E812C28F
:10C2500077A3A3E022A3A3A3A3A3A3A3A3A312C290
:10C260007712C26BA3A3E0F9EAF822E0FA850A820A
:10C27000850B83A3A3A322F0A3E912C27E22F0853B
:10C280000A82850B83A3A3A3A322C082C0837AE67C
:10C290007B0379E212249E7AE67B0302C0D7C08238
:10C2A000C08390036802C0D4C082C08374FE1210A1
:10C2B000AE851882851983AA82AB83794B12C2C6D8
:10C2C00012CFFF02B4E312249E85188285198322BF
:10C2D000C082C083794A12249E02C0D774F6120A23
:10C2E000639003EEE0FE04F0EEF912163A8B09EAD1
:10C2F000450970EDEE60EAF902C53074EC120A638C
:10C30000EAFEEBFF8C128D13890A74141212E5E019
:10C31000F50E74151212E5E0F50B750C00750D00A5
:10C320001218268A088B09EA45097017E50B600385
:10C3300002C404A90AAC12AD13EEFAEFFB12184ABC
:10C3400002C4D2E50A6021EA2402F582EB12A01EA3
:10C35000850A102510F8E4340013E813F070098AF8
:10C36000828B83A3A37401F0E50B700302C3F290E8
:10C3700003FB12B455600612C4D41226E3E50E7016
:10C380000E850882850983E4F0750D0102C41D90B5
:10C390000362E0A2E1400302C4259003FD12B455FC
:10C3A000600CA90EAA08AB0912C4D41226E38508B2
:10C3B00082850983E0FA12E03EEA98E499C365D0E9
:10C3C00033500A850882850983E02401F0850882BC
:10C3D000850983E0F8902ADAE493687040750C01CF
:10C3E000EEFAEFFB121556850882850983A3E4F067
:10C3F000802B8A828B83A3A3E0F890112AE0C39854
:10C40000501B80857401650B7013E50A600F900363
:10C4100062E0A2E15015EEFAEFFB121556900362AE
:10C42000E0A2E140227401650B701CE50E9003FF51
:10C430006013E004F0901108E0F89003FFE0C39867
:10C440004005750C01E4F0E50CA2E0C0D0E50DA2BA
:10C45000E092F01211A4158172F05076900362E020
:10C46000A2E15039EEFAEFFB1213408A088B09A8BB
:10C4700008A909E8496026E50DA2E0500D888289E7
:10C4800083A3A3A3A3A3E0C2E0F0E50CA2E0504283
:10C4900088828983A3A3A3A3A3E0D2E0F0E50CA242
:10C4A000E0502F900362E0A2E15012EEFAEFFB128F
:10C4B000132EE96008EEFAEFFB7900801290036B0F
:10C4C000E06E7003A3E06F7009EEFAEFFB790112E2
:10C4D000140C8007129C6A221210307F0C020D1877
:10C4E000C082C08374016A7001EB70077A0112C5C3
:10C4F0000C80149010FF12CE87EA4B6005128DB7A6
:10C5000080057A01128BE802C0D77A207B00900365
:10C51000C2E0F9121CDC22C082C08390110102AB80
:10C52000CDC082C08390110302ABCD7401121030D4
:10C530007F02020D18A2F0E4338518828519831258
:10C54000C55179521224A42212C55179421224A451
:10C5500022F0AA82AB832274F4120A6374EC1210E4
:10C56000AE74011212E5AC82AD8312C6D29003B450
:10C57000E06402706274051212E5E4F074071212AE
:10C58000E5E4F07A04F912131612DC75EA98EB99D7
:10C59000507D12130AE97077902AD212C67F600F7D
:10C5A0007A047903121316902AD212C685500874A1
:10C5B000051212E57401F0902AD012C67F600F7A3E
:10C5C000027901121316902AD012C68550417407C1
:10C5D0001212E574018037900380780812128312DA
:10C5E000C676600474018001E4C0E074051212E5AF
:10C5F000D0E0F0900384780812128312C6766004AB
:10C6000074018001E4C0E074071212E5D0E0F090FC
:10C6100010C7E0F97CC57D0374011212E512C665EE
:10C6200074071212E5E0701174051212E5E070094A
:10C63000851882851983E48008851882851983749A
:10C6400001F09010C2E07583107582C3F8E058F8CD
:10C65000851882851983E05812C55179411224A4A6
:10C66000741402A97DAA82AB831215F27AC57B03EA
:10C6700079451224A422E5084509450A450B2212F2
:10C68000C69EE8492212C69E75832A7582C4E49329
:10C69000C398F8A3E49399F9C3EA98EB9922E49339
:10C6A000F8740193F92274F7120A6374ED1210AE54
:10C6B000E9FE9003C112CC9812C6D274121212E590
:10C6C000EE12C6DF85188285198312C665741302BF
:10C6D000D1919010C7E0F97AC57B031215F822F0CA
:10C6E0009010C7E0F97CC57D032274F4120A63EA56
:10C6F000FEEBFF9010C9E064FE7003A3E0F47054F9
:10C700007A1612C8FA604D8A828B83740112C77838
:10C710008A828B83A3600474028002740112CC03AA
:10C720008A828B83A3A3A3A3A3A3A3A3A312C789D2
:10C73000FCA3E0FDEA24020A0AEB12E011E508245A
:10C7400013F582E50912E46C12C757128D2512CF3A
:10C75000A312C77202A980AA08AB099003C2E0F92C
:10C76000121CAC223400F9E508241DF582E50912FB
:10C77000B386E8F0A3E9F02212C77DE022F08E82B2
:10C780008F83A3A3A3A3A3A322A3F0EE241512D601
:10C79000F02274F2120A6374FD1210AE8A088B093B
:10C7A000890A8C0B74011212E5740412CA498A0CAE
:10C7B0008B0DAE0CAF0DEE4F607912E0187407F0E0
:10C7C000A3A882A983E508240812AE3412C85A8AA5
:10C7D000828B8312C859850882850983A3A3A3A3EA
:10C7E000A3A3A3A3A3A3E08882898312C86D7401C5
:10C7F00012C86512E71412CA54EE2413F582EF1220
:10C80000D3FC650A60067401650A700712C83E749D
:10C8100004800412C83EE4F09010C912C84912C73F
:10C82000727401650B700312E466EEFAEFFB1213EB
:10C830007C800279109010C912A030028F67EE241C
:10C840000F12B3837440F0A322E0F8A312C8502261
:10C85000E0F98E828F83A3A322A3E088828983F0EC
:10C86000A308A98322F0EE241812B38322F0EE2449
:10C870001612B3832274F4120A63EAFEEBFF7A0005
:10C880007B04128BEA12C90712C7729003777409EE
:10C89000F01216B28A088B09AC08AD09EE24131207
:10C8A0008D2812CFFF12CB4F6401704B7A0F12C844
:10C8B000FA60448A828B83740212C911FAA3E0FBE6
:10C8C0008A828B83A3E0FC8A828B83A3A3E0FBECA8
:10C8D000850882850983A3A312CE88888289831262
:10C8E000D569A3A3A312BDA112C789FAA3E0FB795E
:10C8F0004A1224A412C75702A9807B00121CA08AE6
:10C90000088B09EA45092290033B12B89290110363
:10C9100022F0EE241DF8EF12C91B2212BC1BE022EC
:10C9200074F4120A6374FD1210AE8A088B09740144
:10C930001212E5740212CA498A0A8B0BAE0AAF0BB7
:10C94000EE4F700302C9F812E0187404F0A3E41269
:10C95000CA18A3A3A3E06401700888828983A37422
:10C9600020F0850882850983A3A3A3A3A3E0640123
:10C97000700988828983A3E0D2E6F0850882850960
:10C9800083A3A3A3A3A3A3E06401700A888289837D
:10C99000A3E0D2E78006EE241312E7D212CA29E000
:10C9A0006401700AEE241612CA3524188008EE2499
:10C9B0001712CA35241AF582EF12CA1012CA42643D
:10C9C000017009EE240F12C9FDA3E4F085088285E9
:10C9D0000983128F476009EE240F12A01B4404F054
:10C9E00012CA5485088285098312C84912C772EE9B
:10C9F000FAEFFB12137C8002791002A97BF582EF1B
:10CA000012CA04223400F5837401F022F582E5098C
:10CA100012B386E8F0A3E92212CA1C2212CA20220D
:10CA2000F0850882850983A32212CA2D2212CA200A
:10CA3000A3A3A3A32212B383740112CA1C12B89138
:10CA4000EE2212CA2DA3A3E02212CA4D2212D00F49
:10CA500012172422EE2417F582EF12CA041216B21E
:10CA6000EE241A12B383EAF0A3EBF02274F4120A54
:10CA70006374F31210AE8908EAFEEBFF7C0D7D00B3
:10CA80007900851882851983AA82AB8312266612E3
:10CA90008F25EF129C3C12CB54F8741F58600A7912
:10CAA00001122474790002CB46E8A2E55008740C08
:10CAB0001212E57401F0E8A2E75008740B1212E5B7
:10CAC0007401F0E8A2E6740A50081212E57401F04D
:10CAD00080081212E5E064017005EE24138003EE75
:10CAE000241512B19974021212E5AA82AB831224A2
:10CAF0008C128D2512CB5A12C772740A1212E5E0FD
:10CB000064017033128F3A703B1216BE8A0A8B0B87
:10CB1000A80AA90BEE240B12A01B687003A3E069FE
:10CB200070221216B2EAFCEBFD74021212E5AA8220
:10CB3000AB8312CB4F600D851882851983AA82AB17
:10CB400083121406A908740D02A97DEEFAEFFB12F8
:10CB50002486E922129C69A3E022E012CB5F22F82E
:10CB6000A3E0F98518828519832274F6120A63748A
:10CB7000F31210AE8A088B09ECFEEDFF7C0D7D00F0
:10CB80007900851882851983AA82AB8312E244A3B7
:10CB9000A3A3A3A3A3A3A3A312CBF412CC03F8A231
:10CBA000E55008740B1212E57401F0E8A2E7500892
:10CBB000740A1212E57401F0E8A2E6EE50042413A0
:10CBC0008002241512B19974021212E512CBE6A369
:10CBD000A3E0C0E0740C1212E5D0E012CBFF1214F7
:10CBE00000740D02C52DAA82AB8312248C850882A5
:10CBF00085098322E012CB5FE8F0A3E922740212D8
:10CC0000D00B22F0EE241D12B38312D56DA3E022C7
:10CC100074F7120A6374E11210AEEAFEEBFF8E8223
:10CC20008F8312CC85A3E0A2E050578E828F83A31E
:10CC3000E0F9E8FAE9FB8A828B83A3A3A3A3A3A369
:10CC4000E054FE12CC988A828B83E0241B12AE3F04
:10CC5000F98A828B83E0241CFAA3E012AE3712CF4C
:10CC6000FF1216ACE9701B741D1212E512CC927003
:10CC700011851882851983AC82AD83EEFAEFFB1221
:10CC8000171202D18F12CC892212D571A3A3A3A3AC
:10CC9000A32212B35964042212B87AAC82AD832263
:10CCA000E9F87900740468600A740A68600574031E
:10CCB00068700109020FE274F6120A638A828B839C
:10CCC0007420F0A3A37401F01213828A088B09AEBA
:10CCD00008AF09EE4F60108E828F837401F09003CD
:10CCE000B5E0700312CA54EEFAEFFB02C530C08201
:10CCF000C0839010C802ABC8C082C083E99010C83E
:10CD000002ABD1C082C0839003DA7401F0E9A2E3E0
:10CD100050037403F0E9A2E15004E0D2E2F002C053
:10CD2000D774F6120A6379007C008A088B097808A8
:10CD3000120D5EF8FF0754CD52CD52CD52CD52CDDB
:10CD40004BCD4FCD54CD48CD0C80097C0480050CD3
:10CD500080F67C089003DAE05C6003098003EC60F5
:10CD6000010902C53074F4120A63EAFEEBFF890878
:10CD70001213468A0A8B0BA80AA90BE8496040885F
:10CD8000828983A3A3A3A3E014C394045031740144
:10CD90006508601A88828983A3A3A3A3E064016065
:10CDA0000D88828983A3A3A3A3E06402700A88820A
:10CDB000898312A9711226E3EEFAEFFB12135202D5
:10CDC000A98074F6120A638A828B83E07012A31220
:10CDD000B455600C8A828B8312CFFE1226548004D5
:10CDE0007A007B0002C530C082C0839003B4E06447
:10CDF00002700B900377E06408700312175A02C0A8
:10CE0000D7C082C0837C0012CE6F6A7003A3E06B30
:10CE10007011902ADEE493C0E012E477D0E0F0795C
:10CE2000C580490CECC3940340DD7C0012CE6F64D6
:10CE3000FE7003A3E0F47015EC12E0C612CE8790EA
:10CE40002ADEE49388828983F07900801F0CECC38A
:10CE5000940340D87C00EC75F003A4F8A9F012E428
:10CE60007260D50CECC3940340EC79C702C0D7ECD8
:10CE700075F003A4F8A9F074DE28F582740339F57F
:10CE800083E0223400F583EAF0A3EBF02274F2127F
:10CE90000A6374DD1210AEEAFEEBFF750A00900320
:10CEA00068E06E7003A3E06F701EEE4F700302CF58
:10CEB000939003EF12B455700302CF93750A0112D9
:10CEC000C4D41226E302CF9C1213408A088B09EACD
:10CED0004509700302CF938A828B83A3A3A3A3E0A7
:10CEE000640160108A828B83A3A3A3A3E064026021
:10CEF0000302CF93851882851983E412B889740BD5
:10CF00001212E512D0031212FEE9700302CF9385CC
:10CF1000088285098312CFA312C772790012149C6C
:10CF200085088285098312CE8774031212E5AC82CC
:10CF3000AD83740D1212E512CBE612B4D174151242
:10CF400012E512C77274171212E5E4F07C0285082C
:10CF500082850983A3A3A3A3E0F9740D1212E5AAA5
:10CF600082AB831216FA85088285098312B4D174C4
:10CF7000011212E512D003121304750A01908918E8
:10CF80001212BAE508240CF582E509128D2B121253
:10CF9000AE800990037512D9B812180EA90A74232D
:10CFA000028F6912B8929010C922C082C08374FEA9
:10CFB0001210AE790190034D12D5691226E385183F
:10CFC0008285198312CE8785188285198312CFE74F
:10CFD00012D00379531224A485188285198312CFA5
:10CFE000FF121ED402B4E312CFEB2212B8969003C4
:10CFF00068228E828F83A3A3A3A3A3A3A3A3A312B8
:10D000009D4B22E8F0A3E912D00B2212D00F22127E
:10D01000B87AAA82AB832274F5120A6374F31210F1
:10D02000AE8A088B09ECFEEDFF750A12EA4509701D
:10D0300005790002D0F9900368E065087004A3E068
:10D04000650970141216B2EAFCEBFD12CB4B7005A9
:10D05000750A018003750A00851882851983E4F03A
:10D06000041212E512E714851882851983AA82AB8F
:10D0700083121C88E9602774031212E5AA82AB832D
:10D08000122612E964017016750A0174031212E582
:10D09000AC82AD8312CB4B6021750A00801C7412E8
:10D0A000650A70169003B4E06402700EEEFCEFFDAA
:10D0B000AA08AB09121328E970DFEEFCEFFDAA08FD
:10D0C000AB0912182CE9F8740A687005750A01801A
:10D0D0001D74A0687012EEFCEFFDAA08AB091218CF
:10D0E0003EAA08AB091218567401650A7009790046
:10D0F000AA08AB0912176CA90A740D02E71C74F692
:10D10000120A63EAFEEBFF890812175AE508F509CF
:10D110007809121021790DEEFCEFFD7AFC7BFF12ED
:10D12000177802C52B74F7120A63EAFEEBFF8E82B2
:10D130008F83A3A3A3A3A3A3A3A3E06015EE241549
:10D14000128D28129D3C121766E964017004790162
:10D1500080258E828F83A3A3A3A3A3A3A3E060153E
:10D16000EE2413128D2812D179FAA3E0FB12176670
:10D17000E9640160D97900801B12D185A3A3A3A320
:10D18000A3A3A3E02212B1A48E828F83A3A322744F
:10D190001F1210307F01020D1874F0120A6374FD23
:10D1A0001210AE8A088B09ECFEEDFF890B74131286
:10D1B00012E5E0F50C750A0174011212E57404120F
:10D1C000DE0F6049E50C601DEA2417F582EB12E4DE
:10D1D0006112D9CE8A828B83E0D2E7F0EA2414F57B
:10D1E00082EB12E46CEA12DE0BEB12E01C74031209
:10D1F000D5ACEE88828983A3A3F0EF88828983A3CC
:10D20000A312AFEF12E71212137CE9F50AA90A7410
:10D210000302D4AA74F2120A63EAFEEBFF890A75CC
:10D220000B01EE241D128D281291D8E0FA88828914
:10D2300083A3A3A3E0F9EA2400F508E439F5091271
:10D24000A01864046008790112247402D304EE2447
:10D250001D128D2812CB54120EC90200026FD20388
:10D260000BDDD2030CD5D20DC2D20EDDD2DAD279CB
:10D2700000AB09121532EA4B603D8A828B83A3A36F
:10D28000A3A3A3A3E05418602E128D25120E188AB2
:10D29000828B83A3A3120E1879008E828F83A3A39F
:10D2A000A3A3A3A3A3A3A312D3091215507404121A
:10D2B0001030750B0080267901AA08AB09121412F0
:10D2C000801BAB0912174EAA08AB09121754E96468
:10D2D000C5700A80DD121EF88003750A00128F3AAD
:10D2E0006022EE241112A01BC394024017128D2558
:10D2F00012D92A7003A3E069600AE50BA2E050048A
:10D30000A90A80027900028F6C12D310129D4B2261
:10D3100012B1A48A828B832274EC120A6374F51210
:10D3200010AE8A0A8B0B890C8C0E8D0F741F121293
:10D33000E5E0F50D74201212E5E0F510A3E0F5111B
:10D340007E01EE1212E5740AF0E97007E50DC333B1
:10D35000240AF012D57A700302D3F512D58F74091E
:10D36000F0A3E50CC43354E0450D12D5B2E50C70C2
:10D370002D7C008023ECC333F8E433F9E51028F862
:10D38000E51139F98882898312D40288828983124F
:10D39000A29AF0A30EAF830CECC3950D40D7E5081D
:10D3A0002417F582E50912CA001216B2E508241AFC
:10D3B000F582E50912CE8374031212E5AC82AD83C7
:10D3C000AA0AAB0B12258EE96019E5082416F5822E
:10D3D000E50912D3FC1212E5A882A983E5082418F6
:10D3E00012C76B85088285098312D5A8AA08AB09E4
:10D3F00012137CE9FEEEF9740B02C4D812CA04744D
:10D400000322E08E828F83F0A3AE82AF832274F07A
:10D41000120A6374F81210AE8A088B0912D64EF500
:10D420000A74E058F50BA3AE82AF8312D620607861
:10D43000E50B706FE50AC333FA7B00121D248A0CDA
:10D440008B0DEA450D60617C0080228E828F8312F5
:10D45000D4B2EC33F8E433F9E50C28F582E50D3964
:10D4600012CE85EE24020E0EEF3400FF0CECC395B5
:10D470000A40D8780C12101D780A12102174031279
:10D4800012E5AC82AD837900E50812DE0BE50912E6
:10D490008D2B12D9167403121030AA0CAB0D121D6D
:10D4A0002A8005790112247474081210307F080252
:10D4B0000D1812AE57F9EA2400E439FB2274EE127B
:10D4C0000A638A0C8B0D890E8C088D097412121256
:10D4D000E5E0F50F74131212E512D5A09005E012E5
:10D4E000B4556072E50FC333F8E433F9E8240EFA5B
:10D4F000E93400FB121CA08A108B11AE10AF11EEA4
:10D500004F60538E828F8374D4F012DD5B12BFD6CE
:10D51000E50EF0AC08AD09EE2405FAEF12E011EECD
:10D52000240D128D28E50FF0850A08850B09750A70
:10D53000007808121019E50FC333FCE433FDEE2424
:10D540000EFAEF12D55C121030EEFAEFFB9005E008
:10D5500012D5691226E302BC01FAE5093400FB1278
:10D560001C7C7403228E828F8312D56D2212D5719A
:10D5700022E0F8A3E0F5838882228518828519834A
:10D58000AA82AB831217248A088B09EA450922EA8A
:10D5900012E009EB12D6F3FEA3E0FF8E828F832206
:10D5A000E0F50AA3E0F50B22A3A3E50AF0A3E50B3F
:10D5B000F022F0A3AE82AF83AC0EAD0FEEFAEFFB1C
:10D5C00012D5C42212248CEE2408FEEF3400FF2270
:10D5D00074F6120A6374F81210AE890812D64EF966
:10D5E00074E058F509A3AE82AF83740169600979CC
:10D5F000011224747900802312D62060F7E50970A7
:10D60000EE8E828F83A312D644F9EA2400E439FB1C
:10D610008E828F83E0F91217A8A908740802C52D1D
:10D62000EEFCEFFD851882851983AA82AB8312D5A3
:10D63000C4851882851983AC82AD837A897B0312F5
:10D640002486E922E0FA8E828F83A3A3E022EA12E5
:10D650008F26EB12D6F3240112D660F8741F5822DD
:10D66000FEA3E03400FF8E828F83E02274F6120A5C
:10D670006374E11210AEEAFEEBFF12B44B604F8E02
:10D68000828F8312CFFF85188285198312D6D374B7
:10D69000091212E512D92A7003A3E069603012D58D
:10D6A00065120E187508FE7509FF780812101D74B2
:10D6B0001C1212E5E0F9740D1212E512B19C740F00
:10D6C0001212E512CFFF1215507404121030741F9D
:10D6D00002C52DAC82AD83EA241BF582EB12D6F392
:10D6E000F9EA241CF582EB129D4712169A22240FA8
:10D6F000F582EF3400F583E02274F7120A63E9FE45
:10D700007C007D0078007900800D12D7B7E02CFCFA
:10D71000A3E03DFD12E63E12E6A7502CE8FAE9FB35
:10D72000EA75F012A4FAAFF075F012EBA42F12E62E
:10D7300047F460E012D7BE12B15560D8EE60CB124C
:10D74000D7B7E4F0A3F080CC78007900800D12D731
:10D7500097E02CFCA3E03DFD12E63E12E69A503025
:10D76000E8FAE9FBEA75F017A4FAAFF075F017EBE9
:10D77000A42F12E6767003A3E0F460DC12D79E12A9
:10D78000B15560D4EE60C712D797E4F0A3F080C81B
:10D79000ECFAEDFB02D19412D79E3BF58322E8FA16
:10D7A000E9FBEA75F017A4FA75F017EBA42FFB74E8
:10D7B000F62AF582740C2212D7BE3BF58322E8FAD2
:10D7C000E9FBEA75F012A4FA75F012EBA42FFB74D2
:10D7D000772AF582740B2274F7120A638908EAFE2D
:10D7E000EBFF9003C1E0C39508501B1216EE9003A7
:10D7F000F112D80990035BE075F064A4FCADF07AF7
:10D80000007B02128DBF02D194EEF0A3EFF02274E0
:10D81000F6120A63EAFEEBFF9003DB80138882892D
:10D8200083E06E7003A3E06F603A88828983A3A3CC
:10D8300012B45570E87A047B00121D248A088B0903
:10D84000A808A909E849601C8882898312D8099030
:10D8500003DB12CFFF88828983A3A312CE879003B4
:10D86000DB12C77202C53074F4120A637E009003A3
:10D87000DB80070E88828983A3A312B45570F4EE6F
:10D88000C333FAE433FB121D248A088B09EA4509E5
:10D89000607E7F009003DB80248882898312B19CA4
:10D8A000EFC333FAE433FBE5082AF582E5093BF5DB
:10D8B00083ECF0A3EDF00F88828983A3A312B45503
:10D8C00070D79003BD12D92A7003A3E0697808705D
:10D8D0001912101DEEF50A780A1210217C897D03B9
:10D8E00079009003BD12D916801A12101DEEF50AA8
:10D8F000780A1210217C897D0379009003BD12CF34
:10D90000FF1217847403121030AA08AB09121D2AE3
:10D9100012139402A980129D4B121790228E828FAF
:10D9200083A3A3A3A3A3A3A3A3A312CFEBE0682283
:10D93000C082C08380108A828B8312B4CF9003DBB5
:10D9400012C772121D2A9003DB12B15870E802C090
:10D95000D774F6120A6390037512B35E9003F11246
:10D96000D9AD12C7727AF17B0379501224A49003C7
:10D97000F112D9B81218509003F112B35E9005E27B
:10D9800012B45560257A067B00121CA0EA4B601A7F
:10D990008A828B8374D5F0A3A3E412D9BF0412D971
:10D9A000CE9005E212D5691226E302C53012D9B134
:10D9B0002212B89690037522129318FAEFFB2212E6
:10D9C000D9C32212D9C72212AFF4A3A3A32212D91A
:10D9D000C3A3EEF0A3EFF022C082C0839003F374E0
:10D9E000D2F0A37417F09003F574CCF0A37417F081
:10D9F0009003F774EAF0A3741702ABD1C082C0831E
:10DA0000900368E064FE7003A3E0F4600E9003628C
:10DA1000E0A2E150061218321217D802C0D774F6ED
:10DA2000120A639003B6E06032FE75F0E8A4CEA857
:10DA3000F075F003A428FF121C9A8A088B09A80825
:10DA4000A909902AC8E49358F8A3E49359F9EE2859
:10DA5000FCEF39FD7A007B0112DA5E02C5309003DB
:10DA6000C2E0F9121DDE2274EC120A63750C007517
:10DA70000E00750F001213707A0479001213168AC3
:10DA800008AE087A0279011213168A087A0379031C
:10DA9000121316EEC39508C39AF50B121808EAF58F
:10DAA00010E50B2510F50A850B088A12E5082512EA
:10DAB000F8E43400F9E849700302DBBA8808750914
:10DAC00000740278081211DDAA08AB09121D248A1D
:10DAD0000E8B0FEA450F700302DBB7850A08750944
:10DAE00000740278081211DDAC08AD0979FF122626
:10DAF000667508007509008058A90812136A8A1211
:10DB00008B13AE12AF13EE4F60448E828F83A3A3AC
:10DB1000A3A3E0600464047035050C8E828F83A398
:10DB2000A3A3A3A3A3A3A3A3A3E0F9121844780E6D
:10DB300012101DAD0A8E828F83A3A3A3A3A3A3A358
:10DB4000A3A3E0FC8E828F8312DC6C12103012DCF7
:10DB50005F12DC75E50898E509995007E50CC39557
:10DB60000B409675080075090085100CC3E50895F3
:10DB70000CE50994005043AA08AB091218148A0C4A
:10DB80008B0DEA450D602B780E12101DEA240EF560
:10DB900082EB12A01EFEEA240FF582EB12930B1209
:10DBA0001844AD0AEEFC850C82850D8312DC6C12E4
:10DBB000103012DC5F80B2750A00750C6290036051
:10DBC000E0600CF9121C10E9F87454C398F50C7558
:10DBD000F003E50C84F50B94204003750B1FAE0E8B
:10DBE000AF0F751200E50C6006751220750C00E58C
:10DBF0000BC3950A5005850B0D8009850A0DE512AA
:10DC0000D2E6F512EEFCEFFDAA12A90D1217E4E917
:10DC1000F513E512A2E6402C150D750800750900F4
:10DC2000800BEE2404FEEF3400FF12DC5F850D1044
:10DC3000C3E5089510E509940040E7E50DC50AC362
:10DC4000950AF50AE97006E512A2E65095E50E453B
:10DC50000F6007AA0EAB0F121D2AA91302C4DBE541
:10DC6000082401F508E5093400F50922129D4B123C
:10DC700017DE740222902AC412C69EC32274F212C6
:10DC80000A63EAFEEBFF89088C098D0A740E1212F2
:10DC9000E512CFFF7C007D008C0B800EEAFCEBFDD3
:10DCA000EA2404FAEB3400FB050BE50BC3950A509C
:10DCB000228A828B83E0F47003A3E0F470188A82D6
:10DCC0008B83EEF0A3EF12AFF0A3A3E50912D9BF47
:10DCD000E508F0028F6CEC4D600C8C828D83C3E004
:10DCE0009EA3E09F50B68A828B8312E096EE98EF57
:10DCF0009950A9EAF8EBF988828983E0F47003A3CC
:10DD0000E0F46011E82404F8E93400F9050BE50BB0
:10DD1000C3950A40E2E8FCE9FDE824FCF8E934FF99
:10DD2000F98882898312BA178C828D8312DD5D1285
:10DD3000DD4E8C828D83A3A312E48BE08C828D83D5
:10DD4000A3A3A3F0C3EA98EB9940CA02DCBE12DD9C
:10DD500055A3A3E022F08882898322A3A3E50CF0D7
:10DD6000A3E50D2274F2120A6374FD1210AE890845
:10DD70008A09ECFEEDFF750A0175F003E9A424029F
:10DD8000C0E074011212E5D0E012DE0F6077EA12F3
:10DD9000DE0BEB12E01C7408F0741F55084509A354
:10DDA000F012DFF6750A0080398E828F83E0888258
:10DDB0008983F0A3A882A9838E828F8312C8598E8B
:10DDC000828F83A3A3E05407C4FC8E828F83A3A316
:10DDD000A3E054074C12C85BEE2404FEEF3400FFAE
:10DDE000050AE50AC3950840C08A828B83A3A37401
:10DDF000FCF0A374FFF0EA2413F582EB12CA0012C0
:10DE0000137CE9F50AA90A028F67EE12E0092212D3
:10DE1000CA4DEA4B2274F1120A638A0A8B0B750809
:10DE2000007AFE7BFF7CFE7DFFE50A128F26E50B64
:10DE300012E01CA3E0F509741F5509F50C12DFF67A
:10DE4000E509A2E74017E50A2417F582E50B12A0C1
:10DE50001EFE75F003E50CA424026E600879011221
:10DE6000247402DFF3E50C600B88828983E0FEA353
:10DE7000E0FBEEFA750D00803988828983E0FEA30D
:10DE8000E0FDEE2400E43DFFE824020808E912AEBC
:10DE900030548870C8E05407F50EA3A882A983EE19
:10DEA000FC900368E06E7003A3E06F7003850E08BA
:10DEB000050DE50DC3950C40C0E508700BA90912CE
:10DEC00017F0E9700302DFF312E00012A9678A0C71
:10DED0008B0DAE0CAF0DEE4F60538E828F83A3A3DC
:10DEE000A3A3A3A3A3E4F0902ADA93F88E828F83EE
:10DEF000A3A3A3A3A3A3A3A3E0C398401D12E0324E
:10DF000012080BE88E828F83A3A3A3A3A3A3A3A3CA
:10DF1000F0E508C39407500205088E828F83A3A3FF
:10DF2000A3A3A3A3A3A3A3E508F002DFF37CFF7DD3
:10DF3000FF12E000128D2B12CFFF1217FC8A0C8B00
:10DF40000DAE0CAF0DEE4F70491218028A0C8B0DFE
:10DF5000AE0CAF0DEE4F700302DFF37C177D00793E
:10DF60000012266612E000128D2B1291CE12C7729B
:10DF7000900375E0F8A312E027A312C772EE240FF6
:10DF8000128D2812A7D212080B12E7C9EE240E1226
:10DF9000C9FD902ADAE493F8EE240D12A01BC39871
:10DFA000401212E03212080B12E7C9E508C39407C9
:10DFB00050020508EE240E128D28E508F0EE240C20
:10DFC00012BFBD2402FAEF3400FB122612E97023BF
:10DFD000850A82850B83A3A3A3A3A3A3A3A3E060C5
:10DFE00012E50A2415F582E50B1293102402FAEFCC
:10DFF00012E01102AA3EE824020808E93400F922DE
:10E00000E50A12E009E50B22EE240BF58222FAE57F
:10E01000093400FB12248C2212E008EF12B386129E
:10E02000B892888289832212C850A3A3A3A3A3A372
:10E03000A32212E0362212E03E7A027B0022902ACE
:10E04000DAE4932401F8E43400F92274F7120A6345
:10E05000E9FE74FE6A700374FF6B7004790180330B
:10E0600074605E646060F5EEA2E5500E9003681285
:10E07000E096EC98ED99401980E2A2E69003685092
:10E0800008C3E09AA3E09B80EDC3E09AA3E09B5015
:10E09000DB790002D19412B892C32274F7120A639A
:10E0A0007E00800412E87B0E12E21440F77E00EE40
:10E0B00012E0C612A03088828983E4F00EEEC39489
:10E0C0000340EC02D19475F003A4F8A9F074DD28A4
:10E0D000F8740339F988828983A32274F7120A63DA
:10E0E0007F0080010F902AD7E493F8EFC398502661
:10E0F000EF12E3306A7003A3E06B70E812E8266C5D
:10E100007003A3E06D600A74FF6C700374FF6D70A0
:10E11000D312E1FD80047A007B0002D19474F612E0
:10E120000A637CFF7DFF7AFE7BFF1217FCEA4B70CF
:10E1300045750800803BE50875F017A4F8A9F07450
:10E14000F028F582740C39F583E0600D74EF28F542
:10E1500082740C39F583E0701674E128FE740C3972
:10E16000FF8E828F8312CFFF121556EEFAEFFB055A
:10E170000812E27A40C002C530C082C0837A007BB8
:10E18000007D008014ED12E2077003A3E0F4600844
:10E19000EA24010AEB3400FB0D902AD7E493F8ED52
:10E1A000C39840E102C0D774F4120A638A088B094D
:10E1B000ECFEEDFF800B12181AEEFCEFFDAA08AB87
:10E1C000091217FCEA4B70EE02A98074F6120A637A
:10E1D0007D007E0080020D0E12E214501912E2063C
:10E1E0007003A3E0F460F08D08EA65087001EB703D
:10E1F000E512E1FD80047A007B0002C53074E1285D
:10E20000FA740C39FB22EE75F017A4F8A9F012E3AA
:10E210003B64FE22902AD7E493F8EEC3982274F769
:10E22000120A63EAFEEBFFEE4F601012E23E74FE4C
:10E23000F0A30412AE6FA31412A03202D1947C1783
:10E240007D0079001226668E828F832274F7120A6F
:10E2500063EAFEEBFF7508008018E50875F017A467
:10E26000F8A9F012E83A7003A3E06F600312E883A4
:10E27000050812E27A40E302D194902AD7E493F899
:10E28000E508C3982274F4120A638A088B09ECFE2D
:10E29000EDFF900375E06E7003A3E06F7019121329
:10E2A000408A0A8B0BA80AA90BE849600AE82408EF
:10E2B000FAE93400FB8020EEFCEFFDAA08AB09125E
:10E2C00017FC8A088B09A808A909E8496005E82411
:10E2D0000D80DD7A007B0002A98074F4120A638A43
:10E2E0000A8B0BECFEEDFF750800750900802EE52A
:10E2F0000975F017A4F8A9F012E86E601EE509127E
:10E30000E330650A7004A3E0650B700375080AEE3C
:10E31000FCEFFD12E70560034308A00509902AD72A
:10E32000E493F8E509C3985004E50860C20293033A
:10E3300075F017A4F8A9F012E33B2212E6FAE022E6
:10E3400074F6120A637E007F008053EEF912136A9E
:10E35000EAF8EBF9EA4B604388828983A3A3A3A37D
:10E36000E06401603688828983A3A3A3A3E06402EA
:10E370006029E82407F582E912A67574012AF09055
:10E3800003B7E0C39A501488828983A3A3A3A3A3ED
:10E39000A3A3A3A3A3E412E482A3F012E43A12DC41
:10E3A00075EE98EF9940A47E007F008052EEF8EF62
:10E3B000F9E875F017A4F8AAF075F017E9A42AF99E
:10E3C00012E20E7003A3E0F4603212E443240C1254
:10E3D0009C39740128F09003B7E0C398501E12E4F2
:10E3E00043240FF582E912E46CE8240EF582E91269
:10E3F000E46112AE6AFAA3E0FB12155612E43A90F9
:10E400002AD7E493F8C3EE98EF940040A07E007FF3
:10E4100000EEF8EFF9E875F003A4F8AAF075F00340
:10E42000E9A42AF912E472600214F012E43AC3EE8D
:10E430009403EF940040DA02C530EE24010EEF346D
:10E4400000FF22EEF8EFF9E875F017A4F875F01761
:10E45000E9A42AF974E128F8740C39F9E822F58264
:10E46000EF12B386E422EE2411F582EF12B386E4B4
:10E47000F02212E477E02274DD28F582740339F586
:10E48000832212E48BA3A3A3A3A322F0888289830F
:10E49000A3A3A32274F2120A638A088B09ECFEED8F
:10E4A000FF740E1212E512D5A0750C007C007D01E0
:10E4B0008010121C9AE50CF5F0EA84ACF0750C00A3
:10E4C0007D0078007900800312E63E12E69A400350
:10E4D00002E560E8FAE9FBEA75F017A4FA85F00DA9
:10E4E00075F017EBA4250D12E6767003A3E0F46037
:10E4F000D712E65465087004A3E0650960CA12E605
:10E50000546E7003A3E06F60BF12E654650A700496
:10E51000A3E0650B60B2E8FAE9FBEA75F017A4FA2C
:10E5200075F017EBA4250DFB74EF2AF582740C121D
:10E53000E635509474016D050C608DE50CC39C406C
:10E5400087E875F017A4F8AAF075F017E9A42AF97E
:10E5500074E128F582740C39F58312CFFF02E6329C
:10E5600078007900800312E63E12E6A7400302E637
:10E5700019E8FAE9FBEA75F012A4FA85F00D12E643
:10E580008664FE7003A3E0F460DC12E67C6508702C
:10E5900004A3E0650960CF12E67C6E7003A3E06F10
:10E5A00060C412E67C650A7004A3E0650B60B7E8FE
:10E5B000FAE9FBEA75F012A4FA75F012EBA4250D46
:10E5C000FB74702AF582740B12E6355099E8FAE96B
:10E5D000FBEA75F012A4FA75F012EBA4250D12E611
:10E5E0004764016081E06402700302E56674016DB6
:10E5F000050C700302E566E50CC39C500302E5665A
:10E60000E875F012A4F8AAF075F012E9A42AF974DA
:10E610006728F582740B02E557E50C6011EC700E6B
:10E620007401650C600302E4B27C0102E4BD7AFE71
:10E630007BFF028F6C3BF583E014C3940622E82431
:10E640000108E93400F922FB746B2AF582740B3B54
:10E65000F583E022E8FAE9FBEA75F017A4FA75F011
:10E6600017EBA4250D12E66922FB74E12AF58274EA
:10E670000C3BF583E02212E66964FE22E8FAE9FB2E
:10E68000EA75F012A4FA75F012EBA4250DFB74677D
:10E690002AF582740B3BF583E022902AD7E493FAA3
:10E6A000C3E89AE9940022902AC4E493FA7401938F
:10E6B000FBC3E89AE99B2274F5120A638A088B0966
:10E6C000ECFEEDFF750A008002050A902AD7E4935C
:10E6D000F8E50AC3985021EEFCEFFDE50A75F01746
:10E6E000A4F8A9F012E70560E0E50A75F017A4F8B0
:10E6F000A9F012E6FA12E714802574E128F5827475
:10E700000C39F5832274E328FA740C39FB12248641
:10E71000E922A3A3E508F0A3E509F0221210307F57
:10E7200003020D18E9F87907C3940D4004790180BC
:10E7300019E8C3940740047903800FE8C3940340A9
:10E740000419198005E870027900020FE274F012D2
:10E750000A638A088B098C0A8D0B890C1218028AAD
:10E760000E8B0FAE0EAF0FEE4F605B12E23E12E764
:10E77000148E828F83A3A3A3A3A3A3A3A312D5A8BC
:10E78000E50C600AEE240F128D28E50C8006EE24BD
:10E790000F12E7D2F09003F512B455601A9003BC43
:10E7A000E064017008EE240E12E45E8010EE240E88
:10E7B000128D2874078006EE240E12E7D212A7D419
:10E7C00012080B12E7C902D4ADEE240D12B383E890
:10E7D000F02212B38374012274F5120A638A088B43
:10E7E00009ECFEEDFF750A00800F12E83A7003A3F2
:10E7F000E06F600312E883050A902AD7E493F8E5F6
:10E800000AC398501EE50A75F017A4F8A9F012E89B
:10E810002665087004A3E0650970CF12E82F12D8AE
:10E820000980D402E71F12E82A2212E82FE022749E
:10E83000EB28F582740C39F5832212E82A6E2274D3
:10E84000F7120A63EAFEEBFF7508008019E508126B
:10E85000E3306E7003A3E06F700A12E86E7005E596
:10E860000812E87C050812E27A40E202D19474E3CF
:10E8700028FA740C39FB122612E922EE75F017A45F
:10E88000F8A9F012E1FD12181A2274F7120A637E39
:10E8900000801312E2067003A3E0F4600812E86E31
:10E8A000700312E87B0E12E21440E802D194C08299
:10E8B000C0839003F97468F0A37418F09003FB749C
:10E8C0006EF0A37418F09003FD7474F0A374180232
:10E8D000ABD174F7120A63EAF8EBF990033912E945
:10E8E00019702B88828983A3A3A3A3A3A3A3A3A3A3
:10E8F000120E1890033912E9111212BA8882898314
:10E90000A3E0F9121418740212103012139402D1F9
:10E910009412AE57F5838A8222E012E921A3A3E084
:10E9200022FAA3E0F5838A82A3A3A3A322C082C014
:10E93000839003BF12E9F0F09003BF12B455700545
:10E9400079011217A202C0D774F6120A6374FC127E
:10E9500010AEE9FE902ADFE493700874E16E600364
:10E9600002E9EBEA2408F8EB12BC1712E9F012E90D
:10E97000F9700E9003BFE4F0A3F079011217A280A2
:10E980006A901123E06064FA9003BF12E096EA985F
:10E99000E499505779001217A28A088B09AC08AD88
:10E9A00009ECF8EDF9E875F064A4F8AAF075F064E4
:10E9B000E9A42AF99003BF12CFFF120813E8941AB2
:10E9C000E9940040269005DA12B455601E9003BF0A
:10E9D00012CB5A12C77274021212E5ECF0A3ED12B8
:10E9E000CBFF9005DA12D5691226E3740402C52D17
:10E9F000E02401F0A3E034002212DD5512B45A499C
:10EA000022C082C08374F81210AE851882851983E3
:10EA1000AC82AD837583887582CD7408120F5E85D4
:10EA20001882851983AC82AD8312CB4F64017004C8
:10EA3000790080027901740802B4E574F4120A6363
:10EA400074F81210AE7E008E089004EDE4F07F7929
:10EA5000750A08750B00780A12101D74021212E56F
:10EA6000AC82AD837A007B00EFF912F3991210307B
:10EA7000851882851983E0F47003A3E0F470139085
:10EA800004EDE07004EFF080197A01EFF9121D3601
:10EA9000801074041212E5E0F47003A3E0F4600245
:10EAA000EFFE0FEFC3947F40A7EE9004ED601EE0F1
:10EAB000600FF9121D427A007B00EEF9121D4880AA
:10EAC00013EEF9121D42EE9004EDF08007E06004B1
:10EAD000F9121D427F79AC087A007B00EFF9121D14
:10EAE0003C8B0BEA450B60057508017F780FEFC37F
:10EAF000947F40E2E508A2E050147F797C007A0020
:10EB00007B00EFF9121D3C0FEFC3947F40EE9004A1
:10EB1000EDE0704A7F007A0012EB6364F87004A3A2
:10EB2000E064077004EAFF802AEFC333F8E433F9A6
:10EB300012EB6FC082C08312EB63F8A3E0F9D083BD
:10EB4000D082C3E098A3E0995002EAFF0AEAC39496
:10EB50000640C574792F9004EDF0F9121D42790139
:10EB600002F3D7EAC333F8E433F912EB6FE022740F
:10EB7000E128F582740439F5832274F7120A63746C
:10EB8000F81210AEEAFF851882851983E4F0A3F02D
:10EB9000EF600874021212E5E4800774021212E5B5
:10EBA00074FF12F1F87A007B00121D6C74081210C9
:10EBB000307F01020D1874EE120A6374F81210AE61
:10EBC000890C8A0E8B0F8C0D750A08750B007E0060
:10EBD0007F00750808750900780812101D7402126C
:10EBE00012E5AC82AD83AA0AAB0BA90C12F3991201
:10EBF0001030851882851983E0F47003A3E0F47067
:10EC00000302ED4474021212E512F00A400875087E
:10EC1000FC7509FF800D74021212E512F013F5085D
:10EC2000E9F50974F8C3950AF87407950BF9C3E878
:10EC30009508E99509501AEE2400F8EF3408F9E830
:10EC4000C3950AFEE9950BFF750A00750B0802EDE6
:10EC50004412F8FD12ED5FE849700302ED1AE50E6B
:10EC6000450F604AA80EE50F547FF9851882851973
:10EC700083E0687003A3E069600302ED2AE50F54A6
:10EC800080701374061212E5E0F47003A3E0F460E0
:10EC90000302ED2A801174061212E5E0F47003A35A
:10ECA000E0F4700302ED2AAA0AAB0B02ED5B7402DA
:10ECB0001212E512FCFFA90C12EFE074041212E527
:10ECC000E0687003A3E0697046E50D602E740612DB
:10ECD00012E5E0F47003A3E0F4704F851882851903
:10ECE00083E0FAA3E04480FB121D4EEA4B603B7CBC
:10ECF000019004EEE0F9121D5A802F74061212E5FD
:10ED0000E0F47003A3E0F460217AFF7BFF804C7C89
:10ED100001AA0AAB0BA90C121D5AE5082408F8E554
:10ED2000093400F9EE28FEEF39FFE50A2508F50A57
:10ED3000E50B3509F50BC3E50A94F8E50B9407508C
:10ED40000302EBD2E50C12EFECE50AF0A3E50B129F
:10ED5000ED92EEF0A3EFF07A007B007408800E8550
:10ED60001882851983E0F8A3E0F9227404121030A8
:10ED70007F0A020D1874F7120A63E9FE1220D8EE1A
:10ED800012EFEC7408F0A3E412ED92E4F0A3F002A9
:10ED9000EBB1F074EF28F582740339F5832274EE39
:10EDA000120A6374F71210AE89088A0A8B0B7E0070
:10EDB0007F00750C01750D00780C12101D74021285
:10EDC00012E5AC82AD83EEFAEFFB9004EDE0F912B0
:10EDD000F399121030851882851983E0F4600812C7
:10EDE000F001790002EFD5EE24010EEF3400FFC3ED
:10EDF000940840BE7E087F007401F09004EDE0129C
:10EE0000EFECE0F50CA3E0F50D750E08750F00783A
:10EE10000E12101D74031212E5AC82AD83EEFAEFF0
:10EE2000FBA90812F39912103074011212E5E0F4F4
:10EE30007003A3E0F4700302EFAB74031212E51247
:10EE4000F00A4008750EFC750FFF800D7403121256
:10EE5000E512F013F50EE9F50F74F8C39EF8740788
:10EE60009FF9C3E8950EE9950F500302EFAB74F8D4
:10EE7000C3950CF87407950DF9C3E8950EE9950F45
:10EE8000500B851882851983E4F002EFB4EE240854
:10EE9000FEEF3400FF74011212E512ED65E84970CF
:10EEA0000302EF9774011212E5E0650A7004A3E013
:10EEB000650B700302EF9774031212E512FCDCEE8F
:10EEC000FAEFFBA90812EFDA1212E5E0687003A36B
:10EED000E069600302EF9774071212E5E0F4700333
:10EEE000A3E0F4700B7C00EEFAEFFBA908121D5AA8
:10EEF0007509007809121021E4F510F51178101247
:10EF0000101D74061212E512FCDC74041212E512D4
:10EF1000F2F89004EDE0F9121D847403121030E948
:10EF2000700302EE82E50C2408F50CE50D3400F5C3
:10EF30000D780E12101D780C12101D9004EDE0FCDF
:10EF4000EEFAEFFBA908121D7E7404121030740350
:10EF50001212E512F02412EFDA1212E5E0687003E3
:10EF6000A3E069600302EE8274051212E512F02438
:10EF7000121D608A108B11A810A91174051212E5D8
:10EF8000E0687003A3E069600302EE82740112126C
:10EF9000E512F024121D90EE250EFEEF350FFFC393
:10EFA000EE94F8EF9407500302EDFB851882851963
:10EFB00083E0700512F0018014E50A450B700E1213
:10EFC000F1DCA908121D42E5089004EDF0851882D5
:10EFD000851983E0F9740902ED6D12EFE0740522E2
:10EFE000121D668A108B11A810A9112212EFF022AF
:10EFF000C333F8E433F974E328F582740339F583F5
:10F00000229004EDE0F9121D4222C3E094FCA3E03B
:10F0100094FF2212F01722E02403F8A3E03400F951
:10F02000E854FC2212FCDCAA0CAB0D9004EDE0F9D4
:10F030002274F4120A63EAFEEB800374804FFF75BA
:10F0400008797C00EEFAEFFBA908121D3C8B0BA996
:10F050000BEA496008E5089004EEF080150508E524
:10F0600008C3947F40DCEF548060D09004EEE4F05D
:10F07000FAFB02F3DC74EE120A6374F61210AE8926
:10F080000A8A0C8B0D8C088D09741C1212E512F97A
:10F0900012C3EC94F4ED94FF400E85188285198319
:10F0A00074FCF0A374FF801CEC2403F8ED3400F929
:10F0B000E854FC2408F8E93400F98518828519839E
:10F0C000E8F0A3E9F07F007C069004EDE004FEEE9A
:10F0D000C3947F40027E799004EDE06E602B7487CC
:10F0E0002EC333F8E433F974D528F582740439F566
:10F0F0008312F2F8E4C39AFA74089BFB12EB6A2AB3
:10F10000FAA3E03B12F1E750080E1CEC70C102F1CB
:10F11000D5EC700302F1D5EE12F91CFA74089912BD
:10F12000F1E7400302F1B27510088F117810121048
:10F130001D74041212E5AC82AD837A007B00EEF9F7
:10F1400012F39912103074061212E5E0F47003A362
:10F15000E0F4700B12F1F17A04FBEEF9121D72AAC1
:10F160000CAB0DEEF9121D48E9606AE50AF50B7863
:10F170000B121021780E12101DAC08AD09AA0CABB1
:10F180000D9004EDE0F9121D847403121030E96053
:10F19000059004EDE0FFE50A700AEE850E82850F0A
:10F1A00083F0803112F1DCEEF9121D42EE9004ED95
:10F1B00080EFE50AF50B780B121021780E12101D66
:10F1C000AC08AA0CAB0DEEF9121D847403121030BA
:10F1D000E96002EEFFEFF9740A02ED6D7A01900426
:10F1E000EDE0F9121D3622FB12ED5FC3EA98EB99B0
:10F1F00022851882851983E4F0A312F9352274F26E
:10F20000120A6374F81210AE89098C08EA24F8F522
:10F210000AEB34FFF50B750C08750D00780C121015
:10F220001D74021212E5AC82AD83AA0AAB0B12F375
:10F2300099121030E508702374061212E5E4F0A369
:10F24000F074041212E5AC82AD83E50A2404FAE5F9
:10F250000B3400FBA909121D6C801974021212E50F
:10F2600012F92612F1F1AA0AAB0BA909121D6CE5DD
:10F270000912F27E74081210307F06020D18C33393
:10F28000F8E433F974EF28F582740339F583E02E3E
:10F29000F0A3E03FF02274F4120A6374FE1210AE81
:10F2A000851882851983ECF0A3EDF08908EAFEEB5E
:10F2B000FFEE24FCFEEF34FFFF851882851983AC36
:10F2C00082AD83EEFAEFFB121D72750A02750B0018
:10F2D000780A12101D74021212E5AC82AD83EEFAA8
:10F2E000EFFBA90812F39912103085188285198353
:10F2F00012F2F8740202F3D9E0FAA3E0FB2274F0F0
:10F30000120A6374FC1210AE890C8A0A8B0BECFE95
:10F31000EDFF750800750900EE2403F50EEF3400CB
:10F32000F50F7402780E121274AE0EAF0F12F6E0E3
:10F330006049750E04750F00780E12101D740212CC
:10F3400012E5AC82AD83AA0AAB0BA90C12F3991299
:10F350001030E50A2404F50AE50B3400F50B7800BB
:10F36000880E12F58AE0FAE5082AF508E509340066
:10F37000F50908E8C3940450B480E5AA08AB097401
:10F38000041210307F08020D18E5822510FCE58379
:10F390003400FDAA0CAB0DA90E1220CC740222740D
:10F3A000F4120A63E9FE7508017509007808121065
:10F3B0001D8A088B09740278081212748E0AF50BE4
:10F3C0007409780A1211DDE5082400FAE509350B05
:10F3D000FB1220D202F2F374081210307F04020DE7
:10F3E0001874F7120A6374FC1210AE8C828D83E0DD
:10F3F000851882851983F08C828D83A3E0C0E07428
:10F40000011212E5D0E0F074021212E574FFF074FC
:10F41000031212E574FF12F931121D6C740402EB31
:10F42000AE74EE120A6374FC1210AE8909EAFEEBA8
:10F43000FF8C0C8D0D74161212E512F90AEE5403AE
:10F44000F508606A74FC5EFE750E04750F00780E98
:10F4500012101D74021212E5AC82AD83EEFA12F3A3
:10F4600099121030E50C450D6029850A82850B83C1
:10F47000E0C0E085080E12F58AD0E012F59D05087F
:10F48000E50C24FFF50CE50D34FFF50DE508C394FC
:10F490000440D1851882851983AC82AD83EEFAEFE2
:10F4A000FBA909121D6CEE2404FEEF3400FFE50CED
:10F4B0005403F508850C0E850D0F7402780E121298
:10F4C00074850E0C850F0DE50C450D604D780C1202
:10F4D000101DAC0AAD0B8E0E8F0F7402780E121237
:10F4E00074850910F511740978101211DDE50E24E8
:10F4F00000FAE50F3511FB1220D27402121030749D
:10F5000002780C1211DDA80CA90DEE28FEEF39FFD0
:10F51000E50A28F50AE50B39F50BE5086069750E73
:10F5200000750C04750D00780C12101D7402121277
:10F53000E5AC82AD83EEFAEFFBA90912F399121044
:10F54000308025850A82850B83E0C0E0850E0C851E
:10F550001882851983E582250CF582E5833400F550
:10F5600083D0E012F59D050E85080C74FF250CF57F
:10F57000080470CF851882851983AC82AD83EEFABA
:10F58000EFFBA909121D6C02ED6B851882851983AA
:10F59000E582250EF582E5833400F58322F0850AA5
:10F5A00082850B83A385820A85830B2274EE120A5F
:10F5B0006374FC1210AE890E8A0C8B0D8C0B7416C2
:10F5C0001212E5E0F508A3E0F50974181212E5E05F
:10F5D000FEA3E0FFE5085403F50A6060F510C3E5FB
:10F5E000089510F508E5099400F5097510047511E2
:10F5F00000781012101D74021212E5AC82AD83AABD
:10F6000008AB09A90B12F399121030EE4F602A755E
:10F610001001781012101D850A1074021212E512E2
:10F62000F38912103012F6EF050AEE24FF1EEF34B4
:10F63000FFFFE50AC3940440D212F6FCEE5403F532
:10F640000A8E108F1174027810121274AE10AF115E
:10F650008029751004751100781012101D740212A3
:10F6600012E5AC82AD8312F393121030E50C240442
:10F67000F50CE50D3400F50D12F6FC12F6E070D233
:10F68000E50A60597E007510048E11781012101D65
:10F6900074021212E5AC82AD83AA08AB09A90B1261
:10F6A000F3991210308019751001781012101D8E08
:10F6B0001074021212E512F38912103012F6EF0ED6
:10F6C000AF0A74FF2FF50A0470DD8518828519834F
:10F6D000AC82AD83AA08AB09A90B121D6C02ED6BBD
:10F6E000EEF8EFF9E824FF1EE934FFFFE84922E5D0
:10F6F0000C2401F50CE50D3400F50D2285188285EA
:10F700001983AC82AD83AA08AB09A90B121D6CE565
:10F71000082404F508E5093400F5092274EC120AFE
:10F720006374F81210AE89088A108B11ECFEEDFF9D
:10F73000741C1212E512F912741E1212E5E0F50C97
:10F74000E912EFEC12F90A75090085188285198310
:10F75000EAF0A3EBF074021212E5EEF0A3EF12F957
:10F7600031AA0AAB0BA908121D6C7512087513009B
:10F77000781212101D74021212E5AC82AD83AA0A2F
:10F78000AB0BA90812F399121030851882851983E2
:10F79000E065107004A3E06511600302F8A674022E
:10F7A0001212E5E06E7003A3E06F600302F8A6E5B5
:10F7B0000C700302F884850E82850F83EEF8EFF952
:10F7C000E85403F50CE58245837015E875F0FFA455
:10F7D000F8AAF075F0FFE9A42AF9E8FAE9FB80201D
:10F7E0007A007B00800AE0FCEA2CFAEB3400FBA3F1
:10F7F000E8FCE9FDEC24FF18ED34FFF9EC4D70E670
:10F80000E50C601E7404C3950CF895E0F9E875F0FA
:10F81000FFA4F8ACF075F0FFE9A42CF9EA28FAEBA4
:10F8200039FB74041212E5EAF0A3EBF012F8FDE5DF
:10F830000E450F6017780E12101DEEFCEFFDAA0AA0
:10F84000AB0BA908121D787402121030EEFCEFFD0C
:10F85000AA0AAB0B12FCF174041212E5E068700303
:10F86000A3E069702274041212E512FD29740412D7
:10F8700012E5E0687003A3E069700C8518828519B1
:10F880008312FD2275090174021212E5C3E094F49B
:10F89000A3E094FF40067EFC7FFF804374021212B7
:10F8A000E512F926803974021212E5C3E094F4A33C
:10F8B000E094FF40067EFC7FFF800874021212E590
:10F8C00012F92612F91AF8740899F9C3E89EE99F0B
:10F8D000500812F91AFE740899FFE50812F27EE545
:10F8E00008C333F8E433F974E328F582740312F2A1
:10F8F0008BA90974081210307F0C020D18E50A2438
:10F9000008F50AE50B3400F50B22E0F50AA3E0F553
:10F910000B22E0F50EA3E0F50F22E50812EFF0123E
:10F92000ED65E4C3982212F0172408FEE93400FFC5
:10F930002212F93522F0851882851983AC82AD83B5
:10F9400022C082C0837900E9C333FCE433FD74FB39
:10F950002CF58274883DF583E06A7003A3E06B6048
:10F960000709E9C3940340DFD083D082020FE27419
:10F97000F6120A63E9FE8A088B09ECFAEDFB12F92C
:10F98000FA500E12FA03EE12FA0FE508F0A3E50999
:10F99000F07F02020D18C082C083121D3080C9742E
:10F9A000F2120A63EAFEEBFF8C088D09740E121244
:10F9B000E512F90A794E12209CE97004790A803721
:10F9C000EEFAEFFB121D4EEA4B6010EEFCEFFD90DD
:10F9D00004EEE0F9121D907900801C780A12101DC7
:10F9E000AC08AD09EEFAEFFB7901121D5474021256
:10F9F0001030E960C7790902F279121D8AE9F8C36B
:10FA000094032274EF28F58274043400F58322F005
:10FA1000E812FA1522C333F8E433F974F228F582B8
:10FA2000740439F5832274E8120A6374F51210AE77
:10FA30008A168B178C0C8D0D74231212E5E0F512CB
:10FA4000A3E0F513751100794E12209CE970057939
:10FA50000A02FCD2E5124513700302FCD0AA16ABD1
:10FA600017121D4E8A088B09A808A909880A890B54
:10FA700074011212E5E8F0A3E9F09004EEE0F5104D
:10FA8000E8450B7005790902FCD275080875090074
:10FA9000780812101D74051212E5AC82AD83EA24B9
:10FAA000F8FAE934FFFBA91012F39912103074052B
:10FAB0001212E5E50C2512F8E50D3513F9C3E098AF
:10FAC000A3E099408A12FCE21212E512F912AE127A
:10FAD000AF13750800807175140175150078141244
:10FAE000101D74021212E5AC82AD83AA0AAB0BA9F9
:10FAF0001012F399121030851882851983E0F88569
:10FB00000E82850F83E06860267508017407121263
:10FB1000E5C3E098F0A3E09400F0850E82850F83A2
:10FB2000E0F874071212E5E028F0A3E03400F0E5F5
:10FB30000A2401F50AE50B3400F50B850E82850FCA
:10FB400083A385820E85830F12F6E0708AE508A2F2
:10FB5000E0400302FCD0851882851983E4F0858299
:10FB600008858309780812101D74071212E512FC2B
:10FB7000DCAA16AB177900121D547402121030E97A
:10FB8000F508700302FC7A74051212E512F00A40BF
:10FB9000067EFC7FFF800B74051212E512F013FE47
:10FBA000E9FF12FD0774091212E5E0F47003A3E007
:10FBB000F4700A7C0074011212E512FD17780C1221
:10FBC000101D780A12101DAC0874051212E512F20D
:10FBD000F8A910121D7E740412103012FCE21212E9
:10FBE000E5120E18AC12AD13AA0AAB0BA908121D30
:10FBF00078740212103074051212E5E0C3950CF807
:10FC0000A3E0950DF9E8C39512F50EE99513F50FEC
:10FC1000780E12101DE50A2512F50AE50B3513F5CD
:10FC20000B780A12101DAC0874051212E5E0250CC1
:10FC3000F8A3E0350DF9E82512FAE93513FBA91010
:10FC4000121D7E740412103012FD0774051212E5A5
:10FC500012FCFF12FCF174071212E5E0687003A3B6
:10FC6000E069701674071212E512FD29740712126A
:10FC7000E5E0687003A3E069600575110A80087407
:10FC8000031212E512FD22851882851983E0602691
:10FC90006510700B740A6511700512F0018017125F
:10FCA000F1DC85188285198312F004851882851984
:10FCB00083E09004EDF0851882851983E06510607B
:10FCC0000F740A651160097C01EC1212E512FD1730
:10FCD000A911740B1210307F10020D18E0FCA3E084
:10FCE000FD22E50A250CF50AE50B350DF50B74250B
:10FCF00022A908121D668A0C8B0DA80CA90D2212D0
:10FD0000FCDCAA0AAB0B22E50812EFF0E0C39EF57B
:10FD10000AA3E09FF50B22E0FAA3E0FBA910121D55
:10FD20005A2212FD38121D902212FD38121D608ACF
:10FD30000C8B0DA80CA90D22E0FCA3E0FDAA0AABD8
:10FD40000BA9082274F0120A63EAFEEBFF8C0A8DFD
:10FD50000B74101212E5E0F50CA3E0F50D7412120D
:10FD600012E5E0F508A3E0F50912F9FA50278882B8
:10FD7000AE82780C12101DAC08AD09EE12FA15E037
:10FD8000250AFAA3E0350BFB74EF2EF582740434D8
:10FD900000F5838023EEFAEFFB121D4EEA4B700450
:10FDA000790A801E780C12101DAC08AD09EA250AEC
:10FDB000FAEB350BFB9004EEE0F912F399121030D8
:10FDC000790002F38474F6120A63E9FE900510F0DC
:10FDD00090058874C3F090050F7401F0121C6A8EB0
:10FDE00008AA087B00121C707AEE7B10121B86EEAC
:10FDF000F9121E0290051A740FF0A3740BF090050F
:10FE00001274FFF0A3F09005267401F0A3740BF0B8
:10FE100090051E7401F0A3E4F09005327402F0A383
:10FE2000740BF090052AE4F0A3F002FFF874F412CA
:10FE30000A63EAFEEBFF5480704DEEA2E0507412AC
:10FE40001E44121C9AEA24B8FCE4340BFD7A017BB0
:10FE500000900510E0F9121DD8EE6401FAEFFB8066
:10FE600056A3E090050FF064076005E0640670108B
:10FE70007CB87D0B7A017B00900510E0F9121DD84B
:10FE8000AA08AB09121CA6900510E0F9121CB28A50
:10FE9000088B09EA450960148A828B83E024E660B6
:10FEA00006244960BC80D9121E3880D4EEFAEF6473
:10FEB0008080AB7A007B007F04020D18020FE27491
:10FEC000F6120A63EAFE74075E601D900587E07013
:10FED000177C507D007A377B0579001221AA8A08A9
:10FEE000A808900587E028F002FFF874F6120A636C
:10FEF00074E71210AE851882851983AC82AD8375C4
:10FF0000838975820B7405120F5E74051212E5ACBD
:10FF100082AD837583877582887414120F5E121CFC
:10FF2000648518828519837401F09004B9E0C0E0FB
:10FF300074011212E5D0E0F09004B8E0C0E0740261
:10FF40001212E5D0E0F0F508750900780812101DCE
:10FF500074031212E5E0F508780812101D7C8C7D00
:10FF60008874091212E5AA82AB8312251074041258
:10FF70001030790374051212E5AA82AB8312214472
:10FF800074051212E5AA82AB83121C76EAFCEBFD23
:10FF900074051212E5AA82AB8379001221B07C02AB
:10FFA0007D007A497B8979001221B075081E780896
:10FFB000121021750811750905780812101D7403B7
:10FFC0001212E5858208858309780812101D7508CC
:10FFD00003750900780812101D75080178081210C1
:10FFE0001D79207CEE7D107A2A7B05121B9E7409F8
:0DFFF00012103074191210307F02020D182B
:020000040002F8
:108000008882898312839A22129FD5F9EA229004EA
:1080100009129FD5FB1218F222E0F508E4F509F5E4
:108020000AF50B227401F0900B10E0640F22740922
:108030001210307F04020D18EE2412FAEF3400FB08
:10804000121A96E9221210307F06020D18790512D5
:108050001AA2740422A3A3E024F5C39412221222CC
:10806000048A0C8B0D8C0E8D0F22121B7A900B3014
:1080700012A8717A147B0022C082C0839004091276
:108080009D756009900409129FD0121D2A90040664
:1080900012953D7408F0A3E4F0A3F0900475F090FD
:1080A000040BF07C0BFDF97A0C7B041226667C0B2A
:1080B0007D0079007A177B041226660294AA74F177
:1080C000120A6374F71210AEEAFEEBFF128CCB7447
:1080D000051297497403F0EE24020A0AEF340012E5
:1080E000817F2421FCEF3400FD8C828D83E0888227
:1080F000898312818A600BEE241F128CCE74FFF0EC
:10810000A3F0EE241FEF34001C1CFD8C828D83A392
:10811000E0C0E0129407D0E012818A88828983123D
:108120009ACF7403F0EE2417F508EF12B157AC089C
:10813000FD851882851983AA82AB8312248C74086A
:108140001212E57403F0EE242212B1291210197CE8
:108150000B7D00AA08AB0912AD33121030900B252D
:10816000120E1874021212E5AC82AD8312A512121F
:108170001030E97007EEFAEFFB12198802B19FFB8D
:10818000128196E8F0A3E9F0EE22F0128196E8F071
:10819000A312B50DE0221282638A828B832274F0CF
:1081A000120A63EAFEEBFF8C088D09890A7410122B
:1081B00012E512B15C74121212E512B58BEE2402B4
:1081C0000A0AEF3400FB128263850F0DE50D8882E9
:1081D000898312828DE50E12828DE50A12827F90CC
:1081E0000B2A12827A900B2912827AED12827BEC92
:1081F00088828983F0E8FC8A828B83E0C39C8E822C
:108200008F83A3A3A3A312A96012A09A85088285D5
:108210000983A3A3A3A3A3A3A3A3E06403700512EC
:1082200082718004128CCBE41297497409F0750CAA
:108230000C750D04750E00780C121019129E9F1209
:108240001030750CFF750DFF780C12101DAC08ADC9
:108250000912A512121030E97007EEFAEFFB12199D
:108260008880388A828B83E024FFF8A3E034FFF90A
:1082700022EE240E12AAC7740122E088828983129A
:10828000828322F0E824FF18E934FFF92212828366
:1082900088828983221287D31210307F08020D183A
:1082A00074F0120A63EAFEEBFF890B8C0E8D0F75DA
:1082B0000A00A2AFE433F50CC2AF9004228035125D
:1082C000837E502D12838B6403702612A3E88508E9
:1082D00082850983A3A3E02405FCA3E03400FDEE1E
:1082E000FAEFFB12248C12A3F17410250AF50A157B
:1082F0000B12936012B05AE50B6006E50845097051
:10830000BEE50CA2E092AFA2AFE433F50CC2AF9091
:10831000042280222402F8E50912B1ABFAE9FB8AB3
:10832000828B8312AAB812A42212940712A42205E7
:108330000A150B129360129371602512838B6402ED
:1083400070F112837EE50840CB12918BE509128310
:108350007850E0850E82850F837401F0E50B70D3B1
:10836000E50CA2E092AF8E828F83E50AF0EE24FF47
:10837000FAEF34FFFB02829B12875CA2E522E5083C
:1083800012A40AE50912875CA2E622850882850903
:1083900083A3A312940F12839A22A3E01313543FD2
:1083A00054032274ED120A6374F61210AE89128A15
:1083B000108B0F851882851983E4F0900428E0C3A0
:1083C000940840057511078003E0F511E51133337A
:1083D0003354F8900B0FF8E0282433F50A129DE788
:1083E0007003028517EA250AF8EB3400F9EA240243
:1083F000F50AEB3400F50B850A82F58312A09A90FA
:108400000B0FE0FCFAC3E49AFA95E0FBE82AFEE9D8
:108410003BFF900B0D12A40F750E00780C12101973
:108420007D00EEFAEFFB12AD331210308518828515
:108430001983AC82AD83A911EE24FFFAEF34FFFB60
:1084400012189E8A0C8B0DAE0CAF0D8E828F83E4BA
:1084500012A42CE50FC454F0F9900476E0C4333331
:1084600054C0F8900B09E0A2E0E4331313484944E8
:108470000F12A428E510C454F045128E828F83F0A9
:10848000EEF8850A82850B83E0C39885088285090A
:1084900083A3A3A3A3F0850A82850B83EEF0A3EF49
:1084A000F0E508240E128525E508240D12852574B3
:1084B000091212E5E4F0750C17750D04780C121012
:1084C000197C0B7D00E5082417FAE509129EA81215
:1084D0001030851882851983E0600EE508240EF5BA
:1084E00082E509128B7ED2E3F0E4F50AF50B780AF7
:1084F00012101D74031212E5AE82AF83121A84EEBD
:10850000FCEFFDAA08AB0912A518121030E9AA0861
:10851000AB096007121CA67A007B00740A121030A7
:108520007F0B020D18F582E50912AACAE4F0227445
:10853000F3120A638A0A8B0BA2AFE433F50CC2AFC5
:108540007508007509009004228026128762501E6B
:10855000850A82850B83A3A312B58B129FCA121AB8
:108560008AE9600A128752C2E6F08E088F091287E4
:10857000421289A070D5E5084509600612863FD2EF
:10858000E6F0E50CA2E092AF7F05020D1874F01240
:108590000A63EAFEEBFF8C0C8D0D750E00A2AFE4B2
:1085A00033F50FC2AF7508007509009004228024CE
:1085B000850A08850B0912863FD2E4F0E50812917E
:1085C0008BE509128B7ED2E7F0E50A24FBF582E504
:1085D0000B12B18D12B111E50A450B604BE50A1281
:1085E000A40AE50B128B7EA2E750DE850A82850B7A
:1085F00083A3A3120E18AC0CAD0DEEFAEFFB121A0A
:10860000907402121030E960C0E508450960A1E5E8
:1086100008240DF582E50912899A700C8508828577
:10862000098312A9EED2E4F0E50FA2E092AFE508CB
:1086300045096006121982750E01A90E02829BE59A
:108640000812A40AE50912875C2274F2120A637404
:10865000FE1210AE750C00750D0085188285198309
:10866000E4F0A3F0A2AF33F50AC2AF90042212B136
:1086700019802FEE24FBF582EF34FF12973712108A
:108680001D128734121030EEFCEFFD85188285191B
:1086900083AA82AB83121CBEAE08AF09900428E007
:1086A00014F0EE4F60251287625017EE240B1287EC
:1086B0004C24FFF0A3E034FFF088828983129D757B
:1086C00060B18E0C8F0D12874280A3E50AA2E09262
:1086D000AF900428E0602C900B10E0640F600690CF
:1086E0000475E0701E7A007B04121B7A90891412C4
:1086F0000E147A007B041287D3121030800574F0B8
:1087000012941C851882851983AA82AB83121CC41B
:108710008A088B09AE08AF09EE4F60131218AA122F
:108720008752A2E28E828F83A350D374E980D174E2
:1087300002028045EEFCEFFD7A227B04121CD0740D
:108740000222EE24FBF582EF12B18D22F8EF12B176
:108750004A2212875622EE2410F582EF3400F58368
:10876000E022128756A2E72274F7120A63EAFEEBB0
:10877000FF1218AA9010D512940B1226E3E9640197
:10878000900B2C700AE02401F8A3E034008004E090
:10879000F8A3E0F9EE240B128CCE12A09A900428D4
:1087A000E0701F900B10E0640F70177A007B0412CA
:1087B0001B7A908914120E147A007B041287D3124C
:1087C0001030E5A8F8C2AF900428E004F0E8A2E772
:1087D00002A05C121B6E74042274F7120A63EAFE94
:1087E000EBFF12880FF01218AAEEFCEFFD7A227B45
:1087F00004121CCAE5A8F8C2AF9004281290439056
:108800000B10E0640F70057908121A3C02990512EA
:108810008756C2E42274F7120A6374EA1210AEEAB1
:10882000FEEBFF900B09E060358518828519837493
:1088300001F01212E5E41288A51212E5AA82AB83B8
:1088400012248C8E828F8312A9EEC0E0740A121259
:10885000E5D0E012A74D740B1212E5129A98741627
:10886000028D60C082C0831218920294AA74F7121B
:108870000A6374EB1210AEEAFEEBFF8518828519CD
:108880008374061288A51212E5AA82AB8312248C87
:10889000EE2407FCEF3400FD740A1212E5129A98D8
:1088A0007415028D60F0EE2412FCEF3400FD7402AA
:1088B0002274F7120A6374F71210AEEAFEEBFFEEB1
:1088C0002421128B7B604112A51E85188285198395
:1088D000AA82AB8312248C74081212E57403F09000
:1088E0000B25120E18EE241F128CCE120E18900BB0
:1088F00038E0F974041212E5AC82AD83EEFAEFFBB6
:1089000012189874041210307409028D6074F212F7
:108910000A638A088B09750A00750B00750CE7A2BB
:10892000AFE433F50DC2AF90042280078E0A8F0B9F
:108930001287421289A0602B12876250EF1289942D
:1089400070EAEE242E12898C8A828B83A3A3E068BE
:1089500070DA780A12101D12873412103090042831
:10896000E014F0E50DA2E092AFEE4F6013EEFAEFE7
:10897000FB1218AA79F0EEFAEFFB121A42750C00FE
:10898000A90CAA08AB09121A42028048F582EF121C
:10899000875CF822EE240DF582EF12875C640122D9
:1089A000E0FEA3E0FFEE4F2274F4120A6374F712A4
:1089B00010AEEAFEEBFF1218ECE9F508704AEE245F
:1089C0000E128B7B60427A007909121934EA4B60EF
:1089D0003774081212E5128A18120E187508FF75FE
:1089E00009FF780812101D8E828F83A3A3A3A3A36F
:1089F000A3A3A3E0F974041212E5AC82AD831218AC
:108A0000987404121030800D8E828F83A3E50812B3
:108A10008BDD1218F802802E740212B17874FFF008
:108A2000A312AD4C2274F1120A63EAFEEBFF750843
:108A3000008E828F83A3A3A3A3A3A3128055400318
:108A40007508E88E828F83A3A3A3A3A3A3A3A3A3E4
:108A5000A3E0C3941040057508E880138E828F83CD
:108A6000A3A3A3A3A3A3A3A3A3A3E0640F600B905A
:108A70000452E0540870037508E8EE240B12898C48
:108A80008E828F83A3A3A3A3A3A3A3A3A3A3E0C3C3
:108A900098500DEE240B128B7B640F60037508E871
:108AA000900B29E0F47003A3E0F470037508EC7AEE
:108AB000237B00121D2490040912B1B59004091201
:108AC0009D7560288E828F83A3A3A982AA83890CB7
:108AD0008A0D750E00780C1210197C237D0090040D
:108AE00009129FD012AD33121030800375081AA9F5
:108AF0000802B1A474F5120A63EAFEEBFF8E828FBE
:108B000083A3A3A3A3A3A3A3A3E0900B1012AD522E
:108B1000900B2BF0EE240B128B7B900B0B12AD48BD
:108B2000A3A3A3A3E0900476F0F912231290047695
:108B3000E0600CEE2404129723EE2406128B829040
:108B40000475128024600474018001E490040BF029
:108B5000EE240D12AD3C1210197C0B7D007A0C7BBB
:108B60000412AD33121030EE24181299501210195D
:108B70007C0B7D007A177B0402959CF582EF1287AF
:108B80005C22FAEF3400FB79E11222FA2274F71228
:108B90000A63EAFEEBFF8E828F83A3E070031280EC
:108BA0000E8E828F83742C12A8EC02990574F71232
:108BB0000A63EAFEEBFF900409129D7560109004B1
:108BC00009129FD0900409E4F0A3F0121D2A8E82AE
:108BD0008F837408128BDD1224F2029905F0EEFAED
:108BE000EFFB2274F6120A63900475E060109004A3
:108BF0000BE0700A128C01EA4B600312198802AA7A
:108C000015900B0BE0FB900B2BE0FA900B10E0F9AA
:108C10001218A42274F5120A6374EF1210AEEAFE61
:108C2000EBFF8E828F83A3A3A3A3A3A3E0A2E240C2
:108C300003028CC6EE242AF582EF340012B589EEC9
:108C40002412FAEF3400FB1218B0E9707990890A07
:108C5000E064017031EE241A129731702985188270
:108C60008519837410F0EE241212B10674021212E8
:108C7000E5128183242A12B10674041212E5E8F089
:108C8000A312B0F5804012AD391210197C0B7D0093
:108C900074091212E512AD2F121030121A84E9FA7B
:108CA00074061212E5858208858309780812101D62
:108CB000EE242A128CCE120E187B3012A6F1790106
:108CC00012804F121030741102959FEE240EF5821F
:108CD000EF12AACA22C082C083900476E060031219
:108CE0001AF60294AAC082C08390046D74BCF0A3EB
:108CF000742AF0A37437F0A3742AF0A374AEF0A31F
:108D0000742AF09010E17439F0A37428F09004579D
:108D1000748CF0A37418F09010CB74BCF0A374188A
:108D2000F09010CD74C2F0A37418F0900452E04497
:108D3000028002F0A3F00294AAC082C083128D4583
:108D40007903029B34EAFCEBFDEA2413F582EB1273
:108D5000875CFA22C082C083128D457905029B345C
:108D6000121030029905C082C083790802AB94C00A
:108D700082C08374FE1210AE80077A227B04128DAB
:108D8000AD900422129D7570F1900424129D7560BF
:108D9000097A247B04128DAD80EF900422E4F0A3C5
:108DA000F0900428F0A3F0A3F074028016121CC403
:108DB000851882851983EAF0A3EB12B06A121A783B
:108DC0002274111210300294AA74F6120A63E9FF99
:108DD0008F087465129E94742A129E99FE8E08FA6A
:108DE0007B00121CA0EA4B6017EA2508F8EB340060
:108DF000F98A828B8312A95AA3A3A3A3E4F0802249
:108E00007A027B00121CA0EA4B60138F0874701268
:108E10009E94742A129190F0A3741A1291A57A006C
:108E20007B0002AA15E9FDEAFC74062DFAECA2E02B
:108E3000501EEA75F00A84A8F0E86014740A2AC388
:108E400098FAE8C394054004740A2AFA740B2AFAC3
:108E5000EDC394134004781480027806E82A2409AC
:108E6000F8E43400F97A0A7B0012080BE8F9020FE3
:108E7000E2C082C083900452E05402600A1224F8D7
:108E8000E960047901800279000294AAC082C0835B
:108E9000900452E054026014900428E0700A129D7D
:108EA000726009128EB15004790180027900029437
:108EB000AA90042BE02410129380A2E722C082C063
:108EC00083908908E0F890042AE0C3985005121CAA
:108ED000A080047A007B000294AAC082C083121A88
:108EE0007879000294AAC082C08374FE1210AE8505
:108EF000188285198312904C600D14606524FE70F1
:108F000003028F86029010900B10E0640F6018121D
:108F10001A4EE97012851882851983129FD090101D
:108F2000CF12940B1226E3900B38E0C0E085188234
:108F3000851983129AADD0E0129032F81290207405
:108F400014129032FCA3E0FD7A247B04121CBEE5CF
:108F5000A8F8C2AF90042A1290437920121A3C025A
:108F60008DA9121A48E98518828519836011129417
:108F70000B740D129032FAA3E0FB1224F280E0127F
:108F8000940B741580BB12938670030290108518A1
:108F90008285198312A9EBC0E0129025D0E01290CF
:108FA000322402F81292772401FAA3E03400FB88FD
:108FB00082898312904C14C394095020129386FA2C
:108FC000851882851983A312B2AFA3A3A3E0F87416
:108FD000A428F582742A129E996A600F129025E0E7
:108FE0006408702C12938664087025851882851990
:108FF00083E0F812938C14129050240AC0E0851874
:1090000082851983129020D0E012905004028F4183
:10901000851882851983AA82AB83121A78028F5F22
:10902000A31294162285188285198312B2BCA3A3B9
:10903000A3221290362212B178E022E5A8F8C2AF3E
:10904000900429E004F0E8A2E792AF22EAF0A3EB53
:10905000129036F8129391A3E022C082C08390044C
:109060002D129D7560081290211226E3800279006E
:109070000294AA74F7120A63EAFEEBFFEE240D12C3
:109080008274F0EE242F128B7BC0E0128CCBD0E0E8
:10909000F0EE2430128B7BC0E0EE2412128CCED086
:1090A000E012A721C0E0EE2413128CCED0E0F0EE47
:1090B000242B128CCE120E18EE2422FCEF3400FD6D
:1090C000EE242D128B7BF912A518121030E97007CF
:1090D000EEFAEFFB121988029905C082C083121ABA
:1090E0004EE960047920800279010294AAC082C00E
:1090F00083EA12A401E0D2E0028D35C082C083125F
:10910000A3FA12899A701112919A400C8A828B8369
:10911000A3E0F9121A428069129184128B7EA2E6B2
:1091200050128A828B83A3E0F99010D112940B1213
:1091300026E3804D12A3FA12899A700D12919A506B
:10914000088A828B83743080358A828B83A3E064A3
:109150001B8A828B83700474228023A3E0700F1219
:10916000A3FA12898F744F28F582742A800D12A3F6
:10917000FA12898F747028F582742A1291901291D4
:10918000A50294AAEA12918BEB22EE240FF582221B
:1091900012AACAE4938A828B8322EA12918BEB1281
:1091A000875CA2E322F090044DE0F9121CAC22741B
:1091B000F7120A63E9FE129D72602EEE702E900483
:1091C0002B12AAB8E4F090042B129FD012197690BB
:1091D000042BE0240E128EB7500312AB7D90042BAB
:1091E000E4F0A3F07910121A3C029905741B6E701A
:1091F0001012927B640570C690042B12AAB8EE8000
:10920000C474E96E705090042BE02411F812927728
:1092100060E690042BE0240E181818129277A2E250
:1092200090042BE0400C241112927414F01224329A
:1092300080B7240F129276C2E7F012927B6403701B
:109240000C90042BE02410129274D2E2F01292855A
:109250001226E30291CF741C6E709D90042B129F16
:10926000D09010D712940B1226E390042BE4F0A3B5
:10927000F00291E90808081293812290042BE0245F
:109280000D1293802290042B129FD5FB9010CD12CB
:10929000940F2274F4120A63750A00750B00A2AFD2
:1092A000E433FEC2AF129D726008EEA2E092AF02FC
:1092B00093589010D512940B1226E3E94410F890BD
:1092C0000422800985080A85090B129360129371A4
:1092D00060D812863F586870EB780A12101DAC08EF
:1092E000AD0912873812103090042BE508F0A3E581
:1092F00009F0128EB14064900429E014F0EEA2E06F
:1093000092AF90042BE0240E181812B1A9FEE9FFC9
:109310008E828F83E0FA90042BE0F812938CF9127E
:10932000193AE9900426F0A3E412A877E0A2E750E6
:109330001890042BE0241212936C12233690042B05
:10934000E0241312936C12232A90042B129379A217
:10935000E1B3E433F912241A028033900428809A8E
:10936000E50824FBF582E50912B18D22129380F9FC
:109370002212B05EE508450922E0240F12938022F4
:10938000F812B169E022851882851983129391E061
:1093900022129415A3A3A3A32274F7120A63EAFE70
:1093A000EBFF121A7212918AEF12919F400A1289F2
:1093B0009470059089068003908907E0F9EEFCEF30
:1093C000FD7A227B04121CD6E9602FEEFAEFFB90A7
:1093D00010D312940B1226E3EE240EF582EF1294B2
:1093E00094400812903B1219828019EEFAEFFB901C
:1093F00010CB12940B1226E3800A8E828F83A37403
:10940000F112941C0299058A828B8312940F221206
:10941000941322E0F8A3E0F583888222128BDD12F8
:10942000197622C082C0831219820294AAC082C017
:10943000837900900452E05402700712948E500217
:1094400079E8900452E05460700FEA242FF582EB23
:10945000128B7EA2E1500279E88A828B83A3A3A3B8
:10946000A3E0C39475400279E8EA242DF582EB125B
:109470008B7E7012EA242AF582EB128B7E700779BC
:10948000F5121A428024E970F812196480F6EA2471
:109490002FF582EB12875CA2E222C082C0838A820F
:1094A0008B83740DF01224F28000D083D082020FDF
:1094B000E2C082C0838A828B83E4F0A3F012948E90
:1094C000908906E0F8400F900429E0C398400F7996
:1094D000F1121A4280D4900428E0C39850F1129DF2
:1094E000F580F174F6120A63E9FE244AFAE43400C6
:1094F000FB121CA0EA4B601DEE8A828B83A3A3A300
:10950000A3F0EA244AF8EB3400F98A828B83A3A300
:1095100012A09A80047A007B0002AA15C082C08340
:10952000900449E4F090044CF090043512953D7499
:1095300002F090043E12953D7401028D35743CF0AA
:10954000A3741AF0A32274F5120A6374F11210AE18
:109550008518828519837402F074011212E5E9F00E
:1095600060047AFF7BFF74021212E512B1B5750830
:1095700041750904750A0078081210197C0B7D00EA
:1095800074071212E512AD2F12103085188285195A
:1095900083AA82AB831224F2740F800312AD3312BC
:1095A00010307F03020D1874F7120A6374FE121054
:1095B000AE851882851983740AF074011212E512BF
:1095C000B0F57402028D6074F0120A6312AEB1122B
:1095D00012837808790C1208FB78081210157A3873
:1095E0007B0402829574F4120A6374CB1210AE905D
:1095F0000B10E0640F600D851882851983742E129C
:109600009FEA80227A2F7B0412806A12081388084E
:109610008909E4F50AF50B78081210157A2F7B04F6
:109620001287D3121030743502803074F1120A633D
:1096300074F71210AEEAFEEBFF780012972E600767
:10964000E06403600278E8EE2417128CCE12805793
:109650005022E87021EE2417128B82EE24221297FA
:109660002312972E7022EE241912B106900B1F12AE
:10967000A09A802678E8E88E828F83A312A8777458
:1096800017F0121A5402B19F900B1F74FEF0A3043E
:1096900012973F7A167B0B12248CEE2425F508EFE7
:1096A000340085080CF50D750E00780C1210197C2D
:1096B0000B7D007A417B0412AD331210301282719F
:1096C000129749740212973F851882851983AA82DE
:1096D000AB83122480EE2422F582EF3400129737F8
:1096E000121019129E9F121030EE2402F8EF12B1E0
:1096F000ABFAE912817F242412A527780812101DE5
:1097000074021212E5AC82AD8379831A1A12A5167F
:10971000121030E96003029685EEFAEFFB12198809
:10972000029685FAEF3400FB79501222FA22EE24D9
:1097300021128759640222F58312B05E780C22F060
:10974000EE2419FCEF3400FD22F0EE240D12AAC71E
:109750002274F6120A6374F71210AE90044CE07093
:10976000387401F0F91223E4851882851983AA82DE
:10977000AB83121A7E750841750904780812101D12
:10978000900B25120E187B0174041212E5AC82AD09
:10979000837A0312804D121030740902AA1274F7F2
:1097A000120A6312997C7004A374EBF090044CE0ED
:1097B000A2E25003C2E2F0E0A2E1500512998D80CE
:1097C000098E828F83742A12A8EC02990574F41210
:1097D0000A6374FE1210AE12988CEE2402F8EF3475
:1097E00000F9129AB9851882851983129AD3E0F587
:1097F0000B7012851882851983AA82AB8379531264
:1098000022FA12B04C12AD391210197C0B7D007A7D
:10981000417B0412AD3312103085188285198312F2
:109820009FD0A90B1219B290044CE0A2E1500A8E0D
:10983000828F83A3E0F91219B890044CE4F074020B
:1098400002803074F7120A63EAFEEBFF8E828F8388
:10985000A374EBF090044CE0A2E1500579EB1219EF
:10986000B8EEFAEFFB1219E802990574F7120A63D1
:1098700012988C900449E4F090044CF07AFF7BFF3E
:109880008E828F83A3E0F91219B28079EAFEEBFF92
:1098900079011223EA7A2F7B04121B7A7A387B042F
:1098A000121B7A2274F7120A63EAFEEBFF1219E226
:1098B000804C74F7120A631299E5A3A3A3E0600336
:1098C000E4800274EB1298F15003C2E2F0E0A2E1EE
:1098D000500512998D8011A2E0500D8E828F8374F5
:1098E0002AF0A374EB12A8ECEEFAEFFB12199A809F
:1098F000148E828F83A3F090044CE0A2E222EEFA51
:10990000EFFB121AEA7F01020D1874F6120A63EADD
:10991000FEEBFF90044CE0D2E1F079011223E4EE7B
:10992000240D12995012101DEE240B128CCE120E23
:1099300018EE2402EF3400FF0E0E7401C0E0121A7C
:1099400084E9FAD0E0FBEEFCEFFD12804D02AA1292
:10995000F508EF12B15778082274F7120A631299CA
:109960007C7004A374EBF090044CE0A2E25003C2BC
:10997000E2F0E0A2E1500312998D8089EAFEEBFF4C
:1099800079011223EA8E828F83E0642022C2E112E1
:10999000A731E0F91219B82274F7120A63EAFEEB54
:1099A000FF79011223EA7A2F7B0412B33CE06003B3
:1099B000E4800274EB1298F15003C2E2F0E0A2E1FD
:1099C000500312998D0298E874F7120A631299E510
:1099D00074EB1298F65003C2E2F0E0A2E1500312D9
:1099E000998D029905EAFEEBFF79011223EA8E8236
:1099F0008F83A32274F7120A63129A0A0298FE74E4
:109A0000F7120A63129A0A029905EAFEEBFF7A2F0F
:109A10007B04121B7AEEFAEFFB121A0C2274F71277
:109A20000A6374EF1210AEEAFEEBFF12A6F17A168B
:109A30007B0B12247AE9605B85188285198374098F
:109A4000F074011212E574EF12B180129AB9F87431
:109A5000021212E5E8129AD3A3A3E0C0E074041244
:109A600012E5D0E0129ACFE0640870168E828F83E0
:109A7000A3A3129AADA3E0C0E074051212E5D0E0F2
:109A8000800674051212E5E412A74D74061212E561
:109A9000129A987411028D60AA82AB83121AB4854F
:109AA0001882851983AA82AB831224F222129AB1FA
:109AB0002212B2C0A3A3A3A322E8FAE9FB8A828BF5
:109AC0008312A87188828983E0FCA3E0F9EC22125A
:109AD000A74222F0A3E9F08A828B8312B2BC22C093
:109AE00082C083121AF60294AAC082C083900469CD
:109AF00074FCF0A37429F0A3749BF0A3742AF09073
:109B000010DB74FDF0A37428F0A37475F0A3742720
:109B1000F090045574ACF0A37419F0900452E04432
:109B200001028D35C082C083EAFCEBFDEA241612E7
:109B30008D4C7902121A600294AA74F6120A6374A8
:109B4000FE1210AE90044E129D7560077A4E7B0493
:109B5000121A78900454E4F09004FF129D75602C62
:109B6000800D851882851983AA82AB83121A78909A
:109B7000044DE0F9121CB28A088B09A808A90985CE
:109B8000188285198312A09AE84970D602AA107427
:109B9000F6120A63E9FA7B0090044DE0F9121CDC2E
:109BA00002AA1574F7120A6374F01210AEEAFEEB03
:109BB000FF89088E828F83E0F8745A28F582742A10
:109BC000129E99C0E074011212E5D0E0F0640B70AF
:109BD0000D8E828F83A3E9F0121AD8029CACE0703C
:109BE00003029CAC640C6003029C98741A650870B4
:109BF0000B74041212E5E4F0A3029C977404121291
:109C0000E5EEF0A3EF12A719C0E074031212E5D03D
:109C1000E0129ACFA31212BA74061212E51212AE13
:109C20008E828F83A3A3A3A3A3A3A3A3A312B10D87
:109C3000740A1212E5128183240E128B7BA2E45067
:109C400009851882851983E48012EE241112898C0B
:109C5000900B32E0C398851882851983F0E0C0E04C
:109C6000740C1212E5D0E0F0EE2414128B7BC0E0ED
:109C7000740D1212E5D0E0F0EE2415128B7BC0E0DB
:109C8000740E1212E5D0E0F0EE2416128B7BC0E0C9
:109C9000740F1212E5D0E0F074021212E5E508F03C
:109CA00074011212E5AA82AB831224F27410028DA1
:109CB00060C082C083900454E0700479018002790E
:109CC000000294AAC082C083900454E0640370042C
:109CD0007901800279000294AA74F6120A63900452
:109CE00054E0C333F8E433F974D928F58274103999
:109CF000F58312A1DFC2E7F0C333FCE82CF582E95B
:109D0000128CD1A3E493FEC333FCE433FD74D92C4D
:109D1000F58274103D12B589EC4D6005EE90045447
:109D2000F08A828B83E0C333FCE433FDE82CF582B8
:109D3000E93DF583E493F508131313541F54FEF81B
:109D4000746328F5827404128CD1129D757005120B
:109D50001AC6801BE508540FC333FCE82CF582E9D2
:109D6000129E99C0E0740193F583D0821226E3021B
:109D7000AA1590042B12A871E8492274F0120A6304
:109D800074FE1210AE890FEAFEEBFF89087486128A
:109D90009E94742A129E99129DE7603B8A828B835F
:109DA000E50FF0A3E4F08E0C8F0DF50E780C121079
:109DB00019850F0A747B250AF582742A129E99FC74
:109DC0007D00EA24020A0AEB129EA8121030AA08AB
:109DD000AB09129DF5800B851882851983E50F125A
:109DE0009EB17402028298FA7B00121CA08A088B32
:109DF00009EA45092290044DE0F9121CAC2274EEE8
:109E0000120A6374FE1210AE890C8C088D09890E3B
:109E10007486250EF582742A129E99F50EEA600664
:109E20007405250EF50E850E10AA107B00121CA0DD
:109E30008A108B11AE10AF11EE4F60418E828F836E
:109E4000E50CF0A3E4F0EE250EF8EF3400F98E8275
:109E50008F8312A738E4F0F50A7808121019850CE0
:109E600008747B129E94742A129E99FC129EA11271
:109E70001030EEFAEFFB129DF57900800D85188207
:109E8000851983E50C129EB1791A74021210307F85
:109E90000A020D182508F5822212AACAE493227C30
:109EA0000B7D00EE2417FAEF3400FB121C7C7403C8
:109EB00022F0791AAA82AB83121A4222C082C0838E
:109EC000E990044D028D3574F6120A6374FE121087
:109ED000AEEAFEEBFFEE54207031803AE5A8F8C2FE
:109EE000AF90042AE0141290458A828B8312B192BB
:109EF00090045012B1B5121A54851882851983E066
:109F0000641560077A507B04121A787A247B041255
:109F10001CC4EA4B70C6EF54807008801290045045
:109F2000129FDA90044DE0F9121CB2EA4B70EEEE8B
:109F30005410600B851882851983742D129FEAEEE8
:109F4000A2E0500B8518828519837424129FEAEED3
:109F50005402600B8518828519837425129FEAEEDE
:109F60005404600B8518828519837426129FEAEECB
:109F70005408600B8518828519837428129FEAEEB5
:109F80005440600D74011212E512B173742C129FCB
:109F9000EAEE5480600D74011212E512B173742F51
:109FA000129FEA90044E129D756018E5A8F8C2AFA2
:109FB00090044E129FD090044EE4F0A3129045A35B
:109FC000129FDA7A007B0002AA108E828F83A3A3ED
:109FD000129FD5FB22E0FAA3E022EAF0A3EBF012F5
:109FE0001A547A507B04121A7822F0AA82AB831298
:109FF0001A5422C082C08390045012B10DEA6870D6
:10A0000002EB697007900450E4F0A3F00294AA7484
:10A01000F7120A63EAFEEBFFEE4F70031220A2A2D2
:10A02000AFE433F508C2AF8E828F83129D7560282E
:10A03000E824FBFAE934FFFB90045012B58BE86C7E
:10A040007002E96D7007900450E4F0A3F08E828FE7
:10A0500083E4F0A3F0121D2AE508A2E092AF029972
:10A0600005C082C083900B1FE064FE7003A3E0F480
:10A0700070097C167D0B122480801C8A828B83A33E
:10A08000A3A3A3A3A3A3A37402F0900B1F12B10D6B
:10A090008A828B8312A09A0294AAE8F0A3E9F022A4
:10A0A000C082C083900B2912B1364004790380022C
:10A0B00079020294AAC082C08312A1E88C828D83A7
:10A0C00012800468703B740268701C8A828B831251
:10A0D000A106E068702B8A828B83A312A106A3E0FD
:10A0E00068701E7901801C7403687015EC2405FCEF
:10A0F000ED3400FDEA2405FAEB3400FB12248680DF
:10A100000279000294AAA3A3A3A3A3E0F88C828DF2
:10A1100083A3A3A3A3A32274F7120A6374091212E0
:10A12000E512B10D750800128000FE8A828B83A3B0
:10A13000A3A3A3A3A3A3A3E06E706674026E704EE4
:10A140008A828B83C082C08388828983A3A3A3A3CE
:10A15000A3E0FE88828983A3A3A3A3A3A3E0FBEECD
:10A16000FAD083D082E06A7003A3E06B70338882F8
:10A170008983A3A3A3E0FA88828983A3A3A3A3E08E
:10A18000F9EA6C7002E96D701875080180137403A8
:10A190006E700EE82405FCE93400FD122486E9F512
:10A1A00008A908029905C082C0838A828B83A3A371
:10A1B000A3A3A3A3A3A3E064027016900B1F12A194
:10A1C000DF687003A3E06970047901800F79008073
:10A1D0000BEAFCEBFD7A167B0B12247A0294AA128E
:10A1E000A8718A828B83E0228A828B8312839AF8F9
:10A1F0002274EA120A638A088B098C128D13741672
:10A200001212E512B15C750A008C828D83A3A3A3A0
:10A21000A3A3A3A3A3E0F510E9A2E75008750CFFE0
:10A22000750DFF8006900B2512A40FE9C2E7F5110A
:10A23000EA240EF582EB128378EA500A1291851215
:10A240008CD174088007129185128CD1E412A41766
:10A25000A2E2EA500712A4017480800512A40174DE
:10A260001012A417A2E4500CEA2411F582EB128C10
:10A27000D1E48011900B32E0C0E0EA2411F582EBCA
:10A28000128CD1D0E012A417A2E05003750A20A2CC
:10A29000E350067410450AF50A8A828B83A3A3E073
:10A2A00024FFFEA3E034FFFF12A3FA128B7EC394B7
:10A2B00002E040061412A4287403450AF50A851129
:10A2C00014751500740E78141211DDE515F50B7474
:10A2D0000265117012900B2A12A427900B2912AC60
:10A2E00023F012A3F1801A74036511701012A3E811
:10A2F0007C397D0BEEFAEFFB12248C80E5E51160D2
:10A3000026E5106014E50E650C7004E50F650D7010
:10A31000087440450AF50A800E8E828F83E50D127F
:10A32000A43AE50C12A42C85100C750D00740A7863
:10A330000C1211DDE50D450BF50B7402651070185C
:10A3400085128285138312A42685128285138312B7
:10A35000AC23F012A3F1801A74036510701012A3DD
:10A36000E8AC12AD13EEFAEFFB12248C80E5E51099
:10A37000600E8E828F83E50F12A43AE50E12A42C94
:10A38000EEF8EFF9E824FF1EE934FFFFE508240D9D
:10A39000F582E509128B7E7005900B158003900BFA
:10A3A00021E0FA04F0EA8882898312A877E50B128B
:10A3B000A43AE50AF0E5082404F8E5093400F9E5D3
:10A3C000082402FAE5093400FBEEFC8A828B83E064
:10A3D000F50888828983E02508C39C12A960EEF005
:10A3E000A3EFF0790002B124EE24F9FEEF34FFFF71
:10A3F00022EE24FF1EEF34FFFF22EA240DF582EB4C
:10A400002212A40AEB12AACA22E82410F58222E042
:10A41000F50CA3E0F50D22F0EA240EF582EB12878D
:10A420005C22A3A3A3A3A3E08E828F8312A4302275
:10A43000F0EE24FF1EEF34FFFF2212A4308E828F35
:10A44000832274EC120A63890A8A0F8C108D118B97
:10A450000B74141212E512B05A74161212E512A4FB
:10A460000FAA0B1219348A128B13A812A913E8FE33
:10A47000E9FFE8496043128CCBE50B129749E50AE6
:10A48000F0750E00780C121019129E9F1210307881
:10A490000812101DAC10AD11A90F12A51412103026
:10A4A000E97016E50A24F96003147006128752D287
:10A4B000E5F0EEFAEFFB12198880007F0C020D1810
:10A4C00074F7120A63EAFEEBFF7801EE2423128B85
:10A4D0007B60027805128CCBE81297497404F0EE89
:10A4E0002402EF34000A0A12817F242212A527EEEB
:10A4F0002420128CCE120E1812A51E79031A1A12DD
:10A50000A516121030E97007EEFAEFFB1219880257
:10A5100099057903EEFAEFFB121A9C740222EE24DD
:10A5200017FCEF3400FD221287598882898312A715
:10A53000427401F02274F3120A638A088B09ECFE5C
:10A54000EDFF8A828B83740512A7218A828B83A3F5
:10A55000A3F0EA2403F50AEB3400F50B850A821216
:10A56000B10BEE2424128CCE1212BAE82411F5821B
:10A57000E9128CD11212AE12A6F1E8FAE9FB12240C
:10A5800080850A82850B8312AABD129FD08882899A
:10A5900083A3A3A3A3A3A3A3A3A3EAF0A3EB12A75C
:10A5A00019C0E012A409E9128CD1D0E012A7082446
:10A5B0001512A70312A708240E12A70312A74D8590
:10A5C0000A82850B83E02416FAA3E03400FB121AFA
:10A5D000B48E828F83A3A3A3A3A3A3E0C0E0850AC4
:10A5E00082850B83E0240D12B164D0E012A7298587
:10A5F0000A82850B83129FD0EA240BFCEB3400FD0A
:10A6000088828983E08C828D83F0A3E412A711E015
:10A610008C828D83A312B11FFCA30808A983A2E733
:10A62000E433C0E0129184128CD1D0E0F074075C66
:10A6300060047A0180027A0075F00374075CA42A32
:10A64000FAE82AF8E93400F9E5082405FAE50934BE
:10A6500000FB88828983E08A828B8312A711850898
:10A6600082850983A3A3A3A312A95AE0FC5407C3BC
:10A6700033FAEC135438FCEA2CFAE82AF8E912A66B
:10A68000E7A3A3A3A3A3A3A312A73812A6FAE02AC1
:10A69000FAA3E03400FBC3EA98EB99402B8E828F3B
:10A6A00083A3A3E0F8850882850983A3A3A3A3A3BA
:10A6B000A3A3A3A312A6FAA3A3E0C39A28850882A2
:10A6C000850983A3A3A38016850882850983A3A394
:10A6D000A3A3A3A3A3A3E4F0850882850983A3A36E
:10A6E000A3A3A3F00285883400F985088285098335
:10A6F00022EE2412FCEF3400FD22E0FA8E828F83DA
:10A70000A3A32212B164E422F0850A82850B83E0C0
:10A710002212B143A882A98322F0EE242E12875977
:10A7200022F0EE24311287592212A731A312A87108
:10A7300022F08E828F83A322A3A3E8F0A3E912A7BD
:10A74000422212A7462212A731A3A3A322F0EE248D
:10A7500007FCEF3400FD2274F5120A638C088D09A2
:10A76000750A0078081210197C0B7D0002959C0276
:10A770000FE2C082C0837918121A420294AAC082E2
:10A78000C0838A828B83E0C3940B5003121AC002E9
:10A7900094AAC082C083791980DE74F7120A63EA32
:10A7A000FEEBFF90044E129D75601090044E129FB8
:10A7B000D0121ACC7A4E7B04121A78EEFAEFFB1202
:10A7C0001A7290044EEEF0A3EFF002990574F7129E
:10A7D0000A6374DE1210AEEAFEEBFF8E828F83E016
:10A7E00024FD601124FE604E24ED600924FA6046C9
:10A7F000146043804A74161212E5E4F012A51E7428
:10A800000B1212E5AA82AB8312248C74131212E588
:10A810007403F0900B2912B10D74021212E512A00C
:10A820009A740A1212E5740212A86974141212E5DD
:10A83000E8F0A3E9801074161212E5740180BC746C
:10A84000161212E5740212B174740B12A877A3E009
:10A85000C0E074011212E5D0E012A74D7417121275
:10A86000E5129A987422028D60F0900B2512A8715F
:10A8700022E0F8A3E0F922F08E828F832274F7128F
:10A880000A63EAFEEBFF750800EE242012A8DA70D6
:10A8900003A3E06960037508E8EE241712803B60AB
:10A8A00016EE2423F582EF128529E508701AEEFAD8
:10A8B000EFFB121AA88020EE2423128B7B60EB9012
:10A8C0000475E070E57508E88E828F83A3E50812B1
:10A8D000A877741912A8EC02990512AAC712A871D8
:10A8E000900B25E068228E828F837429128BDD12F3
:10A8F0001A5422C082C08374F11210AE7402121274
:10A90000E5740412A960A3E0C0E074031212E5D05C
:10A91000E0F0EA2420F582EB12B109740D1212E581
:10A9200012A09AEA2417FCEB3400FD74041212E51D
:10A93000AA82AB8312248074041212E5AA82AB832C
:10A94000121A96E9600312A9F574021212E5AA829E
:10A95000AB831224F2740F028DC3A3A3E8F0A3E922
:10A96000F08A828B832274F6120A6374E81210AEA6
:10A970008A088B0974021212E57403F0EA2412FEAD
:10A98000EB3400FFEEFCEFFD74041212E5AA82AB7B
:10A990008312248C85088285098312A9EEC0E07495
:10A9A0000C1212E5D0E0F012A9DE1212E5AA82AB79
:10A9B00083121AB4EEFAEFFB121A96E9600312A999
:10A9C000F512A9DE1212E5AA82AB83121AB4740240
:10A9D0001212E5AA82AB831224F274188034E508BF
:10A9E0002407FCE5093400FD740D22129020A3A376
:10A9F00012940FE02285188285198374FFF0A31248
:10AA0000B06A79531222FA900B1F74FFF0A3F02260
:10AA100074021210307F02020D1874F6120A637469
:10AA2000D41210AEEAFEEBFF12AAB2E0A2E6501872
:10AA3000900B2512AABDE0687003A3E0697009902D
:10AA40000476E06041121AF6740B1212E5A882A98E
:10AA50008374031212E512AFBF85188285198374BF
:10AA60002B129FEA900B0AE0600874081212E5E0CE
:10AA700060108518828519837405F0AA82AB831251
:10AA800024F2742C808C900B2EE060BC1280387005
:10AA9000B7EE240712995012101D900B25120E18B4
:10AAA0007B017C167D0B7A03790612804F121030E1
:10AAB00080D08E828F83A3A312940FA32212A87139
:10AAC000EE242A12AAC722F582EF3400F58322C0B1
:10AAD00082C08374EF1210AE8518828519837409C1
:10AAE000F074011212E574EE12B0F6028DC174F723
:10AAF000120A63E9FFA2AFE433F508C2AFEF6003C7
:10AB00001222E812227C12AB7D900476E0F9122327
:10AB100012900B25129FD0122318900B29129FD050
:10AB200012231E7A397B0B1223247E0012AB6B1288
:10AB30009D75600912AB6B12940B1226E30EEEC3E7
:10AB4000940740E8121B4A121A36900477E4F01278
:10AB5000192E900476E4F07A287B0B79521222FAAF
:10AB6000E508A2E092AF7900029905EEC333F8E45C
:10AB700033F9745528F582740439F58322900B3823
:10AB8000E0F9122336900B37E0F912232A22C08213
:10AB9000C0837909121A5A0294AAC082C083900411
:10ABA000637429F0A3742AF0A37491F0A3742AF0BB
:10ABB000A37443F0A3742AF0900452E4F0A3F012BB
:10ABC00022760294AA020FE274F7120A63EAFEEBFD
:10ABD000FFECF8EDF98E828F83740712AC2912AC6A
:10ABE00023A3A312AC29A3A312AC23A3A3A312B142
:10ABF0003FA31212BA8E828F83A3A3A3A31212AE15
:10AC00008E828F83A3A3A3A3A3A3A3A3E4F0E8242A
:10AC100015F582E912898F12B348A3A3A312A09A53
:10AC2000029905E08E828F832212B143A3A3A3A3CE
:10AC3000A32274F4120A63EAFEEBFF900479E41293
:10AC4000AD48E0C39404400690047974E8F08E8225
:10AC50008F83A3A3A3A3A3A3A3E0C3940F40158E44
:10AC6000828F83A3A3A3A3A3A3E06403601590042E
:10AC70007974E8F08E828F83A3A3A3A3A3A3E064D7
:10AC800003700E900452E0A2E0400690047974E84C
:10AC9000F0EEFCEFFD7A787B04121B148E828F831A
:10ACA000A3A37808121283740A780812106490041F
:10ACB0008C78081212568E828F83A3A3A3A3A3A31A
:10ACC000A3E090049012AD52900491F0A3740AF0A6
:10ACD000900B38E0900493F090048912953D740431
:10ACE000F0EE240A12AD3C1210197C0B7D007A9410
:10ACF0007B0412AD33121030900479E07020A3E091
:10AD0000600690047974EAF090047AE0F912234224
:10AD10008E828F837426F079041223DE80078E8260
:10AD20008F837429F0EEFAEFFB121A54028033AAD3
:10AD300082AB83121C7C740322EE2407F508EF1209
:10AD4000B157750A0078082212AD4C2212A746A30B
:10AD5000A32212AD4CA3A3A3E02274F4120A6374DD
:10AD6000F71210AEEAFEEBFF90047AE0702A90042E
:10AD700092E0640A6022122354E9C0E0900492E059
:10AD8000F8900481E028F812B1A924F512B18AD014
:10AD9000E0F0900480E004F090048C7808121283B4
:10ADA0007401780812106490048C7808121256907E
:10ADB0000492E004F0E508A2E04006E0C3941D40E0
:10ADC000D7E0641D60667A927B0479E11222FA90E2
:10ADD000047AE0600464027009EEFAEFFB121B26AD
:10ADE000804D74081212E5740212B17474FFF0A35E
:10ADF000F090047AE06401700679087A8080047922
:10AE0000077A83750894750904780812101D75086F
:10AE1000FF7509FF780812101D7B0074041212E5FB
:10AE2000AC82AD8312804F121030800312A8E6026C
:10AE3000802E74F0120A63750801750900750A0006
:10AE4000750B00900492E07808120F9E7808121299
:10AE50001690047C78081211CA90047AE06403709A
:10AE60000F12AEB11212837808790C1208FB8035EC
:10AE7000750801750900750A00750B00900490E0D3
:10AE80007808120F9E908910780812116B9089141F
:10AE9000780C1212837808790C1208FB90047AE07F
:10AEA000700312234E78081210157A837B040282F5
:10AEB00095900B33128019908914780C2274F51236
:10AEC0000A6374D41210AEEAFEEBFF90047AE064D9
:10AED000026008E06401600302AFBA900479E4F014
:10AEE000740B1212E5A882A98374031212E512AF43
:10AEF000BF900491E0F8900480E0C398400302AF53
:10AF000084A312B05A900480E0F50A803C85088240
:10AF1000850983A3A3A3A3A3A3A3A3A312B10D7421
:10AF2000141212E5E0687003A3E0697013740B1249
:10AF300012E5AC82AD83AA08AB0912247AE9704409
:10AF4000150AE508242112B153E50A70C0740B12EA
:10AF500012E5A982AA8389088A09750A007808126D
:10AF600010197C217D00900480E08CF0A4F8A9F0F9
:10AF7000A3E028FAA3E039FB12AD3312103090049D
:10AF800080E004F0900B0AE0600E74081212E5E015
:10AF90007006900491E0700D851882851983AA824D
:10AFA000AB831224F2900491E0600F900480E0F8EB
:10AFB000900491E068700312A8E6742C02959FE853
:10AFC000F0A3E9F0EEFCEFFD851882851983AA82D3
:10AFD000AB83121AAE2274F6120A6374FE1210AE1C
:10AFE000EAFEEBFFEE241A128B7B64037051EE2411
:10AFF00023128B7B6403704712B04C8E828F83A325
:10B00000A312B05A850882F58312B072795012B03B
:10B010004212B072794B1222FAAA08AB0979E112F6
:10B02000B042A3128008851882851983F0A3E91223
:10B03000B06679531222FA900479E4F012A8E6027D
:10B04000AA101222FA85088285098322EE2412FAB8
:10B05000EF3400FB794A1222FA2212B05E22E0F5A8
:10B0600008A3E0F5092212B06A2212B178AA82ABD5
:10B070008322129FD5F9EA851882851983F0A3E906
:10B08000F0E508240212B153851882851983AA823B
:10B09000AB8322C082C083900479E064E860267AA2
:10B0A000837B04121B7A12234879041223EA90044A
:10B0B0007AE064037006900479E060097A937B0477
:10B0C00079E11222FA7A787B040294A5C082C083C7
:10B0D00074F51210AEEAFCEBFD851882851983AA7F
:10B0E00082AB83121B1474011212E574FC12B0F6C9
:10B0F000740B028DC3E912B06A1224F222C082C01E
:10B1000083790702AB94F582EF3400F58312A871BE
:10B1100022E0F50AA3E0F50B22E0FEA3E0FF2212F5
:10B12000B143E0227F0E020D18F50CEF3400F50D4F
:10B13000750E00780C22C3E094FEA3E094FF221267
:10B14000B14322F088828983A3223400F98882895E
:10B1500083E022F508E5093400F50922E0F50EA3A5
:10B16000E0F50F22F812B16922A3E03400F98882D9
:10B17000898322E412B17822F0851882851983220E
:10B18000F0EE2402F8EF3400F922F582E934FFF5FD
:10B19000832212B19622E0851882851983F02274E9
:10B1A000091210307F07020D18A3E03400F9E822DD
:10B1B000FB88828983EAF0A3EBF022C082C08390EF
:10B1C000049FE4F0A3F09004A1F0A3F09089301262
:10B1D00012BA9010E31212AE9089301212BA901087
:10B1E000E71212AE9004A3E4028D3374F4120A63E2
:10B1F0009004A3E4F0A3F090049F129D75603412B4
:10B20000B2AFC082C0839010E37808121283D0835B
:10B21000D08278081210DA501A12B29C12B3561269
:10B2200010DA500612B35612125690049F12B2A8AA
:10B2300012A09A9004A1129D759004A3602E129DF5
:10B2400075601E9004A112B2B8C082C0839004A39E
:10B2500012B359121283D083D08278081210DA50B8
:10B26000109004A112B2A812A09A8005129D7560D8
:10B270002512B2B5C082C0839010E3780812128301
:10B28000D083D08278081210DA500B12B2B51212A5
:10B29000BA12221080031222160280331222048A6C
:10B2A000088B098C0A8D0B2212A8719004A322121C
:10B2B0009021A3A3229004A312B2BC2212B2C022F6
:10B2C000129413A3A32274F4120A639004A3129D90
:10B2D00075606612B2AF780812128375831075829A
:10B2E000E378081210DA500B1220A29004A3129DEA
:10B2F00075604612B29C9004A312B359120F7F508E
:10B300003812B2B5C082C0839089187808121283AF
:10B31000D083D08278081210DA50031220A2900451
:10B32000A312B119EEFAEFFB12B33CA3A3A312B31D
:10B330004812940B1226E380B2028033121B7A8EDD
:10B34000828F83A3A3A3A322A3E0F98E828F83A37A
:10B35000A3A3A3A3A32290049F12B2BC78082274D3
:10B36000F0120A638A088B098C0A8D0B7410121272
:10B37000E580248E828F83A3A3C082C08390891826
:10B38000780C121283D083D082780C1210DA50031A
:10B390001220A28E828F831289A060428E828F83B8
:10B3A000A3A3780812117E12B3E17002EF6970C393
:10B3B0008E828F83A3A3C082C083908918780C12D9
:10B3C0001283D083D082780C1210DA50A69089189C
:10B3D0001212BA8E828F83A3A31212AE80B502829C
:10B3E0009B9004A312A871EE682274F0120A63A263
:10B3F000AFE433F508C2AF9004A112B11990049FD5
:10B40000120E189010E3780C121283780C12115A55
:10B41000AA0CAB0DAC0EAD0F121B5C7402121030F7
:10B42000803B8E828F83A3A3C082C0839010E37879
:10B430000C121283D083D082780C1210DA40139051
:10B4400010E3780C1212838E828F83A3A3780C12E0
:10B4500011438E828F8312B10DE8FEE9FFEE4F702B
:10B46000C19010E3C0829010E7780C1212837583AC
:10B4700010D082780C1210EF60159010E71212BAFB
:10B480009010E31212AE9010E31212BA1221FE12C3
:10B490001B50E508A2E092AF02829B74F0120A638F
:10B4A000EAFEEBFFA2AFE433F50CC2AFECFAEDFB22
:10B4B0008C828D838008AA0EAB0F8A828B8312B197
:10B4C0005CE50E450F60228E828F83A3A3C082C0ED
:10B4D00083850E82850F83A3A37808121283D083FD
:10B4E000D08278081210DA50CD8A828B83EEF0A3D6
:10B4F000EF12A877E50EF0A3E50F12B50E12B3E434
:10B500007002EF697003121B50E50C8087E9F08C24
:10B51000828D8322EEFAEFFB121B6802829B74F08D
:10B52000120A63EAFEEBFF74101212E57808121299
:10B530008312B5481211918E828F83A3A3780812CB
:10B5400012567C9F7D0480CC12805E7808790C2294
:10B5500074F7120A63ECF8EDF98C828D838004A8ED
:10B5600082A98312B58B8C828D83E582458360141A
:10B57000EA65827003EB658370E5129FD512B1B066
:10B58000790180027900029905F583E0FCA3E0FDD2
:10B590002274F7120A63EAFEEBFFA2AFE433F50868
:10B5A000C2AF7C9F7D04121B74E9700B7CA17D04EB
:10B5B000EEFAEFFB121B7412B3E17002EF69700335
:10B5C000121B5002A05874F7120A63E9FE121BD432
:10B5D000EE9010C0F090030E74B4F0A37426F090B7
:10B5E000031074AEF0A37426F090031274A8F0A3B5
:10B5F0007426F090031474A2F0A37426F002C98696
:10B6000074F7120A63E9FE900302E4F0EE9003017E
:10B61000F090111C12C40B12CA267C7F7D067A059D
:10B620007B0312248C90111EE090030DF002C9865A
:10B6300074F4120A638A088B09EB5480605B9003F0
:10B640000112DDB4604A8E828F83E0640170321291
:10B65000CF7E120E14EE241212E3F9F50A780A12C4
:10B66000102112B6E012101DEE240B12B6D9120EE4
:10B6700018EE241712DDC4121B92740912103080C8
:10B6800008E0640270031225E8EEFAEFFB121CA634
:10B69000AA08E5096480FB803AEAA2E0501790030B
:10B6A0001612CDBE600612C4071226E3E508640137
:10B6B000FAAB09801E5402600C9010BF7401F0EACE
:10B6C0006402FA800EEA54046005EA640480F37AA6
:10B6D000007B0002B7A9EE240CF582EF12CF88227E
:10B6E000EE240FF50AEF3400F50B780A2274F412F9
:10B6F0000A638A088B098A828B83A3A3A3E02410A0
:10B7000012C992FA12D003700302B79C8E828F8303
:10B710007402F0A3E412CFF1A3A3A3A3E8F0A3E97A
:10B7200012CD25A3A3A3A3A3A3A3F0E5082403F8A4
:10B73000E50912C574241012C8078E828F83A3A353
:10B74000A3A3F0EE2409FA12B79E12C9DFF583888D
:10B7500082E0A2E58E828F83A3A3A3A3A3500474E7
:10B76000018001E4F0E5082403F88882898312DD72
:10B770000DEA12E399EB12B6DC12D01F1210191267
:10B78000E06EEB12CA388E828F83A3A312CF97127A
:10B790001030EEFAEFFB90030112D028800BEF344B
:10B7A00000FB8E828F83A3A3227F04020D1874F204
:10B7B000120A638A088B09ECFAEDFB740E1212E58B
:10B7C000E0FC121C048A0C8B0DAE0CAF0DEE4F602A
:10B7D00023AC08AD09121BF2E96019AC08AD09EE03
:10B7E000FAEFFB121BF8E97007EEFAEFFB121BEC05
:10B7F0007900800279B402C41574EE120A6374F7FA
:10B800001210AE8A0A8B0BECFEEDFF750FB3750EAE
:10B8100000750C00750D00800CE50C2401F50CE59D
:10B820000D3400F50D902AC6E493F8740193F9C322
:10B83000E50C98E50D99400302B919AA0CAB0D125D
:10B840001C528A088B09EA450960CE8A828B83A341
:10B85000A3A3A3A3E0250EF50EF510C3E50A9510EA
:10B86000E50B940050B37C157D007900EEFAEFFBF8
:10B8700012CD7DA3A3A3A3E50AC3950EF8E028C3C8
:10B8800033F8E433F9E50828F582E50939F583A3AF
:10B89000A3A3A3A3A312D3F5A312C9BFEAFCEBFD94
:10B8A000EEFAEFFB12C582A3E06401700A12CF7EAC
:10B8B000740112C4F08043851882851983AC82AD6F
:10B8C0008385088285098312DD0B121C3AE9602DFD
:10B8D00074081212E5E0C0E012CF7ED0E0F07408E8
:10B8E0001212E5E06403851882851983700CAC821E
:10B8F000AD83EE240B12C4E3800312CA1A850882BA
:10B9000085098312C56BA3A312CFD9C0E0EE24141E
:10B9100012B6D9D0E0F0750F00A90F7409121030DB
:10B920007F0A020D1874F7120A63E9FE8A828B837C
:10B93000A3A3A3A3A3A3E0540860298A828B83A3B3
:10B94000A3A3A3A3A3E0540260178A828B83A3A3BB
:10B95000A3A3A3A3A3A3A3E06406600574E96E7088
:10B960000312269602C98674E8120A6374F712104D
:10B97000AE74071212E512CD96E9851882851983F7
:10B98000F0ECFEEDFF74241212E5780C12128375B0
:10B9900013008E828F8312DD078E828F83A3A3A371
:10B9A000E0F91226D88A148B15EA4515700302BBFC
:10B9B00070EE241012D595A91412142A8A168B172A
:10B9C000EA4517700302BB70EE2406F510EF340051
:10B9D000F5117C00851082F58312BBC28E828F83A5
:10B9E000A3A3A312BBB712DA0DF8A3E0F985168260
:10B9F000851783A3A3A3A312C50E12BBB7A3A3A34A
:10BA0000A312D78E851682851783A3A3A3A3A3A30E
:10BA1000F0EE12E399EF12BE31121019EE12E06F40
:10BA2000EF12CA38851682851783A3A3A3A3A3A305
:10BA3000A3A3A312CF9712103075100002BAF0859D
:10BA40000A82850B8312DD0B121C40850882850952
:10BA500083A3EAF0A3EB12CFAAA3A312CD3B12D08B
:10BA60003FE0A2E6500F850882850983A3A3A3A324
:10BA7000A3E0D2E1F0E5137063850882850983A312
:10BA800012DE76900368E0687003A3E069704D856C
:10BA90000882850983A3A3A312D5A2780C121015DE
:10BAA00074271212E5E0F50A780A121021742612A2
:10BAB00012E5120E18900375120E18790074101208
:10BAC00012E512CD181225BE7409121030850882B5
:10BAD000850983A3A3A3A3A3E04405F07401251063
:10BAE000FC8E828F83A3A3A3A3A3A312BBC20510C2
:10BAF000E50A450B6052851008C3E5089514E495E6
:10BB0000155045E51075F006A4F8A9F0E51628F8DB
:10BB1000E51739F9E8240CF508E912C543E412CF1A
:10BB2000A06401600302BA3F75130185088285098C
:10BB300083740112CFA5F8A3E0F9850882850983F3
:10BB4000A3E8F0A3E902BA56AA16AB17121430788C
:10BB50001612101D74251212E5E0FC74021212E593
:10BB6000E0F9EEFAEFFB12269C74021210308042CC
:10BB70008E828F83A3A3A3E0C0E074041212E5D0E9
:10BB8000E012C52CE0C0E074051212E5D0E0F0E54B
:10BB9000144515700974061212E574B9800774060D
:10BBA0001212E57410F074011212E5AA82AB83122E
:10BBB00025C4740902E3C4E0851682851783A3A314
:10BBC000A32212D3DE8E828F83A3A3A3E0F9121CDB
:10BBD000168A0A8B0B2274E8120A6374F31210AEF1
:10BBE0008A0A8B0B89178C1674251212E512E40051
:10BBF000AA0CFB12141EE9F514AA0CAB0D121424A6
:10BC0000E9F515E514700302BE23751300800F8E4D
:10BC1000828F83A3A3A3A3A3E0D2E3F00513E50CD3
:10BC2000240BF582E50D12BFAFE513C39840030264
:10BC3000BE1AE514700302BE1AE51375F006A4F8E7
:10BC4000A9F0E50C28F8E50D39F9E8240CFEE91215
:10BC5000E3E6A3A3A3A3E0A2E040C1750E008E8299
:10BC60008F83E0704312DD0C1213408A088B09A801
:10BC700008A909E849603188828983A3A3A3A3E0C6
:10BC80006401600D88828983A3A3A3A3E064037089
:10BC9000178E828F83A3A3A3A3A3E0D2E7F0750E30
:10BCA00001E515700302BC1C750F007508087509C5
:10BCB00000E5166003750F2012CD45E06033900358
:10BCC000B8E064017017E50FD2E3F50F7509108E27
:10BCD000828F8312CA0512C9B374FF8024430F0CEC
:10BCE00075080C8E828F83A312BE3D12E3AAA38037
:10BCF00010E5176009E50FD2E6F50F75080A12BEC8
:10BD00004BF074021212E5E50F12DA2CC0E0740455
:10BD10001212E5D0E0F074051212E512C9A4121255
:10BD2000E5E0600302BDF574081212E512C5548EF9
:10BD3000828F83A3A3A3A3F074081212E512C31485
:10BD4000F583E508F0A3E50912CC5EE060119003ED
:10BD5000B8E0C0E074081212E512C30DD0E0F0851F
:10BD60000C82850D83A3A3A3E0C0E074081212E542
:10BD700012E1F4D0E012E230C0E074081212E512D1
:10BD8000C31FD0E0F074081212E512BE3DA3A31247
:10BD9000E1FB12DA1612DD0BE82428F582E912D550
:10BDA0008812DA22C0E0E8242EF582E912B6DCD04F
:10BDB000E0F074081212E512DD0D850A82850B830E
:10BDC00012BE282424F582EB12CA2312E397E50B56
:10BDD00012BE3112101912CA30EA242BF582EB126E
:10BDE000B6DC12CF97121030851882851983AA828B
:10BDF000AB831225DC8E828F83A3A3A3A3A3E0D2FF
:10BE0000E0F0740C1212E5E0600302BC0FE50EA234
:10BE1000E050021515151402BC1C7900AA0CAB0DDC
:10BE2000122690740D02E3C4A3A3A3A312DE7AEA40
:10BE30002212CF8812D9E275120078102212DE7A0F
:10BE4000850A82850B83A3A3A3A322A312CA0AE8AF
:10BE5000F0A3E92274F2120A6374EB1210AEEAFE48
:10BE6000EBFF89088E828F83A3A3A3A3A3A3A3A31D
:10BE7000E0F91214488A0A8B0BEA450B607FE5084B
:10BE800070047C0480027C088E828F83A3A3A3A30A
:10BE9000A3A3A3A3E0F912144E12B6D612CDBE602E
:10BEA0005C8882898312DD0974061212E512BF02D2
:10BEB00012DD0D74081212E512BF02A3A3E0C0E068
:10BEC00074101212E5D0E012DA3912DD0D740E1280
:10BED00012E512CD9674111212E5E412D779F978B1
:10BEE0000A12101D742059FC744059F97402121280
:10BEF000E5AA82AB8312269C7402121030741502DC
:10BF0000C412EAF0A3EB12BF0A2212C9EFA3A3A343
:10BF1000A3A3A32274F7120A6374FA1210AEE9FE07
:10BF20007F018F087D0080047508000D12C98B12F7
:10BF3000BFAFEDC3985025ED75F006A4F8A9F0EA5F
:10BF400028F8EB39F9E812E392E912D3D050D9542A
:10BF50000C60D5E0A2E250D37F0080CF8A828B8331
:10BF6000A3A3A3A3A3A3E0703EE508A2E040057449
:10BF7000016E70338A828B83A3A3A3A3A3A374014E
:10BF800012E0ADE0C0E074031212E5D0E012E0A5CB
:10BF9000E0C0E074041212E5D0E0F074051212E57E
:10BFA000EF12C9F51225C4740602C983F582EF1297
:10BFB000D789F822C082C083790112269002C4DC9E
:10BFC000C082C083EA4B60189003B4E06402701032
:10BFD0009010BFE4F0EAFCEBFD7A0212BFF580128C
:10BFE0009010BF7401F07A027B00900301E0F91217
:10BFF0001DE402C4DC7B00900301E0F9121DD8228D
:10C0000074F2120A6374F31210AEEAFEEBFF8E8232
:10C010008F83A3A3A3A3A3A3A3A3A3A3E0F50A9041
:10C0200010BFE0700579BA02C308750801750900F0
:10C03000750C00750D007C087D00790085188285DF
:10C040001983AA82AB8312266674051212E5740165
:10C0500012C3305404601274021212E5E0D2E612E8
:10C06000C33054087003750803E054106006744030
:10C070004508F508E05408602274021212E5E04415
:10C08000C012C3305420600A74031212E5E0D2E0FB
:10C09000800874031212E5E0D2E1F08E828F83A350
:10C0A000A3A3A3A3A3A3A3E070181216B8851882B4
:10C0B00085198312CD9674021212E5E0D2E2F002E5
:10C0C000C167640F701574021212E5E0D2E312D05A
:10C0D0004012CD774508F50802C1678E828F83A391
:10C0E000A3A3A3A3A3A3A3E064028E828F837005FE
:10C0F00012BE4C80C9A3A3A3A3A3A3A3A3E064037C
:10C100007013851882851983AC82AD83EEFAEFFB3C
:10C1100012265A80528E828F83A3A3A3A3A3A3A324
:10C12000A3E0640170419003B8E0601C7402121235
:10C13000E5E0D2E312D02E85188285198312CA2633
:10C14000750910750AFF801874021212E5E0440C9C
:10C1500012E21D74FDF0A374FFF074044508F508A5
:10C160008E828F8312E40012D3CA503A74021212E4
:10C17000E5E0540C701B8E828F8312DD0D12206C53
:10C18000E9700579BB02C30874021212E5E0D2E53A
:10C19000F012D3CA501074021212E5E0540C640479
:10C1A0007004E0D2E5F0EE241112E3F9C0E074046B
:10C1B0001212E5D0E012C9A61212E5E0600302C334
:10C1C0000174081212E512C31412C326EE241812C9
:10C1D000E3F9C0E0E812E383E912B6DCD0E0F0EE68
:10C1E000241912E3F9C0E074081212E5E0241312D6
:10C1F000C54CD0E012C9CC640170119003B8E0C006
:10C20000E074081212E512C30DD0E0F074081212A7
:10C21000E512C7DF2417FAEF12C80EFCE8241CF55C
:10C2200082E912B6DCECF0A3E412D0D9E0C0E0E879
:10C230002422F582E912B6DCD0E0F074081212E58F
:10C2400012C31FE50AF074081212E512C7F4242481
:10C25000F582E912DCD2A3E50D12DD30FCA3E0FD8E
:10C26000E82426F582E912B6DCECF0A3ED12C5163F
:10C2700012CD64E82428F582E912B6DC12DE7EC015
:10C28000E0E8242FF582E912B6DCD0E0F0EE241BC2
:10C2900012E3F9C0E074081212E512E1EDD0E0F00B
:10C2A000EE241A12E3F9C0E074081212E5E0242E1D
:10C2B00012C54CD0E012E21512D013121019EE2460
:10C2C0001112CD5D740B1212E512CF91121030EEE7
:10C2D000241512E3F95440601B90032812CDBE6070
:10C2E00013851882851983AA82AB8390032912C40F
:10C2F000071226E3851882851983AA82AB8312254B
:10C30000DC740C1212E5E0F9740D02C412E024157D
:10C3100012C5502212C7F8240FF582E9340022E03A
:10C32000242312C55022F583E508F0A3E509F02285
:10C33000F0EE241512D7862274F7120A637E638A00
:10C34000828B83E0600C7905121C10E9F87456C3E7
:10C3500098FE900360E0600CF9121C10E9F8EEC33F
:10C360009824F2FEEEF902C98674F6120A6374FE8E
:10C370001210AE85188285198312CD96E9FEECFA6B
:10C38000EDFB740C1212E5E0FC9004A812CDBE6027
:10C390003285188285198385820885830978081279
:10C3A000101D7D01EEF99004A812C4041226E37456
:10C3B000021210308B09EA45096004790080067981
:10C3C000B2800279B602C50474F7120A63E9FE74FA
:10C3D000091212E5E0FF90030E12CDBE601AEFF5D0
:10C3E000087808121021EEF990030E12C4041226E8
:10C3F000E37401121030800279B602C986EEFAEFBA
:10C40000FB900320E0F8A312C5982212DE7A900375
:10C4100003221210307F06020D1874F5120A63EA27
:10C42000FEEBFF8C088D09750A0112E3CC12C4ECF7
:10C43000700B90036812C5BA12CA26800EAC08AD04
:10C4400009EEFAEFFB122588E9F50AA90A02DE8E49
:10C4500074F6120A63EAFEEBFF7A0C7B00121D24CD
:10C46000EA4B606BEE242012E3F98A828B83F0EEB4
:10C47000242112C4D2F0EE242212C4D2A3F0EE245E
:10C480002312C4D2A3A312CFCA12D9FFE8F0A3E9A2
:10C4900012D77E12DA00A3A3E8F0A3E912D5A88A86
:10C4A000828B83A3A3A3A3A3A3A3A3F0EE242F12A1
:10C4B000E3F9C0E012C98B12B6DCD0E012CD9C8A41
:10C4C000828B83A3A3A3A3A3A3A3A3A312CA26021D
:10C4D000C50912D7868A828B83A322F0D083D082AB
:10C4E000020FE2FAEF3400FB12248C2212C9B822A8
:10C4F00012C4F42212C4F82212CFE9A3A32212CD4F
:10C5000033A3E02274021210307F02020D18E8F00B
:10C51000A3E912C53022F0EE240F12CF8522F58256
:10C52000EF12CF88E422E0F9121CDC2212C530227F
:10C53000F0EE2412F582EF12CF8C221210307F0819
:10C54000020D1812E3A5850882F5832212C5502238
:10C5500012C5A52212C59EE02212CFE9E022C082B8
:10C56000C08312CDF012C52102C4DB12CD2C22797A
:10C5700001020FE212C9D222F8EF3400F9880889CB
:10C58000092212C5862212248C85088285098322FD
:10C59000E0F812C597A322A3E0F583888222E02465
:10C5A0000E12C5A52212C5A922F8A3E03400F9880D
:10C5B0008289832212CABE64052212DE7A8508822D
:10C5C00085098322C082C08312CDF012C5D102C476
:10C5D000DB12CF8874012202C56FC082C083900332
:10C5E0001E744EF0A37426F0900320743CF0A374E4
:10C5F00026F09003227436F0A37426F0900324747E
:10C6000048F0A3742602C4DB74F4120A63EAFEEB5A
:10C61000FF12C66DF5081216B88A0A8B0BA80AA974
:10C620000B8E828F8312C660E0687003A3E069609E
:10C630002CE508A2E550268E828F83A3E0FB9003B1
:10C640001E12C4041226E38E828F83E0F8A312D157
:10C65000A2A312CDBE700612C66DC2E5F002B7A944
:10C6600012C66422E0FAA3E0F5838A82228E828FCA
:10C670008312C590A3E02274F5120A6312C7CD128B
:10C68000C7F42420F582E912E3FCFE74035EF50A88
:10C6900012CC2A12B6DC12C7DF88828983F0A3A8E5
:10C6A00082A983E50A60097402650A600302C73E35
:10C6B000740C5EFF601574086F601074046F701D59
:10C6C0007402650A7005EEA2E4402D8A828B83A372
:10C6D000A3A3A3A3A3A3A3E0242312C82F740C6FC6
:10C6E000701012C7C8242412C817242412C7DA12E3
:10C6F000C8327402650A7005EEA2E4404112C7C850
:10C70000242612C817242612C7E4A312C84112C750
:10C71000E412C84112C7DA12C832EF600F74086F12
:10C72000600A740C6F600574046F70128A828B83C8
:10C73000A3A3A3A3A3A3A3A3E0242212C82F8A82A6
:10C740008B83A3A3A3A3A3A3A3A312C7FD7005EE8A
:10C75000A2E150178A828B83A3A3A3A3A3A3A3A3BD
:10C76000E0242E12CC3112C828800E90030212C889
:10C7700028900302E00412C9EFA3A882A983EEA2C5
:10C78000E7504212C7C8242112C7E412C8328C8273
:10C790008D8312C7FD602E8A828B83A3A3A3A3A3DC
:10C7A000A3A3A3E0243012C82FEEA2E150178A827F
:10C7B0008B83A3A3A3A3A3A3A3A3E0243112C8073D
:10C7C00088828983F002DE8E12C7CDE022EA240837
:10C7D000FCEB3400FD8C828D832212CC35A3221217
:10C7E000DE7AEE2212C7E822F508A3E034008508BD
:10C7F00082F5832212C7F82212D039E822E02421E0
:10C8000012CC35E0540322FAA3E012C80E22340001
:10C81000FB8A828B83E02212C7E812C828A3A88271
:10C82000A9838C828D83E022E088828983F02212A2
:10C83000CC3512C83622E088828983F0A308A98308
:10C840002212C8368C828D83E0242822C082C083C5
:10C850008A828B8312C671F8740358F98A828B839B
:10C86000A3A37401F0E960057402697061740C5847
:10C87000FC601474086C600F74046C7013740269AB
:10C880007005E8A2E4401D8A828B83A3A37402F0A2
:10C89000740C6C700A8A828B83A3A3E02402F07468
:10C8A00002697005E8A2E440258A828B83A3A3E095
:10C8B0002404F0EC600F74086C600A740C6C600562
:10C8C00074046C70098A828B83A3A3E004F0E8A24D
:10C8D000E750318A828B83A3A3E00412DE82F9A39E
:10C8E000E0F5838982A3A3A3E0540360178A828BB7
:10C8F00083A3A3E004F0E8A2E150098A828B83A31A
:10C90000A3E004F08A828B83A3A3E00402C4DBC00B
:10C9100082C0838A828B83A3A3A3A3A3A3A3A3A37D
:10C92000A312CDBE60098A828B83A3A312C93202EF
:10C93000C4DCA3A3A3A3A3A3A3A312D3DE121D2A23
:10C940002274F7120A63EAFEEBFF12DE7288828914
:10C9500083A3A3A3A3A3A3A3A3E4F0A312BF0AA347
:10C96000A3A3A3F0A3F0E812DCB4E912C97D122658
:10C9700000EEFAEFFB12260C800CF582ED12CF8848
:10C98000E4F0221210307F01020D18EA240BF58228
:10C99000EB2212E36124092212CF8812E404750EFF
:10C9A00000780C22740112C9F912C9AD221225E2D5
:10C9B000740C2212CD0AA322122486E9640122A358
:10C9C000A3A3A3E8F0A3E9F01216B22212D5B5A3EF
:10C9D000E02212C9D7E0223400F98882898322122A
:10C9E000C9E6F8A3E022EAF0A3EB12C9EFE022F0D7
:10C9F000888289832212C9F922F0851882851983D9
:10CA0000AA82AB8322A312CA0A2212CA0E22E0F81B
:10CA1000A3E0F98518828519832212DE7AEE240BB1
:10CA2000F582EF12CF8812CCEE22121C7C74032206
:10CA3000E50A2410F582E50B12CF88E0FC7D002288
:10CA4000020FE2C082C0838A828B83A3A3A3A3A325
:10CA5000A3A3A3E070528A828B83A3A3E0F812CA37
:10CA6000BA6401604312CAB46402603C12CAB4647E
:10CA700003603512CAB46404602E8A828B83A3A338
:10CA800012C5B4602312CAB4640A601C12CAB4642A
:10CA90000B601512CAB4640C600E12CAB4640D6047
:10CAA000077904122474800990032612C404122604
:10CAB000E302C4DC8A828B83A3A312CABE2212C5FE
:10CAC00097E02274F6120A6374FA1210AEEAFEEBD3
:10CAD000FF74031212E5EEF0A3EFF074031212E5F7
:10CAE000AA82AB831225F412E3F6600302CC2585FB
:10CAF00018828519837432F074051212E5C082C061
:10CB0000838E828F83A3A3A3A3E0D083D082F8E097
:10CB100028C0E074011212E5D0E012CC73C0E074BA
:10CB2000021212E5D0E012CC58F8A3E0F9E849600F
:10CB300026E82417F582E912B6DCC082C083E82417
:10CB400016F582E912E3FCD083D082F8E028F8746D
:10CB5000011212E5E028F0851882851983AA82ABBC
:10CB6000831213828A088B09A808A909E84970036F
:10CB700002CC188E828F8312DD0D88828983A3A355
:10CB8000EAF0A3EB12CC5EA3A3E0C0E0E82420F51A
:10CB900082E912B6DCD0E012E230C0E0E82421F5F0
:10CBA00082E912B6DCD0E012CC6DC0E0E8242AF5B0
:10CBB00082E912B6DCD0E0F074051212E5E0FA1258
:10CBC000CC2A12E3FC2A12D3E4E8242B12CD907471
:10CBD000051212E5E0C0E0E8242DF582E912B6DC8A
:10CBE000D0E012CC58FAA3E0FBEA4B6019E8242B02
:10CBF000FAE912B79FA3A3A3A3A3A3A3A3E02416B8
:10CC000012CC3112CC408E828F83A3A3A3A3A3A303
:10CC1000A3A3E8F0A3E9800CEEFAEFFB1225FA12C9
:10CC2000B6D67410F0740602C506E8240BF582E946
:10CC30002212CC3522FCA3E03400FD8C828D8322AD
:10CC4000E0FC8A828B83E02CFCA3E03400FD8A8226
:10CC50008B83ECF0A3EDF02212D0DDA3E022F0E80C
:10CC600012E383E912CF88740112D0402212D0D48B
:10CC7000A3E02212CCF9E02274F7120A63EAFEEB79
:10CC8000FF12E3F6701E12CCAE12CDBE600612C3C8
:10CC9000FD1226E312E3F6700B12DD0112137C1273
:10CCA000B6D6E9F0EEFAEFFB1225FA02C986122693
:10CCB000068E828F83A3A3A3A3A3A3A3A3A3A322CC
:10CCC00074F6120A63EAFEEBFF8C088D0912206CE1
:10CCD000E9700479018011AC08AD09EEFAEFFB9020
:10CCE000032412C4041226E302C50912CA0EE8F096
:10CCF000A3E9F02212E221E02212CCFD2212CD01A2
:10CD00002212D044A3A3A3A3A322E8F0A3E912CD47
:10CD1000122212D044A3A32212CD68EEFAEFFB2216
:10CD200012C5A9E02212C4F012CD2C22E08E828F0F
:10CD300083A32212CFD2A3A3A3A322E085088285D6
:10CD40000983A3A3227C087D0079008518828519B8
:10CD500083AA82AB831226668E828F8322F582EFAE
:10CD60003400F58312CD6822E0FCA3E0FD227401BB
:10CD700012D040A3A3E02212CCEB74042212266648
:10CD8000850882850983A322E0F508A3E0F509223E
:10CD9000F582E912CF88EAF0A3EBF02212CDA022AF
:10CDA00012CD1212D03922C082C08312CDB774EED8
:10CDB000F0A3742502C4DB1226309003262212C78A
:10CDC000F8492274F7120A63E9FE12CDF012B6DCBC
:10CDD00012CDBE601888828983A3E05403700EEEE2
:10CDE000FB12CC2A12B6DC12CE2112CE1B02C9864F
:10CDF000EA12DCB4EB22C082C083EAF8EBF9888245
:10CE00008983A3A3A3A3A3E0FB88828983A3A3A30D
:10CE1000A312CE21A312CE1B02C4DCE0F9121B8C9C
:10CE200022E0FA88828983A3A32274E8120A638A23
:10CE3000088B098C168D178914741A1212E5E0F507
:10CE40000AA3E0F50B741C1212E5E0F513741D1231
:10CE500012E5780C12128312E06EEB12E3FC242D23
:10CE6000FA7B00121CA08A108B11AE10AF11EE4F8E
:10CE7000700302CF6C8E828F837401F08508108559
:10CE8000091175120078101210197C157D00EE241E
:10CE90001812CF6F121030851610851711781012E6
:10CEA00010197C097D00EE240212CF6F121030742D
:10CEB000181212E512CA1A850A82850B83E0C0E0B7
:10CEC000EE240F12B6D9D0E012CFA5C0E0EE2411A7
:10CED00012B6D9D0E012CFA0C0E0EE241012B6D91D
:10CEE000D0E012C52CE51312CFCAE4F0A3F012CFA4
:10CEF0007E780C121256EE241712B6D9E51412C41D
:10CF0000FEF8A3E0F9EE240D12B6D912CFC412E355
:10CF1000B712E3FC6025EE242612D3C2242DF812AA
:10CF2000CFBC12E39E12C99812101912E3B512CAAF
:10CF3000388A828B8312CF97121030EE241912E3B5
:10CF4000F95403601D90031C12CDBE600CEEFAEF85
:10CF5000FB12C4071226E38013EEFAEFFB121CA6A5
:10CF6000800AEEFAEFFB90030112D02802E3C7FA21
:10CF7000EF12CF75223400FB121C7C740322EE24C6
:10CF80001312CF8522F582EF12CF8C223400F58365
:10CF900022E0242B12C55012D3DE121C7C74032213
:10CFA00012CFB3E02212CFAAE02212CFAE2212CFCC
:10CFB000B3A322F0850A82850B83A322EF3400F904
:10CFC0008A828B8312CCEEE50822F0EE242612CF63
:10CFD000852212C4F8A3A3A322A3A3A3A3A312CFC1
:10CFE000E22212C4F4A3A3E022F08508828509831B
:10CFF0002212CFF52212C559F8A3E0F98E828F8351
:10D00000A3A3227B00121CA08A0A8B0BAE0AAF0BD3
:10D01000EE4F22F508A3E0F509750A007808221200
:10D02000CD88750A00780822E0F9121CAC2212D0D3
:10D03000322212D04412D03922E0F8A3E0F922A320
:10D0400012D04422F08E828F8322C082C083E99066
:10D0500010C1F090031874A0F0A37425F090031A87
:10D060007482F0A37425F090031C7464F0A37425FB
:10D0700002C4DB74F7120A63EAFEEBFF8908EE4F85
:10D0800070031220A290032A12CDBE700890032ACA
:10D09000802212DE7688828983A3A3A3A3A3A3A3FD
:10D0A000A3A312D0CA88828983A3A3A3A3A3A3A303
:10D0B000A3A370DEEEF0A3EF12D0D9E4F0A312D058
:10D0C000D0A3A3A3E508F002C98612D3DEEA4B225F
:10D0D00012D0D42212CD12A32212D0DD2212D5B941
:10D0E000A3A32274F7120A6390032A800D8E828F05
:10D0F00083A3A3A3A3A3A3A3A3A312E37BEE4F60E5
:10D10000348E828F83A3A3A3A3A3A3A3E06970DDBE
:10D110008E828F83A3A3A3A3E06A7003A3E06B7046
:10D12000CC8E828F83A3A3A3A3A3A3E06C70BEEED7
:10D13000FAEFFB80047A007B0002C98674F7120ABA
:10D140006390032A12E37B90032A12BE2C687002BC
:10D15000EB69701712D1A212DE7690032A12CA264A
:10D1600090032A12E37B803012E36EEE4F60298E2B
:10D17000828F83A3A3A3A3A312BE28687002EB69C6
:10D1800070E68A828B83A3A3A3A3A3A3A3A3A31262
:10D19000D1AFA3A3A312CA26121D2AEEFAEFFB02F7
:10D1A000C98612C598A3A3A3A3A3A3A3A3A32212D2
:10D1B000D3F9A3A32274F0120A6374FA1210AE8A90
:10D1C000088B098A828B83A3A3A3A3A3A3A3A3E0B1
:10D1D000600D640160098A828B8312D3D660057961
:10D1E0000202D3BD850882850983A3A3A3A3A3A3B9
:10D1F000A3A3E06403701574041212E5AC82AD833E
:10D20000AA08AB0912265AE9701380D385088285D3
:10D21000098312DE7674041212E512CA2612E3881C
:10D2200012E3FC243212D3E4121D248A0A8B0BAEC3
:10D230000AAF0BEE4F700302D3BB7C327D00790046
:10D2400012266674021212E5AA82AB8385088285D3
:10D250000983A3A3A3A3A3A3A3A3A3E0F9121BCEB3
:10D2600074021212E5E0C0E0EE242D12B6D9D0E02F
:10D27000F0EE242CF50AEF3400F50B74031212E5DE
:10D28000E0850A82850B83F07901EEFAEFFB122527
:10D29000B285080C85090D750E00780C1210197CEA
:10D2A0001C7D00EE240B12CF6F121030EE243012D2
:10D2B000D3C22432080812CFBC2411F8E50912E3C6
:10D2C000F1FCE9FD8C828D8312C7DF242E12B6D9C2
:10D2D00012CFC412D75B12E3BE1210198C828D8359
:10D2E00012CD648A828B8312CF971210307404128D
:10D2F00012E512D3F512CA2690030212D3EBF09076
:10D300000302E00412D793242A12DCC1750D0085B4
:10D310000A82850B83E0780C1211DD8A828B83E50B
:10D320000CF0EE242912B6D9E50C12E21DE4F0E56A
:10D33000082415F582E50912D3D0740150071212A2
:10D34000E5740180041212E5E4F0EE242712C5789A
:10D35000851882851983AA82AB83121BB6E924FE45
:10D36000850882850983F0F508750900EE242E12E0
:10D37000CD5DECF8EDF9AA08AB09120813E88E822E
:10D380008F83A3A3A3A3A3A3A3A3F0ECF8EDF9AA0F
:10D3900008AB091208138B09EA4509600F8E828FCA
:10D3A00083A3A3A3A3A3A3A3A3E004F0EE242012CA
:10D3B000E3F9440812DD387900800279107406021E
:10D3C000C53B12E3EFFAE9FBEE22EE2415F582EFFE
:10D3D00012D789A2E02212D3DE12173CE922E0FA2A
:10D3E000A3E0FB22FAA3E03400FB2212CD2CA3A37E
:10D3F000A3A3A3A32212D3F92212D0398E828F8342
:10D40000A3A3A3A32274F4120A63EAFEEBFF12DCC7
:10D41000B912CD96901118E0F8EE242B12E3F9C35F
:10D4200098400302D57A12DCD97015EE242B12E352
:10D43000F90412D5A8C0E0EE242912B6D9D0E0F044
:10D44000EE242812E3F9FC7900800109EE242C1265
:10D45000BFACE9C3985026750801750900E9780842
:10D460001211DD12DCD9550860E1E92CFC750801C8
:10D47000750900E978081211DDE04508F0EE24276F
:10D4800012D595EE242E12B6D9EC8A088AF0A4F8AB
:10D49000ABF0E42BF9E098F8A3E099F9C3E895081C
:10D4A000E99400EE4039242712BFAC12DCD9603772
:10D4B000EE242D12B6D912D5A2A3E4F0EC7054EEEE
:10D4C000242012E3F9442012C9CCC0E0EE24261235
:10D4D000B6D9D0E0F0EE243012D595A3E0805924DF
:10D4E0002912B6D974FFF0900358E0FA90111BE0AE
:10D4F000F508EA8508F0A4ABF075F064A4FAADF085
:10D5000075F064EBA42DFB8E828F83A3A3EAF0A3B6
:10D51000EB80A8EE242012E3F954DF12CFCAECF01E
:10D520008C08EE242712E3F98508F0A4FAABF0EE9C
:10D530002430F582EF12D58CFBEE241EF582EF121B
:10D54000D58812D5B0C0E0EE242512B6D9D0E0F0CF
:10D55000EE241C12B6D9E812D78E90032C12CDBE41
:10D56000600BECF912C4071226E3E97018EE240BE5
:10D57000FAEF3400FB12267E800B7BE9EE2422F5C5
:10D5800082EF12D76502B7A912E2082212D7892AC0
:10D59000FAA3E03B2212D59922F582EF12CF8CE05C
:10D5A000FA2212CD2CA3F022F0EE242A12D78622E2
:10D5B00012D5B5E02212D5B92212CD01A3A322744F
:10D5C000F4120A6390032A12E37B121DF68A0A8B77
:10D5D0000B7CFF7DFF8020E0C398FAA3E099FBC39A
:10D5E000EA9CEB9D500E8E828F83A3A3E0C398FC30
:10D5F000A3E099FD12E36EEE4F605912DE72E50A68
:10D60000C398F8E50B99F98E828F8312DD0BC3E87E
:10D610009AE99B8E828F83A3A340BCA3A3A3A3E01C
:10D620006402701DEE240B12DCDC600CEE24101280
:10D63000B6D912DD0D121CA6EEFAEFFB1225A6805C
:10D6400007EEFAEFFB12259A7A017B009010C112C7
:10D65000C526801474FF6C700374FF6D600A7A0134
:10D660007B009010C112BFFA02B7A974F0120A63CE
:10D670008A088B09ECFAEDFB890A7C0112E3881217
:10D68000DCCB8A0C8B0DAE0CAF0DEE4F700302D7C6
:10D6900058E50A600302D758E50812D75BE0F8EEB8
:10D6A000242812E3F968600302D758EE242C12D51F
:10D6B00095E82AF8E43400F98E828F83A3A3A3A30C
:10D6C000A3A3A3A3E0FAE89AE99400C365D033408A
:10D6D0001412D9EA12DCDF700C7B0012E381E50939
:10D6E00012D765807312D9EA12DCDF7031EE242C78
:10D6F00012E3F9F9EE242912B6D97508FF7509006D
:10D70000E978081211DDE508F0EE242A12B6D9E511
:10D710000812D77E29F0EE242B12C51E8022E508C0
:10D720002414F8E5093400F9E0C0E0EE242A12B62A
:10D73000D9D0E012D779C0E0EE242912B6D9D0E0D2
:10D7400012D793242D12B6D912C56BA312D78E7A95
:10D7500001FB9010C112C52602C53E2413F582E5D7
:10D760000912CF882212D59CEE241412CF8512CE36
:10D770001BEEFAEFFB1225A62212C9EFE022F0EE13
:10D78000242812D78622F582EF12CF8CE022F0A354
:10D79000E4F022F0121DF68E828F83EAF0A3EBF004
:10D7A000EE2274E8120A6374FD1210AEE985188245
:10D7B000851983F08A0A8B0B8C168D17741B121235
:10D7C000E512D9E2741D1212E5780C1212838A82D6
:10D7D0008B83A3A3E0F9121BAA8A128B13EA4513C9
:10D7E00070077A007B0002D9DD7A127B00121D24BB
:10D7F0008A088B09AE08AF09EE4F700302D9D97CB5
:10D80000127D00790012266674011212E5AA82AB1D
:10D8100083850A82850B83A3A3E0F9121BCEEE2435
:10D820000FF508EF12E3A574021212E5E0850882F5
:10D83000850983F07902EEFAEFFB1225B285168294
:10D8400085178312D3F5E8F0A3E912DA228E828FCE
:10D8500083A3A3A3A3A3A3A3F07514FF7515008549
:10D860000882850983E078141211DD12B6D6E5141A
:10D87000F0851282851383A3E0F812CABAC0E0EEE5
:10D88000240B12B6D9D0E012DA2CF508EE240D12D2
:10D89000B6D9E508F012DCE4E08508F0A42424FA07
:10D8A000E5F03400FB121CA08A088B09EE12E06F31
:10D8B000EF12CD93EA4509700302D9CE8A828B8399
:10D8C000741A12D78E8A828B83A3A3F0A312DA165E
:10D8D00012D9FF12CA26AC16AD17EA2406FAEB34A9
:10D8E00000FB121BC8850A82850B83A3A3A3E0C09B
:10D8F000E0E508240FF582E50912B6DCD0E0F090EF
:10D90000037512DE76E508241012D9F312DA39A372
:10D9100012DE76E508241212D9F312CFA5C0E01268
:10D92000D9EA12B6DCD0E0F0E50A12DCB4E50B125D
:10D93000E3FCC0E0E5082415F582E50912B6DCD069
:10D94000E012DA0DC0E0E5082416F582E50912B60A
:10D95000DCD0E012E448E0C0E0E5082417F582E5F9
:10D960000912B6DCD0E012E448A3E0C0E0E50824E8
:10D9700018F582E50912B6DCD0E012CCF4C0E0E57F
:10D98000082419F582E50912B6DCD0E0F0E5082498
:10D990001AF582E50912B6DC780C121256E5082455
:10D9A00024F8E5093400F9E5082422F582E5091296
:10D9B000CA23E50A12E383E50B12E3FCC0E0E508A5
:10D9C000241FF582E50912B6DCD0E0F0800BEEFAF8
:10D9D000EFFB1225A67E007F00EEFAEFFB74030238
:10D9E000E3C4E0F510A3E0F51122E5082414F58264
:10D9F000E50922F582E50912CF88E8F0A3E922E0E3
:10DA0000F8A3E0F98A828B83A3A3A3A322F0851055
:10DA100082851183E02212DA1A2212CFAEA3A3A3C9
:10DA2000A322F012E390E50B12D78922F0E50A2435
:10DA300010F582E50B12D7892212DA1AA3A3A322CA
:10DA400074E8120A638A0A8B0B8C108D1189147486
:10DA5000181212E5E0F516A3E0F517741A1212E594
:10DA6000780C121283750900EA2413F582EB12E395
:10DA7000FCF50890032C12CDBE6011A90890032C70
:10DA800012C4041226E3E9600302DCB17C028510B3
:10DA90008285118312DD0D12E390E50B12DCCB8A37
:10DAA000128B13AE12AF13EE4F704B850A82850BAB
:10DAB00083A3E0A2E0400302DCB1780C12101578D9
:10DAC0001612101DA914AC10AD11AA0AAB0B122529
:10DAD0007C74061210308A0C8B0DAE0CAF0DEE4F1D
:10DAE000700302DCB18E828F83A3A3A3A3A3A3A39D
:10DAF000A3E50812DD3885080C8E828F83A3A3A3CB
:10DB0000A3A3A3A3A3E024FFF8E434FFF9E8650C82
:10DB10007001E97003750901EE240B12DCDC70035F
:10DB200002DC64850A82850B83A3E0A2E0500375C2
:10DB3000080012DD18E50C98E499C365D033401E47
:10DB4000E0F8EE240E12E3F928F0750CFF750D00D5
:10DB5000E8780C1211DDEE12DCB4EF12DCD212E325
:10DB600097E50B12C99812101912CA3085080CEEED
:10DB7000240D12E3F9850CF0A4F8A9F0EE2410129C
:10DB8000E3F9242212C80728FAA3E039FB12CA2AB3
:10DB9000121030750C0112DCF0780C1211DD12E35A
:10DBA000F6450CF0E509A2E05069EE240C12DCC148
:10DBB00012DCF004780C1211DD8A828B83E0450CB4
:10DBC00012DD3085080C850CF0A4F8E50A12E06F30
:10DBD000E50B12E3FCFCE82CFCE5F03400FDEE2440
:10DBE0001012B6D912DD1112DE7EF47026EE240B6F
:10DBF000F50CEF3400F50DEE241012B6D912DD0D40
:10DC0000850C82850D8312D028850C82850D837446
:10DC1000FF805012DCB912CD96900358E0FA9011B3
:10DC20001BE0F50CEA850CF0A4FAABF0F8EBF990E8
:10DC30001118E0F50CE8850CF0A4F8ACF0850CF0B8
:10DC4000E9A42CF9EA28F8EB39F9E875F064A4F8AE
:10DC5000AAF075F064E9A42AF98E828F83A3A3E861
:10DC6000F0A3E9F012DD1812E365E8650C7001E934
:10DC7000600EEE240C12DCDC6006E509A2E05031F7
:10DC8000EE240E12E3F9C0E012DCE4D0E0F012E37F
:10DC9000F6C0E0E50A2414F582E50B12B6DCD0E00C
:10DCA000F0AC0AAD0B85108285118312DD0D1225B3
:10DCB0004602E3C7240CF58222121DF68E828F8362
:10DCC0002212E3EFFAE9FB750CFF2212DDDB1225CD
:10DCD000AC2212CF88E50CF022EE2429F582EF1257
:10DCE000D789F422E50A2413F582E50B12CF8822A6
:10DCF000750D00EE240F12D786F5F0E50884E5F0E7
:10DD0000228E828F83A3A3A3A3A3A3A3A312D3DEF4
:10DD100022E0242012C5502285080CEE240E12D7D2
:10DD200086F8EE240F12D599E82AF8E43400F92297
:10DD3000F0EE240D12D78622F07A017B009010C1FC
:10DD4000E0F9121CDC22C082C0839010C112D028DE
:10DD500002C4DC74F4120A638A088B09EB548070E5
:10DD60003BEAA2E05047122594E5086401FAAB09AA
:10DD7000803F8E828F83E06401701A12CF7E120E74
:10DD80001412B6E012101DEE241212DDC412256A20
:10DD90007406121030EEFAEFFB121CA69010C1129E
:10DDA000DDB470CEAA08E5096480FB80047A007BAC
:10DDB0000002B7A9E0F9121CB28A0A8B0BAE0AAFB7
:10DDC0000BEE4F22F582EF12DDDBEE2402FCEF3486
:10DDD00000FDEE2418FAEF3400FB2212CF8CE0F99C
:10DDE00022C082C08390032E80048C828D8312DE39
:10DDF0002360298C828D83A3A3E069600574FF6989
:10DE000070E88C828D83A3A3A3E06A7003A3E06B08
:10DE100070D8EC2403FAED3400FB80047A007B0018
:10DE200002C4DC12CD68EC4D2274F7120A63E9FCDF
:10DE300074FE6C70047D0180027D0090032E8009C9
:10DE40006C70027D018882898312CDBE601F88823A
:10DE50008983A3A3A3E06A7003A3E06B70E7EDA23C
:10DE6000E088828983A3A3E050D6F9800279FE027C
:10DE7000C9868E828F8312DE7A2212D03922ECF08C
:10DE8000A3EDF08A828B83E022740D1210307F03A1
:10DE9000020D1874F6120A638C828D83A3A312E01C
:10DEA00097F0EA2417F582EB12E3FCC0E0EC12E0F5
:10DEB0006FED12B6DCD0E0F0EA241DF582EB12B66D
:10DEC000DC12DE76EC12E3E1ED12B6DC12E097A391
:10DED000F0A3F012E3E0EB12B6DC12E089A3A3A3F7
:10DEE000A3A3A3EEF0A3EF12D779FE8C828D831249
:10DEF000E0B674035EFEC39403400FEC240D12C918
:10DF00007AEC241012C97A02E06BEE600574026E9E
:10DF100070748C828D83E0540CFE740C6E7003025E
:10DF2000E008E0A2E4400D88828983E08C828D8342
:10DF3000A312E0E074086E600302E008EC12DCB4A7
:10DF4000ED12C5D1F08A828B83A3A3A312E1E57001
:10DF5000148C828D83E0440C12E0A5A3A312E08907
:10DF6000EEF0A3EFF08C828D83E0A2E4401812E083
:10DF70007412E0C312E07DA3A312E0C38C828D83F0
:10DF8000A3A3A312E0B688828983E0C0E0EC12E389
:10DF900092ED12B6DCD0E012E0B68C828D83E0A266
:10DFA000E7507C88828983E0FE8C828D8312E0E0DA
:10DFB00074FC5E600302DEFB8C828D83A3E054035D
:10DFC0006403700302DEFB8C828D83A3E054036044
:10DFD0005188828983E0C0E0EC2413F582ED12B60B
:10DFE000DCD0E012E0E18C828D83E05403640270A7
:10DFF0003188828983E0C0E0EC2414F582ED12B60A
:10E00000DCD0E012E0E1801AEC240C12C97A740C26
:10E010006E600302DF4512E07412E0CE02DF65A3FA
:10E02000E4F0EC12E399ED12CA23EC2410FEED3477
:10E0300000FFEA241DF582EB12E3FCF5088E828FC7
:10E0400083E0C3982508F508F0EA2417F8EB12C519
:10E0500074C39508C0E0EC12E3E1ED12B6DCD0E049
:10E0600012D779C39508500302DEFB02C509EA24E2
:10E0700010F5822288828983E012E07D22F508A3D0
:10E08000E0FFE5088C828D8322E0FEA3E0FF8C8216
:10E090008D83A3A3A3A322E412E09C22F08C828DA3
:10E0A00083A3A3A32212E0ADA3A3A3A322F08A8299
:10E0B0008B83A3A3A32212E0BEA882A9832212C944
:10E0C000EFA322A3A312E0CE88828983E022A3A338
:10E0D000A3A3F0A3EFF0E824020808E93400F92232
:10E0E000A312E0BE08A9832274F5120A6374F31226
:10E0F00010AE8A088B09ECFEEDFF8E828F83E05410
:10E100000CF50AE0A2E75006E50AD2E7F50AE50AAF
:10E11000D2E1F50A12E1E77006E50AD2E4F50AE079
:10E12000A2E55006E50AD2E5F50A7C087D007900F3
:10E13000851882851983AA82AB831226667402121F
:10E1400012E5E50A12E210E0C0E074031212E5D015
:10E15000E012E21D12C32874051212E512C9A412BE
:10E1600012E5E0707D74081212E5E0241212C54C2D
:10E1700012CD6EC0E074081212E512E1F4D0E01284
:10E18000E230C0E074081212E512C31FD0E0F07450
:10E19000081212E512D1AF12E1FB12C9CCFAA3E0CA
:10E1A000FBE8242812CD90EE241112E3F9C0E0E838
:10E1B000242EF582E912B6DCD0E0F0EE241412E34E
:10E1C000F9C0E074081212E5E0243112C54CD0E029
:10E1D00012E215C0E074081212E512E1EDD0E0126F
:10E1E000E22902DE89A3A3E05403640122E0243083
:10E1F00012C55022E0242212C5502212D3DEE82498
:10E2000026F582E912E2082212CF8CEAF0A3EB2273
:10E2100012D040A322F0EE241312D7862212E2215C
:10E2200022F08518828519832212C9F91225DC2271
:10E2300012D0D4E02274F7120A637E008A828B83A4
:10E24000A3A3A3A3A3A3A3A3A3E06402607B12C917
:10E250008B12E3FC707312CDF012B6DC12CDBE60EF
:10E260006888828983E05403705FA3A3A3A3A312E9
:10E27000E2CCE06A7003A3E06B704E88828983125F
:10E28000E2CCA3A3E0FFA3E0F5838F82A3A3A3A323
:10E29000A3A3E06A7003A3E06B702E88828983A336
:10E2A000A3E0F88C828D83A3A3E0F9A3E0F5838932
:10E2B00082A3A3E06860118C828D83A3A3E0F8128F
:10E2C000CABA540C640470010E02C364A3A3A3A3CE
:10E2D00012D3DE8C828D832274F6120A6374FC12D0
:10E2E00010AEEAFEEBFFECFAEDFB8A828B83A3E033
:10E2F0005403601690031A12CDBE605C7900EEFCE8
:10E30000EFFD12C4071226E3804E8518828519831B
:10E31000EEF0A3EFF074021212E5EAF0A3EB12E2C2
:10E320001DAC82AD837A407B251216468A088B0984
:10E33000A808A909E849602088828983A3A3A3A328
:10E34000A3A3A3A3A37406F07A0088828983E024A0
:10E350000C12E35DF912157A740402C50612E3612A
:10E360002212CD2022E824FF18E934FFF9228E8200
:10E370008F83A3A3A3A3A3A3A3A3A3E0FEA3E0FF70
:10E3800022E5082412F58222E50812E392E509222B
:10E39000E50A2411F58222E50A240EF58222240ED4
:10E3A000F582E509223400F50922E8F0A3E912E23A
:10E3B0002174FFF022E5082410F582E5092212E419
:10E3C00004780C221210307F10020D1812E3D022B4
:10E3D00012E3D8EEFAEFFB221216B2EAFCEBFD22B2
:10E3E000EA240DF582223400FF8E828F83A322F867
:10E3F000EF3400F9E822EE240CF582EF12D78922DF
:10E4000012E40422E0F50CA3E0F50D2274F7120AE1
:10E4100063890890033012CDBE600AA90812C407B0
:10E420001226E38002790102C98674F7120A63E9B1
:10E43000FE90033212CDBE600AEEF912C407122616
:10E44000E38002790002C986F0851082851183A3DA
:10E4500022C082C083900618E4F0A3F07C057D03FF
:10E460007A937B0512248C901122E070047900804D
:10E470000279011226C612137602F15474F7120AB9
:10E480006374F51210AEE9FEEAFF74016E60057464
:10E49000026E705CEF600574036F706C9010F67420
:10E4A0000212E55F1212BA121388E9F89005B0E083
:10E4B000A2E34019E8701690061AE004F0640470B4
:10E4C0000C9089201212BA9011091212AE74036FC7
:10E4D000701B90061BE0F9740129F0E9C394054014
:10E4E0000C9089201212BA9011091212AEE8601035
:10E4F0007CE87D037A017B009005A9E0F9121DD824
:10E50000740B12103002F34474016F704574016E85
:10E510009010F6702E740AF074011212E5E4F07493
:10E52000021212E57403F09089181212BA740412E0
:10E5300012E51212AE74081212E5E412EED91215A9
:10E54000BC80BD740A12E55F1212BA1213A6E9F874
:10E55000809B7C457D887ABE7B8712210E8091F05E
:10E5600090110DE0F99011092274F4120A638909DF
:10E570009004A5E0FEA3E0800F8A828B83A3E509C7
:10E58000F08E828F8312F480FFEE4F604B8E828F6D
:10E5900083A3A312EF3960E98E828F83A3A312ECC9
:10E5A000C7F5087AD1F9121CB8EA4B70CC7A027B15
:10E5B00000121CA0EA4B700E7A107B009005A9E0B7
:10E5C000F9121CDC80BB8A828B8374D1F0A3E5092D
:10E5D000F0A908121CAC80A91216B890058912EE99
:10E5E000A71216B280031210307F04020D1874F4C3
:10E5F000120A63890B740C1212E512EECF750A0031
:10E600008002050AE50AC3950B502F7D0080010D9D
:10E61000EDC39C50EDE50AC333FEE433FFEA2EF56B
:10E6200082EB3F12E64FF509ED12E63F65087004F4
:10E63000A3E0650970D979018002790002E5E9C398
:10E6400033FEE433FFE82EF582E93FF583E022F55F
:10E6500083E0F508A3E02274F6120A6312E6E5707F
:10E6600003A3E06D70177508AE75090578081210E0
:10E670001DEEFA12200C7402121030801A75080276
:10E68000750980780812101D8C088D097808121001
:10E690001D12E70E121030800574021210307F0236
:10E6A000020D1874F6120A6312E6E57003A3E06D1A
:10E6B00070177508BB750905780812101DEEFA125F
:10E6C00020127402121030801A75080375098078C0
:10E6D0000812101D8C088D09780812101D12E70E03
:10E6E00012103080B9EAFEEBFF12E6FDFAA3E0F962
:10E6F000EA2400FCE439FD900589E06C2212EF3237
:10E7000012EEBCE0F8A3E0F988828983E022EE12E1
:10E71000F32DEF12F3FEFD7C8012EF4112202474E2
:10E72000042274F6120A6374FE1210AEEAFEEBFFC6
:10E73000851882851983E4F0A3F012EF5CFA8882D1
:10E740008983A3A3E0F97509007508006005C394E7
:10E75000F14005750882802F900589E06A7003A357
:10E76000E06B7020851882851983AA82AB83121B07
:10E77000B0E9F50985188285198312F15070087582
:10E780000883800375088185188285198312ECA49B
:10E79000A908EEFAEFFB122018E50960148518822B
:10E7A00085198312F150600985188285198312F149
:10E7B0005B02E69974F2120A63EAFEEBFF750A0047
:10E7C000750B0012E8271216B8EA65087003EB65AE
:10E7D000097012121BBCE914F50A79017AE47B0571
:10E7E000121BC28003750B8012F30EF50C780C120D
:10E7F0001021750CE4750D05780C12101D780A12A5
:10E800001021780812101DE50BF508780812102168
:10E8100012EEF2F582EF12EEE97A057B8012201EED
:10E820007407121030801412EEB112EED388828970
:10E830008312F4BAF508E439F509227F06020D18AF
:10E8400074F6120A63E9FE7F00802F8A828B83129E
:10E85000E651F9E5082400E439F509EF33F8E4332B
:10E86000F9EC28F582ED39F583E508F0A3E509F028
:10E87000EA24020A0AEB3400FB0FEFC39E40CC02ED
:10E88000E69E74E8120A6374FB1210AE8A168B17A8
:10E89000851882851983E4F074031212E5E4F0A36D
:10E8A000F0041212E5E4F012F1B0F50AA3E0F50B62
:10E8B000850A82F58312F4B6FEE439FF850A828563
:10E8C0000B83A3A3E0FA850A82850B83A3A3A3E0AD
:10E8D000F9EAF508E439F509E50A2404F50AE50B37
:10E8E0003400F50BEEFAEFFB12173CE96401702CD3
:10E8F00012F179121021E4F508F509780812101DBB
:10E900007808121021900589120E18750880780871
:10E9100012102112ECD012103002EC85EEFAEFFB4F
:10E9200012173CE9700C900589E06E7003A3E06F4C
:10E9300070BE12ECAA8814602EC333FAE433FB12C3
:10E940001D2474031212E512EEA774031212E512CD
:10E95000F150601374031212E512EC9CA914121FFB
:10E96000AC8A0A8B0B800375140012ECAA880F6026
:10E970002AC333FAE433FB121D2474011212E51288
:10E98000EEA774011212E512F150600F7401121219
:10E99000E512EC9CA90F121FAC8003750F009004C8
:10E9A000A5805C850A82850B83A3A3A3A3A3A3A34D
:10E9B000A3E4F0A3F0AA0AAB0B851282851383A30C
:10E9C000A3E0F812ECC7F9121CAC85108285118304
:10E9D000E0C0E0851882851983E0F874E428F582A8
:10E9E000740512F427D0E012F14B04F0E515A2E013
:10E9F0005007AA10AB11121D2A851282851383E0DD
:10EA0000F512A3E0F513E5124513700302EBDA8566
:10EA10001282851383A3A312EF3960DD85128285EC
:10EA20001383A3A3A3A3A3A3A3A3E0A2E050CA8537
:10EA30001282851383A3A3A3A312F15085128285AA
:10EA40001383A3A3601F12EF39FA7901851282851F
:10EA50001383A3A3A3A312EC8F1226E38A108B11B6
:10EA6000751501801012EC8FA3A3A3E0F510A3E0AD
:10EA7000F511751500E5104511700302E9EC8510DC
:10EA800082851183A3E065087004A3E06509600333
:10EA900002E9EC851082851183A3A3A3A3A3A3A3FA
:10EAA000120E18851082851183A3A3A3A3A3A3E04C
:10EAB000FC74051212E512EF08A914121F8E7402DD
:10EAC000121030E9703C851082851183A3A3A3A3A3
:10EAD000A3A3A3A3A3A3120E18851082851183A359
:10EAE000A3A3A3A3A3A3A3A3E0FC74031212E512A0
:10EAF000EF08A90F121F8E7402121030E970030282
:10EB0000E9ECE50F2514C333240AFA7B00121CA09C
:10EB10008A0A8B0BEA450B700302E9CA8A828B834F
:10EB200074D2F0851682851783A3A312EECF8A8252
:10EB30008B8312EEE18A828B83A3A3A3A3E5141235
:10EB4000F4C0E50FF0E5146038EA2405FAEB340070
:10EB5000FBE50A240AF8E50B3400F98A828B83125C
:10EB6000EEE374031212E512ECBA121019E514C3A5
:10EB700033FCE433FD8A828B8312F1621210308001
:10EB80000D8A828B83A3A3A3A3A3E4F0A3F0E50FD4
:10EB9000700302E9A3E514C333F8E433F9E50A2866
:10EBA000F8E50B39F9E8240AFAE93400FB850A8212
:10EBB000850B83A3A3A3A3A3A3A3A312EEA774010E
:10EBC0001212E512ECBA121019E50FC333FCE4334C
:10EBD000FD12F35B12103002E9B5851882851983A6
:10EBE000E0603912F1791210217508E47509057891
:10EBF0000812101D74031212E512F18312102190F5
:10EC00000589120E18750800780812102112ECD030
:10EC1000121030E9704B7CB47D88803EEEFAEFFB39
:10EC200012173CE9703012F1791210217508E47561
:10EC30000905780812101D75080078081210219037
:10EC40000589120E18780812102112ECD01210301B
:10EC50007CDE7D8780047C5E7D887A0D7B88122136
:10EC60000E74031212E512F150600874031212E5DB
:10EC700012F15B74011212E512F150600874011276
:10EC800012E512F15B74051210307F10020D18129C
:10EC9000EC9322E0F8A3E0F58388822212ECA4AA88
:10ECA0000AAB0B22E0FCA3E0FD22850A82850B83E0
:10ECB000E0F8A385820A85830B22E0F50CA3E0F53A
:10ECC0000D750E00780C2212EC95A312EC93E02245
:10ECD000E5162402FCE5173400FDE51612EEEDE51D
:10ECE0001712EF4E7A067B8012201E74072274F4EE
:10ECF000120A6374F41210AE8A088B09ECFEEDFF61
:10ED0000740B1212E57403F01212E5AA82AB83129F
:10ED1000248C1216B2EAFCEBFD74031212E5AA82EF
:10ED2000AB83122486E9600A12EE406010E06401B1
:10ED3000600B851882851983748402EDF38E828FAF
:10ED400083A3A3A3A3A3A3A3A3E06017C394F15039
:10ED50001212EE407018EE241412F3116005C394E1
:10ED6000F1400B851882851983748202EDF3E50862
:10ED7000240CF582E50912F31464217002A3E070FB
:10ED80004F851882851983748CF012EE321210218F
:10ED900012EE471226727401121030E9705685186F
:10EDA00082851983E4F0121F2212EE40704674012E
:10EDB0001212E5AC82AD8312F41BFB12265AE970E5
:10EDC000337D007C00790012F41BFB121FFA8024B3
:10EDD00012EE3212102112EE4712266C740112103C
:10EDE00030E98518828519837007E4F0121F2280AC
:10EDF000037488F012F32BE50912EE381210217417
:10EE0000011212E585820A85830B780A12101DE52E
:10EE100008240CF582E50912F314F50AA3E04480F6
:10EE2000F50B780A12101D12EF12121030740C023A
:10EE3000E5E6EE2414F582EF12F3FEF50A780A22D5
:10EE400012EEB1E0640322EE240BFCEF3400FD8EE1
:10EE5000828F83A3A3A3A3A3A3A3A3A312EF0C8EC8
:10EE6000828F83A3A3A3A3A3A3A3A3E0F922C082B9
:10EE7000C08374F31210AE851882851983E4F00400
:10EE80001212E512EEA774031212E5AA82AB8312E6
:10EE90002618851882851983AA82AB8312130474FD
:10EEA0000D12103002F154EAF0A3EBF02212EEB191
:10EEB0002212EF3212EEBC2212EEBC223400F58395
:10EEC00022EE2404FE12F1A62285188285198312EF
:10EED000EED322E0F8A3E0F92212EF54AA82AB832A
:10EEE00022A3A3E8F0A3E9F02212EF4E22240FF5AB
:10EEF0008222EE2402FCEF3400FDEE240F22AC82CD
:10EF0000AD8385188285198312EF0C22E0FAA3E005
:10EF1000FB227901E5082402FCE5093400FDE5083F
:10EF2000240FFAE50912EF29223400FB121FF474B2
:10EF30000522EE2413F582EF2212EC93E022020F59
:10EF4000E2EE2402FAEF3400FBEE12EEEDEF12EEE9
:10EF5000BCE0F922F08518828519832212E6FDFCB7
:10EF6000A3E0FBEC2274F6120A6374E01210AEEA1E
:10EF7000FEEBFF851882851983AC82AD83121FE2F8
:10EF800012185C74021212E512EEFE121766E964A2
:10EF900001700302F14674181212E5AA82AB8312C3
:10EFA00016C474021212E5AC82AD8374181212E515
:10EFB000AA82AB83122486E9602C1216BE8A088BC3
:10EFC00009A808A909851882851983E0687003A338
:10EFD000E069601212EEC990036B12EEE37A6B7B6C
:10EFE00003794B1224A4EE2411F582EF12F427C00A
:10EFF00082C0831216B88A088B09D083D082E0655C
:10F00000087004A3E06509603E74021212E5AA824A
:10F01000AB831213468A088B09A808A909E849603E
:10F020002688828983A3A3A3A3E06401600D88825C
:10F030008983A3A3A3A3E06402700C74021212E5F7
:10F04000AA82AB831213521216B88A088B09A80839
:10F05000A909851882851983E0687003A3E06960B7
:10F060001174021212E512EEFE121328E960031267
:10F070001F2274021212E512EEFE12183E790012DF
:10F08000EF021214E4740B1212E5E412F14BF8A330
:10F09000E0F9740C1212E512EEE3740B1212E5AAF9
:10F0A00082AB83121C88E9604B7C087D0079007478
:10F0B000181212E5AA82AB83122666740E1212E5AC
:10F0C000AC82AD8374181212E5AA82AB8312248637
:10F0D000E9602174021212E5AC82AD83740E121243
:10F0E000E5AA82AB83122618740B1212E5AA82AB32
:10F0F0008312130474021212E5AC82AD83740E12F3
:10F1000012E5AA82AB83122618740B1212E5AA82AA
:10F11000AB831212F8E9602E740C1212E512EECFD6
:10F12000851882851983E0687003A3E0696017126F
:10F13000EEC9740C1212E512EEE3740B1212E5AA7A
:10F1400082AB83121304742002E69B12EF54E02278
:10F1500012F16922D083D082020FE212EF0C121D4D
:10F160002A2212EF0C12F35B22E0F8A3E0F9E8493F
:10F17000223400F98882898322E51612F32DE517DF
:10F1800012EEB8E0F50878082212F18D22A3E034DF
:10F1900000F988828983E0223400FB12248CEE245B
:10F1A00008FE12F1A622EF3400FF8E828F83E02248
:10F1B000A3F012F1B62212F1BA22EA2413F582EB7F
:10F1C0003400F583E02274F6120A638C088D09126C
:10F1D000F23FFCEFFDAA08AB0912F19B850882857E
:10F1E0000983A3A3A3A3A3A3A3A312F2498508821F
:10F1F000850983A3A3A3A3A3A312F43CF8E50824E1
:10F200001312F423E812F3D37403687018EEFCEFC2
:10F21000FDE508240B12F49BC0E0E508241412F469
:10F2200023D0E0800E12F244E508240BF582E509B4
:10F2300012F237F002E69E12EEB8E8F0A3E92212CD
:10F24000F545EE2212F414F82212F40BFAA3E0F9B9
:10F25000EA2274F2120A63EAFEEBFFEE241012F3C4
:10F2600011C3940C400D12EEADE0240B12F318F50F
:10F270000A8003750A00E50AC333F8E433F9E82489
:10F280000DFAE912F42B607512EF3212F3F18A8253
:10F290008B8312F55D7066EEFCEFFDEA24030A0A2B
:10F2A0000AEB12F19812F3B2A312F31D240B12F31E
:10F2B00004E50A6048E508240DF8E5093400F985FD
:10F2C0000A0B8E828F83E0C0E0E508240B12F42342
:10F2D000D0E012F3DEC0E0E508240C12F423D0E005
:10F2E00012F3D38E828F83E0FCA3E0FBEC8882894B
:10F2F0008312F33212F3E3150BE50B70E6AA08ABA9
:10F300000902E83BF582E50912EEB8E4F022EE24AA
:10F310000EF582EF12F3FE22F812F1892212F32386
:10F32000E50822F0A3E9F012F3E722E508240EF540
:10F330008222F0A3EBF012F33A22E824020808E953
:10F340003400F9227F01020D1812F34D22F0888259
:10F350008983E022EA2413F582EB22121C7C7403D9
:10F360002212F36522F08E828F83A32274F7120A91
:10F3700063EA2413F8EB12F171E0FAA3E0F5838A53
:10F380008212F43612F349F8A3E0F988828983A344
:10F39000E0FA88828983A312F492A312EEE402F3C6
:10F3A00044FAE5093400FB12248C223400FB121DC0
:10F3B000242212F3B622FAA3E0F9EA85088285092D
:10F3C00083228E828F83E0850882850983A3A3A38D
:10F3D000A3A32212F3D72212F3650EAF832212F3F6
:10F3E000D7E02212F3E722EE24020E0EEF3400FFE4
:10F3F0002212F3FEFEA3E0FF8E828F83E02212EE44
:10F40000BCE022F08A828B83A3A32212F365AE8232
:10F41000AF83E022E0FAA3E0F9EA22EE240BFAEF50
:10F42000340022F582E50912EEB82212F3AB8A0805
:10F430008B09EA450922E08C828D8322A3A3A3F0E5
:10F44000A3E912F3268E828F83E02274F6120A63F8
:10F450008C088D0912F47912F48012F48712F4AC3E
:10F46000240212F49B850882850983A3A3A3A3A386
:10F47000A3A3A3A3A3F002E69E12F35412EEB822B4
:10F4800012EED3E8FEE922FF8E828F83E012F49120
:10F4900022FAA3E0F9EA8C828D832212F3A18E82F4
:10F4A0008F83A3A3A3A3A3A3A3A3E02212F323EE1A
:10F4B000FCEFFDE5082212F4BA2212F41424002213
:10F4C00012F4C8A3A3A3A32212F403A32274F61276
:10F4D0000A638C088D0912F5388508828509831224
:10F4E00012AE12EEC1850882850983A3A3A3A312DD
:10F4F000F55DC39406500512F3C6803885088285F1
:10F500000983A3A3A3A3E064FE600E850882850996
:10F5100083A3A3A3A3E0F4701C12F3C2A312F3D33A
:10F52000850882850983A3A3A3A3E0F4700712F5DD
:10F530004DF0A3E9F002E69E12F5457904EEFAEFEC
:10F54000FB121C8E2212F1BAFEA3E0FF228E828FE4
:10F5500083E012F3B6A3A3A3A3A3A3A32212F36190
:10F56000AE82AF832274F4120A63EAFEEBFF8C08CA
:10F570008D097A097B00121D24EA4B60359004A5A1
:10F5800012FDA18A828B8312FD8F9004A5EAF0A35D
:10F59000EB12F64EEEF0A3EF12F5B5E508F0A3E599
:10F5A0000912F5B5A3A3743212F5C3740112F5C3A1
:10F5B000A3F002FFA012F5B922F08A828B83A3A3E5
:10F5C000A3A32212F5B9A3A3A32274F6120A63EA35
:10F5D000FEEBFF8E828F83E0F9121BA48B09EA45B4
:10F5E000096004790280187C007D00EEFAEFFB12BE
:10F5F0001B808B09EA4509700479108002790002AA
:10F60000FE9C7F01020D1874F2120A6389088A09B0
:10F610008B0A121BAA8A0C8B0DAE0CAF0DEE4F603D
:10F62000287A047B00121CA0EA4B601D8A828B831F
:10F6300074FDF0A3E50A12F64EE50812F64EA3E5B6
:10F6400009F08E828F8312FA407F06020D18F08A2D
:10F65000828B83A3A32274E8120A6374FC1210AE97
:10F6600074021212E5ECF0A3EDF074011212E5E958
:10F67000F08A108B11741C1212E5E0F512A3E0F56C
:10F680001374211212E5780C1212839004A5E0F590
:10F6900008A3E0F509750AFE8A828B83E0540C64A6
:10F6A0000C701779FE12F858700302F82912F8331B
:10F6B000700302F82912F84A803BA3A3E0F4700B10
:10F6C000E5084509700302F829801D8A828B83A30F
:10F6D000A3E0F9121BAA8A148B15A814A915E8FE39
:10F6E000E9FFE849600F80CD850882850983A3A3DF
:10F6F000E0FEA3E0FFEE4F700302F8298015A90A8F
:10F7000012F858700302F82912F833700302F8292E
:10F7100012F84A7516FF7517FF850882850983124E
:10F72000FDA78E828F836028E0FA790285088285A2
:10F730000983A3A3A3A312FDED1226E3EA4B6027DE
:10F740008A828B83E0F516A3E0F517121D2A801735
:10F7500012FDA860128E828F83A3A3A312FDEDA3D6
:10F76000E0F516A3E0F517851082851183A3A3A306
:10F77000A3A3A3A3A3E065167004A3E06517601616
:10F780008E828F83E07076851082851183A3A3A378
:10F79000A312FDA77067E5102402F514E5113400EB
:10F7A000F515851482F583E0851882851983F08E1E
:10F7B000828F8312F841780C12101574241212E50E
:10F7C000E0F50B780B12102174231212E5120E18BB
:10F7D000781212101D740B1212E5120E18740C120E
:10F7E00012E5E0F9EEFCEFFDAA10AB11121B9874C4
:10F7F0000B12103085188285198312F8418510820A
:10F80000851183E0540C640C700302F6FEA3A3E0A0
:10F81000F47016850882850983E0F508A3E0F509F0
:10F82000E5084509600302F6E874041210307F1001
:10F83000020D18121BAA8A088B09AE08AF09EE4FF9
:10F8400022E0851482851583F0228E828F83E0F971
:10F85000121BA48A088B0922A3A3A3A3E0FAA3E0A6
:10F86000FB122552E9F50A74FE650A2274E8120AB1
:10F87000638A088B098C128D138917741C1212E588
:10F88000E0F50AA3E0F50B741E1212E5E0F516741C
:10F890001F1212E5780C121283EA240EF582EB1285
:10F8A000FA2212FD95EA2410F582EB12FA22E024E6
:10F8B00024FA7B00121CA08A148B15AE14AF15EE2F
:10F8C0004F700302FA198E828F83741A12FD801210
:10F8D000FA3012FD8F850882850983A3A312FA30BE
:10F8E000A3A312FD8F74181212E512FDB3EE2406C5
:10F8F000FAEF3400FB121BC8850882850983A3A395
:10F90000A3E0C0E0EE240F12FA1FD0E0F0851282CF
:10F91000851383E0C0E0EE241412FA1FD0E0F0E576
:10F9200008240CF582E50912FA22E0C0E0EE241565
:10F9300012FA1FD0E0F0850A82850B83E0C0E0EE6A
:10F94000241612FA1FD0E012FA27E0C0E0EE2417C6
:10F9500012FA1FD0E012FA27A3E0C0E0EE2418123A
:10F96000FA1FD0E0F0EE241912FA1FE516F0EE248B
:10F970001A12FA1F780C121256EE241E12FA1FE504
:10F980001712FD80A3A3A3A3A3A312FD9DEE24122F
:10F9900012FD88741A1212E512FDA1EE241012FD58
:10F9A00088EE241F12FA1FE4F0E5082410F582E522
:10F9B0000912FA22E0F812FA1CE8F0A3E4F0E86079
:10F9C00041EE2422F8EF3400F9E8FAE9FBEE2424B2
:10F9D0000808EF3400F98A828B8312FD8F851008A6
:10F9E000851109750A00780812101912FA1C12FD07
:10F9F000B38A828B8312FE10121C7C7403121030A7
:10FA0000800AEE242212FA1FE4F0A3F0EEFAEFFBD4
:10FA100085128285138312FA4002F82EEE2420F517
:10FA200082EF3400F58322F0850A82850B83A322BE
:10FA3000A3A3A3A3E0F8A3E0F98E828F83A3A3225C
:10FA4000A3E0F8A3E0F5838882E0F9121CAC2274ED
:10FA5000EA120A6374E21210AEEAFEEBFF8C088D24
:10FA600009890A74341212E512FD9574361212E5F2
:10FA7000E0F50EA3E0F50F74381212E5E0F514A3DB
:10FA8000E0F515743A1212E5E0F50CA3E0F50D74FB
:10FA90003C1212E5E0F50BEC45097005790202FD18
:10FAA00076E9A2E3503B8E828F83A3A3A3A3A3A3F3
:10FAB000A3A3E0640270E51216B88A128B13A81291
:10FAC000A9138E828F83E0687003A3E06960127CC3
:10FAD00003790112FE0C121538E9600579CD02FD9B
:10FAE000768E828F83A3A3A3A3A3A3A3A3E0640220
:10FAF00060118E828F83A3A3A3A3A3A3A3A3E06417
:10FB00000F702212FE0C12173CE98E828F83A3A382
:10FB1000A3A3A3A3A3A36005740FF0803CE0640F2C
:10FB2000703702FA9C8E828F83A3A3A3A3A3A3A3FF
:10FB3000A3E0640360238E828F83A3A3A3A3A3A364
:10FB4000A3A3E0640160128E828F83A3A3A3A3A367
:10FB5000A3A3A3E0600302FA9CEE2408F8EF12FFCF
:10FB600047C0E0740A1212E5D0E012FF507012EEA6
:10FB7000FCEFFD74021212E5AA82AB8312248C8082
:10FB80000F8E828F8312FDA174021212E512FD8F77
:10FB900074111212E5E4F0A3F09004A512FDAB601D
:10FBA0004B88828983A3A312FE10E5086A7003E5DF
:10FBB000096B8882898370E412FD9DE8FCE9FDEC05
:10FBC0004D6029850882850983E0FA79028C828D4F
:10FBD000831226E3EA4B60368A828B8312FDA1747E
:10FBE000111212E512FD8F121D2A802285088285CE
:10FBF000098312FDA86017850882850983A3A3A342
:10FC000012FDED12FDA074111212E512FD8F741792
:10FC10001212E5E4F0A3F0E50AA2E4501A740A1205
:10FC200012E5E0640F6010E06401600B74171212BB
:10FC3000E57404F0A3E4F0E50AA2E7500974171292
:10FC400012E5E04410F0E50AA2E650127417121211
:10FC5000E5E04401F074011212E5740180067401BC
:10FC60001212E5E4F0E50AA2E2500974171212E557
:10FC7000E04440F0851882851983E4F0850C828584
:10FC80000D83E0C0E074191212E5D0E012FD80E0AF
:10FC9000C0E0740B1212E5D0E0F08E828F83A3A334
:10FCA000A3A3A3A3A3A3A3E0C0E0740C1212E5D006
:10FCB000E0F0740F1212E5E510F0A3E511F07413F3
:10FCC0001212E5E50EF0A3E50FF074151212E5E54A
:10FCD00014F0A3E515F09010EBE0C0E0741A1212D6
:10FCE000E5D0E0F0741B1212E5E50BF08518828573
:10FCF0001983AA82AB83121BB6E9C3950EE4950F54
:10FD0000502090031812FDAB601474021212E5AA81
:10FD100082AB8390031912FDEE1226E380107E025F
:10FD2000800E74021212E5AA82AB8312267EE9FECF
:10FD3000740A1212E5E06402702E1216B88A0E8B55
:10FD40000FA80EA90F74021212E5E0687003A3E079
:10FD5000697015EEFB850C82850D83E0FA850882BB
:10FD6000850983E0F9121B8CEE7009850C82850DE4
:10FD700083E004F0EEF9741E1210307F0E020D18AD
:10FD8000F085088285098322F582EF3400F583E847
:10FD9000F0A3E9F022E0F510A3E0F51122A3A3A35C
:10FDA000A3E0F8A3E0F922A3A3A3A3E0F8A3E0F95A
:10FDB000E84922E0FCA3E0FD22C082C0839004A5B4
:10FDC00080048A828B8312FDDD600B8A828B831212
:10FDD000FDE9E06970ECD083D082020FE2E0FAA383
:10FDE000E0FBEA4B228C828D83A3A3E0F8A3E0F52D
:10FDF0008388822274F6120A6312FEA16007A3A30D
:10FE000012FE1080047A007B0002FE9C8E828F839B
:10FE1000E0FAA3E0FB2274F4120A63EAFEEBFF8926
:10FE200008121BA48A0A8B0BAC0AAD0B7900EC4DAF
:10FE3000603C8C828D83A3A3A3A312FDDD601CAA6A
:10FE400008098C828D83A3A312FDE91226E38E821A
:10FE50008F83EAF0A3EBF07901801B12FDE5A3A3E9
:10FE6000A312FE108E828F83EAF0A3EB80078E82AE
:10FE70008F83E4F0A3F002FFA074F7120A638A8272
:10FE80008B83E0640170047E0880027E00A3AA8256
:10FE9000AB83122678E9C39EF902F6027F02020DB7
:10FEA00018121BA48A828B83E582458322C082C0FC
:10FEB000839004A512FDA1888289837900800809B6
:10FEC00012FE108A828B83E582458370F202FDD692
:10FED000C082C0839004A5801A12FDE5E0F8E960B5
:10FEE00003E8600BE88A828B83F0A3AA82AB838C41
:10FEF000828D8312FDB3EC4D70DF02FDD674F712D4
:10FF00000A63EAFEEBFFEC2408F8ED12FF478E824D
:10FF10008F83A3A3A3A3A3A3A3A312FF50700512CF
:10FF2000248C800E8C828D8312FDA18E828F831291
:10FF3000FD8F8E828F83A3A3A3A3A3A3A3A3A3A3B5
:10FF4000E4F0A3F002F6023400F988828983E0220B
:10FF5000F088828983E064032274F4120A63EAFE63
:10FF6000EBFF121BA48A088B09A808A909E84970AD
:10FF70000D8E828F837432F0A37401F08022E82406
:10FF800006F508E93400F509750A00780812101919
:10FF90007C027D00EEFAEFFB121C7C740312103021
:10FFA0007F04020D18C082C0839061A5E0D2E2F008
:10FFB000900AF7E0C39412502D900B25E0906172E7
:10FFC000F0900B26E0906173F0900B29E090617443
:10FFD000F0900B2AE0906175F079087C397D0B7AFE
:10FFE0006A7B611222D0906180E4F0E04405F0D099
:06FFF00083D082020FE243
:020000040003F7
:1080000074F7120A63E99005A9F09005917402F0E3
:1080100090058974FEF0A304F01216B2121E6812C5
:108020001F7C7AF77B10121B869010F6E060097AAD
:10803000007B00121E5680147AFF7BFF121E567CB6
:10804000F47D017B327A007908122162121F2E1210
:108050001E7A0287CC74F6120A63EAFEEBFF5480A4
:108060007033EEA2E050479010F674011282757CD6
:108070000F7B0F9005ACE0FA9005AEE05407F912C3
:108080001F82EE6401FAEFFB02812E121E6EAA0817
:10809000AB09121CA69005A9E0F9121CB28A088B44
:1080A00009A909EA4970E4EEFAEF648080D9540224
:1080B0006008121E62EE640280CBEE5420601E90B7
:1080C00005AAE070109010F6E0640670037407F0E3
:1080D0007900121DB4128131EE642080A8EE541094
:1080E00060239010F6E0F9121F8890067BE064018F
:1080F000700E7C647D007A007B089003C212870CAE
:10810000EE64108080EE54086006EE6408FA801E6B
:10811000EF54026006EF6402028087EE5404600AA6
:108120007A0279FF1220841212EF7A007B00028615
:10813000F27A107B009005A9E0F9121CDC2274F69B
:10814000120A6374FE1210AE1290B59010F6E07031
:10815000057900122078121F349005B0E090036278
:10816000F0121E5C121C9A851882851983EA547FCE
:10817000F8E028F8A3E03400F9E82464FEE93400CC
:10818000FF7901122066851882851983E0F4700357
:10819000A3E0F460359010F67401F0121E8C85187F
:1081A00082851983AC82AD837AF67B10121E9E9075
:1081B00010F6E0700E7A0279FF1220841281317974
:1081C000028011EEFAEFFB121F0A9005B0E0F912DF
:1081D0001736790102886CC082C083901122E0704A
:1081E0000E9005AC7402F09005AEE054F8802E6459
:1081F00001700A9005AEE054F84401800DE064027D
:1082000070099005AEE054F84402F07A057B031241
:10821000187AE99005AC7003E480027403F00287D9
:10822000B1C082C0839005AAE070129010F6E0649D
:108230000870037409F07900121DB4802B12172AFC
:10824000E92410F8E43400F9E894FFE99400C365E8
:10825000D033500E12172AE92410F91217307A0180
:1082600080089010F67401F07A101281330287B101
:108270009010F67406F07A107B009005A9E0F912D0
:108280001CDC22C082C0831220EAE96401700590E0
:1082900010F6E4F00287B174F6120A6374FF12104C
:1082A000AE8A828B83E014603B147003028417143F
:1082B000700302842924E9600B2447600D24D660F2
:1082C0000F02845312203C028453121E7402845302
:1082D0009005DC128D457003028453128F271226FD
:1082E000E30284539010F6E064026003028453902A
:1082F0001122E064016008E064026003028453120A
:108300001EBC8A088B09A808A909E8FEE9FFE8490C
:1083100070030283FE9010F4E0C3940350030283C1
:10832000FE9005ACE070599010F67403128C91E049
:10833000F9121F168E828F83A3A3A3A3A3A3A3A3C3
:10834000A3A3E0F50878081210218E828F83A3A3DF
:10835000A3A3A3A3A3120E189005B0E0F508780814
:108360001210218E828F83A3A3E0F98E828F83E087
:10837000FCA3E01284581213B87404121030806BFE
:108380006403706D9010F67404F0900368E064FE6E
:108390007003A3E0F47012121C9A9003681290BB51
:1083A0007A687B0379531224A4900375E064FE700D
:1083B00003A3E0F47014128462900375E8F0A3E95B
:1083C000F07A757B0379501224A48518828519836D
:1083D0007401F0AA82AB8379521224A48E828F8317
:1083E000A3A3E0F97A937B051213ACE9600312862C
:1083F000B49005B0E0A2E3505A12869E80559010CA
:10840000F5E0604F9010F4E004F0121C9AEA246446
:10841000FAE43400FB8039901122E064016005E049
:108420006402702F121E80802A901122E064016085
:1084300005E06402701D9005ADE4F09005AC04F019
:1084400090059212846C90110D7402F07A007B00FA
:10845000121F0A74010286EFFDEE240BFAEF3400BE
:10846000FB228E828F83E0F8A3E0F922F07C897DE5
:10847000037A937B0512248C2274F6120A6374EB40
:108480001210AEEAFEEBFF128FBEF5097808120C4F
:1084900080020021002200D18400800180A384009A
:1084A00000EF84121FD68A088B09AE08AF09EE4F81
:1084B000603D8E828F83E0700FEE2403FCEF34006A
:1084C000FDA3128C5B121FBEEEFAEFFB121D2A8079
:1084D0001E851882851983AC82AD83121FD0851842
:1084E00082851983AC82AD83EEFAEFFB121FB8745C
:1084F000150286EFC082C0837A011285137A0012BA
:1085000085137A217B001285157A227B001285154E
:108510000287B17B809005A9E0F91220302274F621
:10852000120A6374FE1210AE9010F6E06403601538
:10853000E0640A60030286109005AEE0540764010F
:1085400060030286159005AAE0703A1281319010FE
:10855000F6E0640A700D1286C36010900377740809
:10856000F08008E064037003121F1C9010F674067C
:10857000F01286C3700302869B7B007A007900129A
:1085800013BE02869B9005ACE0640170369005AD89
:10859000E004F0C39403402B900375E0F47003A350
:1085A000E0F4600D900375E064FE7003A3E0F470E6
:1085B000069005ACE4800B9005AC7403F090059236
:1085C0007401F01216B88A088B0974FE65087004ED
:1085D00074FF6509700D900368E064FE7003A3E00A
:1085E000F4601B85188285198374FEF0A304F09053
:1085F000036814F0A304128D4D79531224A41217AA
:10860000F61213949010F47401F01286B402869B53
:10861000E0640470789005AAE070211282709005E1
:10862000B0E0A2E3500312869E1286C360097B006D
:108630007A0079001213BE121F1C805F9005ACE017
:10864000640170409005ADE004F0C39404502D9097
:108650000375E0F47003A3E0F4600D900375E0642B
:10866000FE7003A3E0F470079005ACE4F080159071
:1086700005AC7403F0900592740180F090030DE056
:10868000640160E41217F612139402860A9003B490
:10869000E064027006121F1C12813102886C7A009D
:1086A0007B001216D67A007B001216DC7A007B0063
:1086B0001216E222121C9AEA547F2464FA7B0012FA
:1086C0001F0A229005AEE054076402227508AB75BC
:1086D0000905780812101D7508017509007808123F
:1086E000101D7C007D007A857B00121DA27404128F
:1086F00010307F02020D18C082C083EAFCEBFD7AC5
:10870000041287070287B17B009005A9E0F9121DCA
:10871000D82274F6120A639005ABE4F07508AB75C5
:108720000905780812101D7C017D007A857B0012F6
:108730001D9C7402121030E9701C780812101D750F
:108740000801750900780812101D7C007D007A85EB
:108750001287591210300286F27B00121DA8740491
:108760002274F6120A63E9FE9005AB7401F06E7094
:10877000037403F00286CC74F6120A639005ABE42E
:10878000F00286CCC082C0838C828D83E4F0A3F09B
:108790009005ABE0A2E05019A2E1500C8C828D83D1
:1087A0007488F0A3741380058A828B83E4F0121E10
:1087B00098D083D082020FE274F7120A63121E92DD
:1087C0007A887B13121E8680031281337F01020D8B
:1087D0001874F1120A6374F71210AE8A088B09EC50
:1087E000FEEDFF890AEEFAEFFB122060EEFAEFFBD6
:1087F0001220489004AC128D45603C74081212E5BA
:108800007403F08E0C8F0D750E00780C1210197C0D
:10881000087D0074031212E5AA82AB83121C7C74DB
:1088200003121030851882851983AA82AB839004C5
:10883000AC128F241226E3A90AEEFAEFFB121742BC
:108840007900AA08AB091214E4900375E0FCA3E0D8
:10885000FDAA08AB0912180E74091210307F070226
:108860000D187F04020D187F06020D18740202868F
:10887000EF74F0120A63890B8A0C8B0D8C088D093A
:108880008B0EAA0E7B00121CA08A0E8B0FAE0EAFB1
:108890000FEE4F6031E50D601DE508450960177565
:1088A0000A007808121019850D08AC087D00121C0A
:1088B0007C74031210308E828F83E50CF0EEFAEF99
:1088C000FBA90B121CAC7F08020D18C082C0837478
:1088D000FD1210AEE9851882851983F090059F126C
:1088E0008D456015851882851983AA82AB83900512
:1088F000A0128F271226E3801674021212E5E4F00C
:10890000041212E5AC82AD837B027A01128D3C79B0
:108910000074031210300287B174F2120A637508F2
:10892000001215E08A0A8B0BAE0AAF0B8005050812
:10893000128DAAEE4F70F7750B007509001215E045
:108940008A0C8B0DAE0CAF0D750A008023E064021B
:1089500070128E828F83A3A3A3A3A3A3E0640170EC
:1089600003750B01E5096003028A25050A128DAA29
:10897000E50AC395084003028A09901120E0F470CB
:1089800003A3E0F4600F128462901120E06870038A
:10899000A3E06970D67A937B0512187AE9640170B6
:1089A00012EE240BFCEF3400FD7A937B0512248633
:1089B000E960B8E50B8E828F83A3A3A37005E070F6
:1089C0000680A8A3E060A48E828F83A3A3A3A3A3A1
:1089D000E0F8900365E06870928E828F83A3A3A372
:1089E000A3A3A3E0F890110EE0686039E064016091
:1089F0000302894D8E828F83A3A3A3A3A3A3E06464
:108A0000026003028964028961E50B600C0509E5D7
:108A100009C39402500302893DE508650A70067A8D
:108A2000007B008004EEFAEFFB02886774F2120A02
:108A3000638A088B099005A1128D456009128F2762
:108A40001226E3028C589003C3128DB49003C3E046
:108A5000F50AA3E0F50B802D1284628A828B83A332
:108A6000A3E0687003A3E06970148E828F83A3A3D0
:108A7000E0F88A828B83A3A3A3A3E068605F8E0AD9
:108A80008F0B128DAAEE4F70CF7A167B00121D2429
:108A90008A0C8B0DAE0CAF0DEE4F7003028C587C20
:108AA000167D0079001226668E828F83A3A3A3A36E
:108AB000A3A3A374FEF0A304128C91A3A3A3A3F019
:108AC0009003C3128D4570059003C3800BE50A2403
:108AD00014F582E50B128F04EEF0A3EFF085088207
:108AE000850983A3A3A3A3A3A3A3A3A3128C6AA30F
:108AF000F0E5082408F8E5093400F9888289831232
:108B00008C6A128C81E08E828F83A3A3128C8712D1
:108B10008C5B8E828F831290BBE508240CF582E576
:108B200009128E57C0E0EE2413128F01D0E0F088B6
:108B3000828983E064016011E508240DFCE50934B5
:108B40000012845812248C800C7C087D0079FF125E
:108B50008459122666850882850983A3A3A3A3A34B
:108B6000A3A3A3A3A3E0F890112AE0C398400302B3
:108B70008C58850882850983A3A3A3A3A3E064017D
:108B80006009900592E07003028C5879009003B45C
:108B9000E0640270308E828F83A3A3A3A3A3A3A358
:108BA000A3A3E0C398500D128C61128E57C3941486
:108BB000402D802C8E828F83A3A3A3A3A3A3A3A362
:108BC000A3E068701B8E828F83A3A3A3A3A3A3A398
:108BD000A3A3A3E0F8128C61128E57C39850010929
:108BE000850882850983A3A3A3A3A3A3E06035E935
:108BF000A2E050308508828509831284668E828FB8
:108C000083A3A3A3A3A3A3A3E8F0A3E9128C81A346
:108C1000A3A3A3A3A3128C79F0128C61128F041268
:108C20008C79A3F0850882850983A3A3A3A3A3A3BA
:108C3000A3E0600B8E828F83A3A3A3A37401F085AE
:108C40000882850983A3A3A3A3A3A3E0600A8E825D
:108C50008F83A3A3A37401F0028867E0FAA3E0FB6B
:108C600022E508240BF582E50922128C6E22E08EA3
:108C7000828F83A3A3A3A3A322128C6EA3A3A3A377
:108C800022128C87A3A322F0850882850983A3A3DF
:108C900022F08E828F83A3A3A3A3A3A32274F7122F
:108CA0000A63E99005AAF0700A128CBF700C740672
:108CB000F080077A00790112215C7A200287C97A54
:108CC00001790112215C9010F6E02274F7120A6318
:108CD00074FB1210AEE9FE9005AAF0700A128CBF68
:108CE000700C7403F080077A00790112215C900502
:108CF000A3128D456033EE851882851983F09003A9
:108D00006812846674011212E5E8F0A3E9F090039A
:108D10006B12846674031212E5E8F0A3E9128D4D1C
:108D20009005A3128F241226E37C007D007B027A3B
:108D300002128D3C74051210300287CC9005A9E018
:108D4000F9121EB022E0F8A3E0F9E84922F08518F4
:108D500082851983AA82AB832274F4120A638A087B
:108D60008B099004A5128DB41281318033128F1EAD
:108D7000E060267A047B00121CA0EA4B601B8A820A
:108D80008B8374D6F0A3A3E508F0A3E509F0128F56
:108D90001E128F23E0F9121CAC128462E8FEE9FF78
:108DA000EE4F70C9121F1C028862EE2414F582EF88
:108DB0003400F583E0FEA3E0FF227900020FE274A5
:108DC000F7120A6374FB1210AE1290B574021212FD
:108DD000E5ECF0A3EDF074041212E5E9F090059DC6
:108DE000128D456013851882851983AA82AB839002
:108DF000059E128F271226E3028D3474F6120A6341
:108E0000EAFEEBFF1216B2EAFCEBFDEE2402FAEFEB
:108E10003400FB122486E9640170229005A5128DAE
:108E2000456011EEFAEFFB128F271226E38B09EA59
:108E30004509701A128E51F9121EA480118E828F6C
:108E400083A3A3A3A3A3A3A3A3A3A3128F0902860F
:108E5000F2EE240BF582EF3400F583E02274F61273
:108E60000A6374FE1210AEEAFEEBFF8E828F83A3BC
:108E7000A3A3A3A3A3A3A3A3A3E064017039EE2437
:108E80000CF8EF3400F9880889098882F583E0C07E
:108E9000E074011212E5D0E0F0128E51851882853F
:108EA0001983F0AA82AB831213C4850882850983D3
:108EB000E0F9121EA480321216BE8A088B09A80897
:108EC000A9098E828F83E0687003A3E06970111294
:108ED0008E51640160051286C37005128EFE80D02B
:108EE000EE240B128F01128F099005A7128D456099
:108EF0000AEEFAEFFB128F271226E302886CEE24AB
:108F00000CF582EF3400F58322E0F9EE2402FCEF49
:108F10003400FD8E828F83128C5B121EAA228E82F9
:108F20008F83A3A3E0F8A3E0F58388822274F7126D
:108F30000A63E9FE900362E0A2E1401374016E70DF
:108F40000E1217F67C007D007B027A03128D3C0224
:108F500087CCC082C0831214600287B1020FE27412
:108F6000F6120A63EAFEEBFF128EFEA3E054807055
:108F70004A128E517045EE240C128E546413700206
:108F8000A3E06037128FBE4480F509780812101DE7
:108F9000E4F508F509780812101DEE240E128E541F
:108FA000FD7C84EE24020A0AEF3400FBEE240F124B
:108FB0008E54F912202474041210300286F2EE242A
:108FC0000CF582EF3400F583E0F508A3E022C082BF
:108FD000C083EA4B600BEAFCEBFD7A011287078045
:108FE000057A011281330287B1C082C0837A007B87
:108FF000029005A9E0F9121DEA0287B174F7120A7E
:1090000063E9FE9005B0E0A2E1501A90110EE06E07
:1090100060139005AEE054F84402F09005B0740C73
:10902000F0F91217360287CC74F6120A637A007BC5
:10903000001226841216B28A088B09AE081216B8DE
:1090400075080078081210219005B0E0F9EEFCAD2B
:109050000912200074011210307A007B001226845D
:109060000286F2020FE274F7120A6374FB1210AE6A
:109070001290B574021212E5E9F074031212E5ECD5
:10908000F0A3EDF090059B128D4560138518828545
:109090001983AA82AB8390059C128F271226E302C4
:1090A0008D34C082C0837A001290C10AEAC394074B
:1090B00040F60287B1851882851983EAF0A3EBF0A8
:1090C00022EA1290CAE4F0A3F022C333F8E433F9A1
:1090D000749B28F582740539F5832274F0120A63B3
:1090E00074F41210AE8A0A8B0BECFEEDFF890E743D
:1090F0001C1212E5129A2D7C0C7D007900851882D5
:10910000851983AA82AB8312266674091212E5E4DC
:10911000F08E828F83A3A3A3A3A3A3A3A3E0C0E0A5
:1091200074081212E5D0E0F08E828F83129273F0F1
:109130009010FDE024FFF50CA3E034FFF50D850A47
:1091400082850B83E0850C82850D83F0750F1E7878
:109150000F121021780A12101D780C12101D850EA6
:109160000AE50A2401F50AE43400F50B780A121026
:109170001D780812101D90066DE0F97CF77D1074C3
:10918000091212E5AA82AB83121B9E7409121030D9
:10919000740C02988574F2120A63E9FE740E1212BE
:1091A000E51295C474101212E51299397412121254
:1091B000E5E0F50912929BFF801F850C82850D83E7
:1091C00012965D850C82850D83A385820C85830DA7
:1091D00088828983A3A882A9838F0874FF25081F2A
:1091E0000470D7E50990066D600474408001E4F0D6
:1091F000780A12101DEEF9129B9C12103090066D29
:10920000E4F07F06020D1874F2120A6374F712106C
:10921000AEEAFEEBFF890A8C0B129A2AEEFCEFFDF8
:109220007AE67B03122486E9700A74081212E512AA
:1092300092E7800E74081212E57402F0900589120C
:109240009273F0EEFCEFFDAA08AB091299C7E50A8C
:10925000F0A3E50BF0E4F508F509780812101D7984
:109260000A74021212E5129B941210307409121043
:1092700030808F129951851882851983E8F0A3E90F
:109280002274021212E5129B9412103074098003AA
:10929000129B9C1210307F02020D189010FD129943
:1092A00051EE2274F6120A6374F71210AEE9FE74DE
:1092B000081212E51292E21299DDEA1292F7EBF02F
:1092C0009010FDE02402FAA3E03400129304A3A35B
:1092D000EEF0750813750900780812101D790B025D
:1092E00092811292E7F022740FF08518828519831B
:1092F00074FDF0A374FF22F01292FC229010FD1274
:1093000099E8A322FB12248C1292FCA3A3A3A3A38B
:10931000A3A32274EE120A6374F21210AE8A0C8BAD
:109320000D750AFE750BFF750800750900EA240C1F
:10933000F582EB1295B77004780880027802EA246F
:1093400013F582EB129E5E28FAA3E034008A82F5C0
:1093500083E0F50EE50C240CF582EB129E5E49705D
:109360004B129A73129A2DAC08FD7AE67B031224F5
:1093700086E960061295C1029422AA08AB0912136D
:1093800046EAF8EBF9EA4B70030294348882898349
:10939000A3A3A3A3E06401600302943488828983B9
:1093A0001295C4E50E607B750EFF8076129A7312DB
:1093B0009655E0FAA3E0F9EA2400F50AE439F50B42
:1093C000900589E0650A7004A3E0650B70087508D4
:1093D000E6750903804CAB0B121340EAF8EBF9EA8F
:1093E0004B603F88828983A3A3A3A3E0640170320A
:1093F00074011212E5E4129C4412994B740C12127F
:10940000E51299FF74011212E5AA82AB831212FED3
:10941000E9600B74041212E5858208858309E50E64
:10942000708574FE650A700474FF650B6006E508BC
:1094300045097010E50C240BF582E50D129E5E6067
:10944000030295AA129BA875100B74FE650A70049E
:1094500074FF650B601AE50845096014E50E6006A7
:109460007401650E7005750F008018750F808013EC
:10947000750F811295AF70051295C180067508E6CB
:109480007509038E828F83E50FF0A3AC08AD09AA9E
:1094900082AB8312248C8A088B09AE08AF098E82B6
:1094A0008F83E50AF0A3E50B129A237401650E6021
:1094B0000302956E900589E0650A7004A3E0650BD0
:1094C000600302956EE50F600302956E8518828534
:1094D0001983E4F0AA82AB83121364EA4B7003028F
:1094E00095651295AF7004780880027802E50C2427
:1094F00013F582E50D129E5E28FCA3E034008C82F9
:10950000F583A3E0FCC333F8E433F9EA28F8EB3938
:10951000F9851882851983E0FDECC39D500CE0C3EA
:109520009CF0C333240BF5108002E4F0129A05EC92
:10953000F0A30E0EAF8305100510801B129A351292
:109540009A050EAF83E824020808E93400F985186B
:1095500082851983E014F0851882851983E070DC18
:10956000121D2A80098E828F83E4F075100C9006FC
:109570006D7410F0E50C240CF582E50D129E5EF57D
:1095800008A3E04480F509780812101DA910E50C25
:109590002402FCE50D3400FDE50C240FFAE50D1264
:1095A000983212103090066DE4F0740E029941E585
:1095B0000C240CF582E50D3400F583129951E8492D
:1095C00022900589E0F50AA3E0F50B2274F6120A51
:1095D00063740A1212E5129BAB9010FD129655129D
:1095E00096FF129A4E8E828F83E0541F12966B1252
:1095F00098488E828F83A3A3129664129664A31256
:109600009683129683A312969012967E2408FCEFFE
:109610003400FD129696129690A3A3A312967E2470
:109620000BF582EF129A7A12967E240CF582EF12D5
:109630009A7A12965D750802750980780812101DD5
:109640007910EA2402FCEB3400FDEA240FFAEB3433
:1096500000FB0292901299518882898322E08882CD
:109660008983F022E012966BA3A32212966F2288C0
:10967000828983F0A308A9838E828F83A322129A02
:1096800068EE2212968722E012966FA3A3A3A3226C
:10969000129687A3A3228C828D83129A688C828D66
:1096A00083A32274F6120A63EAFEEBFF740A121215
:1096B000E512994D1297078A828B831296FF129AB0
:1096C0008A888289831299CF88828983129A2D543D
:1096D0000FF9740C7808121274E508C4498A828B59
:1096E00083F0750803750980780812101D7905EE5E
:1096F0002402FCEF3400FDEE240FFAEF02964FE453
:10970000F0A3ECF0A3ED229010FDE0FAA3E0FB2221
:1097100074F0120A638A088B09E9FE12929B703674
:10972000EC4D60328C828D83A3A3A3A3A3A3A3A338
:10973000A3C082C0838C828D83A3A3A3A3A3A3E031
:10974000D083D082FAE02AC333240CFAC3944F406A
:109750000779100298307A04EE129A4A900589121D
:10976000984890058A12965DA3EAC39405500302B7
:10977000980A74FC2AF0A30808A983129696858299
:109780000A85830B129A5C129848EC240312983BCA
:10979000129A5C12969AA3A3A3A3E0C454F0129A5F
:1097A00069EC240612983B129848850A82850B833F
:1097B000E060247B00800FEBC333F50AE433F50B44
:1097C000EC240712984C8C828D83A3A3A3A3A3A39C
:1097D000E0FFEBC39F40E0EC240912983B129A5241
:1097E000E060297B008C828D83A3A3A3A3A3A3A302
:1097F000A3A3E0FFEBC39F5013EBC333F50AE4339D
:10980000F50BEC240A12984C80DBE4F0750A047521
:109810000B80780A12101DEAF9E5082402FCE5091C
:109820003400FDE508240FFAE509129832121030D1
:1098300080563400FB121FEE740222F50AED34004C
:10984000F50B850A82F58322129A6822F50CED3415
:1098500000F50D850C82F58312986C129879850CB1
:1098600082850D8312986C129A670B22E0250AFFFD
:10987000A3E0350B8F82F58322E088828983F0A3F1
:10988000A882A983221210307F08020D1874EE12EC
:109890000A6374FF1210AEE9851882851983F0EA15
:1098A000FEEBFF8C0A8D0B74131212E5E0FC7414AE
:1098B0001212E512994D74161212E5E0F5107417A4
:1098C0001212E512993912970775080474066E7022
:1098D0000374806F70057509108003750900EC8AA8
:1098E000828B83F0A3E8F0A3E9129A8660167404D1
:1098F0002510F508750E00780C121019AC1012998D
:1099000031121030E50990066DF08E0C8F0D780C39
:1099100012101DA908AC0AAD0B74021212E5AA823E
:10992000AB83129B9C12103090066DE4F0040299F8
:10993000417D00121C7C740322E0F50CA3E0F50DC0
:10994000221210307F0A020D18A3A3A3A31299516B
:1099500022E0F8A3E0F92274F6120A6374FF1210F1
:10996000AEE9851882851983F0ECFE740B1212E5BE
:1099700012994D740D1212E5129A2D1299AFEEF054
:109980001299AFA3E8F01299BB1292F8A3A3E4F0E6
:10999000780812101D7904EAFCEBFD74021212E53E
:1099A000AA82AB83129B9C12103074010292939096
:1099B00010FDE0FCA3E0F5838C82221292FCA3E967
:1099C000F0227F10020D1812248C8A828B832212BF
:1099D0009A91AB83221210307F04020D189010FD73
:1099E0001299E4221299E822E0F8A3E0F583888234
:1099F00022850A82850B83A3A882A9839010FDE8A3
:109A0000F0A3E9F022129A0922E08E828F83F0A35C
:109A1000222401FAE43400FB121D248A0A8B0BEA8B
:109A2000450B22F0A3AE82AF83229010FDE0F50833
:109A3000A3E0F50922129A392288828983129A09B1
:109A4000AE82AF8388828983A32288828983129819
:109A50007E22129879850A82850B8322129A688564
:109A60000A82850B83A322A3E088828983F0A3085E
:109A7000A98322E50C2413F582EB3400F58322F050
:109A8000A3E508F0A322F0A3E510F0A3AA82AB831C
:109A900022129A9522E08A828B83F0A30A2274E82C
:109AA000120A6374FD1210AEE9851882851983F0DD
:109AB00074011212E5EAF0A3EBF08C158D10741B03
:109AC0001212E5780C121283741F1212E5129BAB6E
:109AD00074211212E5129A2D74231212E5E0F51684
:109AE000A3E0F51774251212E5E0F514740A2510A9
:109AF000F511129A1170047910807F8A828B83A3EA
:109B0000E515129A8A780C121015121D06740412AB
:109B10001030EE8A828B83F0A3EF129A7FE5091250
:109B20009A86601985160C85170D750E00780C1233
:109B30001019851008AC081299311210301299F1E1
:109B4000E51490066DF075083875098078081210D4
:109B50001DA91174031212E5129BA274021212E5E0
:109B6000AA82AB83129B9C121030E9FEAA0AAB0BAF
:109B7000129B8290066DE4F0EEF97403121030022D
:109B800099C2129B8622121D2A9010FD741EF0A30A
:109B90007406F022AC82AD837A1C7B06121FEE7431
:109BA0000222E0FCA3E0FD229010FDE0FEA3E0FF16
:109BB0002274F2120A63890A8A088B0990066E12CF
:109BC0009BABEEF8EF800CE8FEE9FF88828983E02A
:109BD000F8A3E0F9E849602188828983A3A3E065BE
:109BE0000A70E488828983A3A3A3E065087004A3B4
:109BF000E0650970D2790080487A057B00121D2447
:109C00008A0C8B0DA80CA90DE849603388828983E2
:109C1000A3A3E50A129C44A3A3A3E508F0A3E509C6
:109C2000129C44E4F0A3F090066E12970AEA4B608F
:109C3000098E828F831299FF80BB90066E80F67921
:109C400010029202F0888289832274F0120A638AD9
:109C50000A8B0B750C0090066E029CFF85088285AE
:109C6000098312994AE50A240C129E5A687003A3CC
:109C7000E0696003029CF9129E562415FAE4340050
:109C8000FB121CA08A0E8B0FAE0EAF0FEE4F606959
:109C9000850A0C850B0D750E00780C1210197C15B9
:109CA000129931121030129E566033EE2415FAEFDD
:109CB0003400FBEE2413F582EF129A7AEAF0A3EB5C
:109CC000F0E50A2413F582E50B129A7A1299397895
:109CD0000C121019129E56FC1299311210308E82FD
:109CE0008F8374D3F0EEFAEFFB850882850983A396
:109CF000A3E0F9121CAC750C01850882850983125A
:109D00009A2DE50845096003029C5CA90C0298881D
:109D100074F4120A6374EB1210AE750A00740A121E
:109D200012E57402F08A828B83A3A312994974020C
:109D30001212E51299FFEA2415F582EB129E5EC01D
:109D4000E0740B1212E5D0E0F08A828B83129949FD
:109D5000740C1212E51299FFEA2419F582EB129E97
:109D60005EC0E0740E1212E5D0E0F0EA2420F58225
:109D7000EB129E5E14C0E074101212E5D0E0F0EA1F
:109D80002422F8EB3400F988828983E02401FCA3C3
:109D9000E03400FD74131212E5ECF0A3ED129C44C4
:109DA0001299E0E0C0E0740F1212E5D0E0F0EA246E
:109DB00012129A7712994D74111212E51299FF85B9
:109DC0001882851983AA82AB83122036E9FA8002B1
:109DD000050A850A08750900740278081211DD74F5
:109DE0009B2508F58274293509F583E493F87401FD
:109DF00093F974FF68700374FF696045E493F87425
:109E00000193F9740C1212E5E0687003A3E0697025
:109E1000BF851882851983AA82AB83750B007402F3
:109E2000780A1211DD749D250AF5827429350BF527
:109E300083E493C0E0740193F583D0821226E3801B
:109E400010EA700D851882851983AA82AB83121FD0
:109E50000474150299D5E50A2410F582E50B340047
:109E6000F583E02274F6120A6312A10812A59BEC96
:109E70008508F0A4CCA8F08509F0A428F88508F09E
:109E8000EDA428FD79FF7A7E7B101226669004A847
:109E900074E6F0A3741BF09004AA74E0F0A3741BA2
:109EA000F09004AC740AF0A3741CF09004AE741C1F
:109EB000F0A3741CF09004B07422F0A3741CF09012
:109EC00004B27428F0A3741CF09004B4742EF0A3B0
:109ED000741CF09004A7E4F080031210307F02029B
:109EE0000D18C082C08378007900800312A363122A
:109EF000A46E501DE8FAE9FBEA75F00EA4FAACF086
:109F000075F00EEBA42C12A322F470E012A32F80A4
:109F1000047A007B0002A85E74F7120A637A007B61
:109F200000780079008048E8FCE9FDEC75F00EA4AB
:109F3000FCAEF075F00EEDA42EFD747E2CF582744F
:109F4000103DF583E0F46024E8FCE9FDEC75F00ECB
:109F5000A4FC75F00EEDA42EFD74832CF582741014
:109F60003DF583E0FCEA2CFAEB3400FB12A363908E
:109F70002AC612A10BC3E89CE99D40AB02A22B7F2D
:109F800003020D1874EC120A63890B8A088B098C82
:109F9000118D0A74141212E5E0F50EA3E0F50F7EA0
:109FA000007F00121C46AA08AB09121C4C8A0C8BBD
:109FB0000D850882850983A3A3A3A3A3A3A3A3E07C
:109FC000640170077510018E0880058E10851108D8
:109FD00074FE650C700474FF650D700302A0C78EDB
:109FE000098002050985091212A0D0C3E51298E480
:109FF000995062E50975F00EA4F8A9F012A4626503
:10A000000B70E012A433651070D912A414650C70A3
:10A0100004A3E0650D70CC748228F582741039F5C4
:10A0200083E0650870BD747E28FE741039FF7509E1
:10A0300000E509C3950A400302A0C712A0DB121B6A
:10A04000F2E9700D12A0DB121BFEE970047E007FA6
:10A0500000050980DC121BDA8A128B13AE12AF13D3
:10A06000EE4F60638E828F83E50BF0A3E510F08ED8
:10A07000828F83A3A3E50CF0A3E50DF08E828F837E
:10A08000A3A3A3A3E508F0902AE6E493C3950A509E
:10A0900004E493F50A8E828F83A3A3A3A3A3E50A06
:10A0A000F0850E0C850F0D750E00780C121019E559
:10A0B0000AC333FCE433FDEE2406FAEF3400FB124E
:10A0C0001C7C7403121030EEFAEFFB7F0C020D18AB
:10A0D000902AC6E493F8740193F922E509C333F892
:10A0E000E433F9E50E28F582E50F39F583E0FCA3AA
:10A0F000E0FDEEFAEFFB22C082C08312A10879FFD7
:10A10000122666790102A85E900BDEE493FC7401CE
:10A1100093FD2274F7120A63EA4B60377E008001D8
:10A120000E8A828B83A3A3A3A3A3E0F8EEC3985067
:10A1300022EEC333F8E433F9EA28F582EB39F583EC
:10A14000A3A3A3A3A3A3E06C7003A3E06D70D179D4
:10A15000018002790002A22B74F5120A63EA4B60B7
:10A160007B8A828B83A3A3A3A3A3E0606FEA240668
:10A17000F8EB3400F98A828B83A3A3A3A3A3E0F5B1
:10A18000097508008011EA2405F582EB3400F58397
:10A19000E014F060470508E508C39509502EE5086E
:10A1A000C333FEE433FF12A1E16C7003A3E06D60E2
:10A1B000D512A1E1FEA3E0FF88828983EEF0A3EF30
:10A1C000F0E824020808E93400F980C98A828B8308
:10A1D000A3A3A3A3A3E06004790180027900029FF6
:10A1E0007F12A230E02274F7120A63EA4B603A90C1
:10A1F0002AE6E493F88A828B83A3A3A3A3A3E0C3F4
:10A20000985026EA2405F8EB3400F988828983E027
:10A21000C333FEE433FF12A230ECF0A3EDF08882EA
:10A220008983E004F07901800279007F01020D1832
:10A23000EA2EF582EB3FF583A3A3A3A3A3A3227485
:10A24000F4120A638908EAFEEBFF8C098E828F8381
:10A25000A3A3A3A3A3A3A3A3E06401700B8E828F87
:10A2600083E0FCA3E0FD800B121C348A0A8B0BAC4C
:10A270000AAD0B74FE6C700374FF6D70067A007B80
:10A2800000807E78007900801412A3046401700AB3
:10A2900012A3447003A3E06D606412A36312A46E62
:10A2A00050DBE8FAE9FBEA75F00EA4FA85F00A75CE
:10A2B000F00EEBA4250A12A322650870DD8E828FB2
:10A2C00083A3A3A3A3A3A3A3A3E0640160BB12A3DE
:10A2D0000470C712A3447003A3E06D70BDE8FAE9EF
:10A2E000FBEA75F00EA4FA75F00EEBA4250AFB74D8
:10A2F000822AF58274103BF583E06509709C12A3F5
:10A300002F02A691E8FAE9FBEA75F00EA4FA75F0BF
:10A310000EEBA4250AFB747F2AF58274103BF583AB
:10A32000E022FB747E2AF58274103BF583E022E87C
:10A3300075F00EA4F8AAF012A33B2212A788FA74B3
:10A340001039FB22E8FAE9FBEA75F00EA4FA75F081
:10A350000EEBA4250AFB74802AF58274103BF5836A
:10A36000E06C22E8240108E93400F92274F2120AB0
:10A37000638A088B098A828B83A3A3A3A3A3A3A3C5
:10A38000A3E06401700D8A828B83E0F50AA3E0F5F7
:10A390000B8007121C348A0A8B0B74FE650A70044A
:10A3A00074FF650B60527E007F00802012A4207035
:10A3B0001812A3FD7004A3E0650B700DEEF8EFF921
:10A3C000E875F00EA4F812A44812A43F12A4CB50D2
:10A3D00027850882850983A3A3A3A3A3A3A3A3E03E
:10A3E000640170C812A420640170DE12A3FD700421
:10A3F000A3E0650B60C680D17F06020D18EEF8EF72
:10A40000F9E875F00EA4F875F00EE9A42AF912A483
:10A4100014650A22748028F582741039F583E022CD
:10A42000EEF8EFF9E875F00EA4F8AAF075F00EE971
:10A43000A42AF9747F28F582741039F583E022EE9E
:10A4400024010EEF3400FF2212A33B121BEC22EE7C
:10A45000F8EFF9E875F00EA4F8AAF075F00EE9A48B
:10A460002AF9747E28F582741039F583E022902A47
:10A47000C6E493FA740193FBC3E89AE99B2274F350
:10A48000120A63890C8A0A8B0B7508007509007E15
:10A49000007F00801B12A44F650C7011AC0AAD0B3D
:10A4A000AA82AB83121BF2E9600312A4BE12A43F7E
:10A4B00012A4CB40E0AA08AB097F05020D18E508FD
:10A4C0002401F508E5093400F50922902AC6E49331
:10A4D000F8740193F9C3EE98EF992274F1120A63AC
:10A4E000890D8A0A8B0B8C0E750C00750800750996
:10A4F000008005050C12A4BE12A0D0C3E50898E5A3
:10A500000999503AE50875F00EA4F8AAF075F00E16
:10A51000E50912A78CFE741039FF8E828F83E065E7
:10A520000D70D2AC0AAD0BEEFAEFFB121BF2E96034
:10A53000C4E50CC3950E40BBEEFAEFFB80047A0035
:10A540007B007F07020D1874F6120A63E4F508F524
:10A5500009780812101D900BDE12A0D312A59BE8FB
:10A560008508F0A4C8AAF08509F0A42AFA8508F0A5
:10A57000E9A42AF975830B7582DEE49328FCA3E431
:10A580009339FD7A417B00121D9C7402121030E950
:10A59000FE6003121C22EEF9029EDD902AC6E493AF
:10A5A000F508740193F5092274F6120A6374FE1219
:10A5B00010AE851882851983E4F0A312A7A08582C6
:10A5C00008858309780812101D750802750900783E
:10A5D0000812101D7C007D007A417B00121DA274C0
:10A5E000041210307402029EDA74F4120A6374FECC
:10A5F0001210AE7E007F008518828519838582083F
:10A60000858309780812101D7508028E09780812D2
:10A61000101D7C007D007A417B00121DA87404127D
:10A620001030E97063851882851983E0F8A3E0F99A
:10A63000E849605475087E750910780812101D12DB
:10A64000A79312A59BE50A8508F0A4C50AA8F08582
:10A6500009F0A428F88508F0E50BA428F50B780A82
:10A6600012101D7C027D007A417B00121DA874042B
:10A67000121030E97012902AC6E493C0E07401937E
:10A68000F583D082AE82AF83EEFAEFFB7402121034
:10A69000307F04020D1874F1120A6374F01210AEC8
:10A6A000851882851983E4F0A3F0FE02A743EEF833
:10A6B000EFF912A780F508741039F50985080CF533
:10A6C0000D750E00780C12101912A10874051212E3
:10A6D000E5AA82AB83121C7C740312103074021240
:10A6E00012E585820A85830B780A12101D900BDE15
:10A6F000120E45EEF8EFF912A793E8850AF0A4C808
:10A70000AAF0850BF0A42AFA850AF0E9A42AF9E850
:10A710002402FCE93400FD7A417B00121DA274047E
:10A72000121030850882850983E0F4600F85188255
:10A73000851983E02401F0A3E03400F0EE24010E3B
:10A74000EF3400FF12A4CB500302A6AE8518828519
:10A750001983858208858309780812101D750802FF
:10A76000750900780812101D7C007D007A417B007D
:10A77000121DA27404121030741012103002A5427F
:10A78000E875F00EA4F8AAF075F00EE9A42AF974A1
:10A790007E2822900BDEE493F50A740193F50B22D8
:10A7A000F085188285198322C082C08374F3121049
:10A7B000AE12A98E700F8A828B8312A8EF1212E557
:10A7C00012A9A7800CEAFCEBFD74031212E512A992
:10A7D00075807C74F7120A6374F31210AEECFEED10
:10A7E000FF8518828519837404F0740B1212E51228
:10A7F000A83CE9F508601D8E828F83A3A3A3A3A3C1
:10A80000A3A3A37403F01212E5AC82AD83EEFAEFBA
:10A81000FB12248CA908740D12103002A22BC082E6
:10A82000C08374F31210AE8518828519837404F006
:10A83000740B1212E512A83C74018015EAF0A3EB28
:10A8400012A8471212FE2212A7A0AA82AB8322747A
:10A850000B1212E5E0FAA3E0FB740D121030D08366
:10A86000D082020FE274F6120A6374F31210AE90F3
:10A8700004A7E070758518828519837404F090032D
:10A880006812A8EF1212E5E8F0A3E9F01216B2EA96
:10A89000FCEBFD74031212E512A97C1213041216CC
:10A8A000BE8A088B09A808A90974011212E5E0689C
:10A8B0007003A3E069602D74FE68700374FF696023
:10A8C0002374011212E5E8F0A3E9F074031212E513
:10A8D000AA82AB831216C4851882851983AA82AB1B
:10A8E000831213049004A77401F0740D029EDAE041
:10A8F000F8A3E0F9740122C082C08374F31210AE91
:10A9000012A98E8A828B83701B12A8EF1212E51295
:10A91000A9A7E9705D851882851983AA82AB831285
:10A920001304804EA3A3A3A3A3A3A3A3E064037073
:10A9300011EAFCEBFD74031212E512A975E97032FD
:10A9400080D38A828B83A3A3A3A3A3A3A3A3E0643E
:10A950000170148A828B83E0F8A3E0F9740B121261
:10A96000E5E8F0A3E9800A740B1212E574FEF0A387
:10A9700004F002A84F12A97C1212F822AA82AB831B
:10A98000122618851882851983AA82AB832285181E
:10A99000828519837404F08A828B83A3A3A3A3A363
:10A9A000A3A3A3E0640222E8F0A3E912A847121CC3
:10A9B000882274F5120A637C007D008C088C09786B
:10A9C000007900800312A36312AA19502312A9F779
:10A9D00060F3AE08AF09EE2401F508EF3400F50985
:10A9E000EA6E7002EB6F70DD12A780FC741039FD07
:10A9F000ECFAEDFB029F7FE8FEE9FFEE75F00EA496
:10AA0000FE85F00A75F00EEFA4250AFF747E2EF580
:10AA10008274103FF583E0F422902AC6E493FE741A
:10AA20000193FFC3E89EE99F22C082C083122522C2
:10AA300002AED074F5120A63EAFEEBFF740B121239
:10AA4000E5E0F508A3E0F509A3E0A908AA09FB8E53
:10AA5000828F83800D12104AF0E9240109EA340044
:10AA6000FAA312AA7070EEAA82AB837F03020D18BC
:10AA7000ECFEEDFFEE24FF1CEF34FFFDEE4F2274E1
:10AA8000ED120A6374131212E5E0F510A3E0F5115C
:10AA9000A3E0F51289088A098B0A85100C85110D2F
:10AAA000ECF8EDF9E824FF1CE934FFFDE8496036D5
:10AAB000A908AA09AB0AE92401F508EA3400F50956
:10AAC000850C10850D11E50C2401F50CE50D340005
:10AAD000F50D12104AF8A910AA11AB1212104A680B
:10AAE00060BE7900800279017F0B020D1874F612A6
:10AAF0000A63E9FE8C088D09780812101D8E08ACD7
:10AB0000087D00122504740212103002B0B574F0F2
:10AB1000120A63E9FE74026E701D8A828B8312AB87
:10AB2000A6780C120F9E7808790C121191AA08AB26
:10AB300009AC0AAD0B805774036E70168A828B8342
:10AB400012ABA0120F9E7808790C12119112AB91E2
:10AB500080CF74046E8A828B83702D12ABA0120F8B
:10AB60009E7808790C12119112AB91780C120F9EFD
:10AB70007808790C1211918A828B83A3A3A3E0F544
:10AB80000CE4F50E74188099E0FAE4FBFCFD02B3C6
:10AB9000678A828B83A3A3E0F50CE4F50D74102281
:10ABA00012ABA6780C22E0F508E4F509F50AF50BDE
:10ABB000A3E0F50CE4F50DF50EF50F74082274E82A
:10ABC000120A6374E11210AEE9851882851983F0C8
:10ABD0008A108B118C128D1374011212E5AC82ADA8
:10ABE00083758388758296740A120F5E75838875E3
:10ABF00082A0740A120F5E7583887582AA740A1285
:10AC00000F5E74371212E512B30FE4F085188285D7
:10AC10001983E0640A600302AD658A088B09851216
:10AC20000A85130B90892C780C1212837808790C02
:10AC30001209F3850C08850D098A0C8B0D85120EFF
:10AC400085130F90892C7814121283780C791412C2
:10AC500009F390892C7814121283780C7914120954
:10AC6000F3AE14AF15908928780C121283781079FE
:10AC70000C1209F385100A85110BE50A450B6012C9
:10AC8000790A74151212E5AC82AD83AA0AAB0B12D5
:10AC90001E14EE4F6012790A740B1212E5AC82ADED
:10ACA00083EEFAEFFB121E14E50845096012790ADB
:10ACB00074011212E5AC82AD83AA08AB09121E140E
:10ACC000E50A450B602C74151212E5AC82AD837455
:10ACD000371212E512AE17800C7C6A7D8974371228
:10ACE00012E512AE29850C0E740B1212E512AE3667
:10ACF00040E7740B1212E5AC82AD8374371212E593
:10AD000012AE217004EE4F601E750C00800C7C6A40
:10AD10007D8974371212E512AE29850C0E7401126A
:10AD200012E512AE3640E774011212E5AC82AD8333
:10AD300074371212E512AE217019EE4F7015E50846
:10AD40004509700F7C6A7D8974371212E512B15D76
:10AD500012251C74371212E512B15D741F121030E7
:10AD60007F10020D18E06410600302AE108A088B99
:10AD70000974107810121064AE10AF11EE4F60120B
:10AD80007910740B1212E5AC82AD83EEFAEFFB1270
:10AD90001E14E50845096012791074011212E5AC21
:10ADA00082AD83AA08AB09121E14EE4F6044740BE7
:10ADB0001212E5AC82AD8374371212E512AE178021
:10ADC0000C7C6A7D8974371212E512AE29850C0A53
:10ADD00074011212E5AA82AB831225228A0E8B0F10
:10ADE0007404C3950EF8E4950FF9C3E50A98E49945
:10ADF00040CF74011212E5AC82AD8374371212E5B4
:10AE000012B15D122516EE4F600302AD5302AD3E46
:10AE10007A007B0002AD5B12B16112251C750C003B
:10AE20002212AE2FE50A450B2212AE2F050C22127C
:10AE3000B16112251622AA82AB831225228A108BB9
:10AE4000117404C39510F8E49511F9C3E50E98E464
:10AE50009922C082C083121E1A807574F6120A638A
:10AE6000EAFEEBFFEE4F70067A007B00803DEE2499
:10AE700005FAEF3400FB121D248A088B09A808A9E3
:10AE800009E84960E388828983E4F0A3F088828935
:10AE900083A3A3EEF0A3EFF088828983A3A3A3A3E7
:10AEA00074FFF0E82405FAE93400FB02B0B5C08273
:10AEB000C083EA4B70047905801612AF28600479CC
:10AEC00004800DEA24FBFAEB34FFFB121D2A790003
:10AED000D083D082020FE274F7120A63E9FEEA4BD4
:10AEE00070047905804090896CE0F8EEC3984007C3
:10AEF000121CA67903802FEA12B00CEB12B1491292
:10AF0000B053700512AF286005121CA680D4EEF075
:10AF1000EAFCEBFD7AC67B04121CBE7A007B80EE55
:10AF2000F9121CDC79008011EA24FFF582EB34FF72
:10AF3000F583E0F422A2E092AF7F01020D1874F2D3
:10AF4000120A63890B750C00750D007E007F00A24C
:10AF5000AFE433F50AC2AF9004C68014EE4F70061A
:10AF600085080C85090DE50812B00CE50912B149F8
:10AF7000E0F508A3E0F509E50845096023E50824A4
:10AF8000FFF582E50912B149E0650B70CFEE4F7015
:10AF900006AE08AF0980CF7A007B80121CDC800BE4
:10AFA0007A007B80121CE2EE4F6015780C12101DA7
:10AFB000EEFCEFFD7AC67B04121CD0740212103036
:10AFC000E50AA2E092AFEEFAEFFB7F06020D18C091
:10AFD00082C083EAF8A2AFE433FCC2AF9004C6801B
:10AFE00008EA12B00CEB12B14912B0496015EA241C
:10AFF000FFF582EB12B149E06970E68A828B83E04B
:10B000006870DEECA2E092AF02AED0EC24FBF582D9
:10B010002274F7120A63A2AFE433FEC2AF12B14E3C
:10B0200012B04F70098A828B83800B12B16712B005
:10B030003F70F812B143ECF0A3EDF0EE02AF35E84B
:10B0400024FBF582E934FFF58312B161EA4B228AD1
:10B05000828B83E0F8A3E0F9E8492274F6120A63D0
:10B0600078007900A2AFE433F508C2AF8A828B83FF
:10B07000E0FCA3E0FDEC4D60328A828B8312B1715B
:10B08000E824FBFCE934FFFD8C828D83E0FEA3E025
:10B09000FF8A828B83EEF0A3EFF08C828D83E4F045
:10B0A000A3F0E824FF12B14674FFF0E508A2E09295
:10B0B000AFE8FAE9FB7F02020D1874F7120A63E5A4
:10B0C000A8FEC2AF8A828B8312B17112B00BED124F
:10B0D000B149E8F0A3E9F08A828B83ECF0A3EDF0AC
:10B0E000EEA2E702AF3774F7120A6374091212E591
:10B0F00012B171A2AFE433F508C2AF8A828B83E04C
:10B10000FEA3E0FFEC6E7002ED6F701112B00BED5C
:10B1100012B16D8A828B83E8F0A3E9801112B00B23
:10B12000ED12B14912B15D12B143EAF0A3EBF01296
:10B13000B14EEC24FFF582ED12B14974FFF0E50841
:10B1400002AF35E824FBF582E934FFF58322EC24D5
:10B15000FBF582ED34FFF583E4F0A3F02212B16138
:10B1600022E0FAA3E0FB22E824FBF582E934FFF5B4
:10B1700083E0F8A3E0F92274F7120A63E9FE7F0086
:10B18000A2AFE433F508C2AF12B04F700C8A828BC5
:10B19000838012EE601512B1671E12B03F70F4EE9C
:10B1A000600912B143ECF0A3EDF00FE508A2E092C4
:10B1B000AFEFF902AF3974F7120A63E9FD90896CB9
:10B1C000E0F8EDC3985029E5A8FEC2AFEDC333F80F
:10B1D000E433F99004FFE028FCA3E0398C82F58386
:10B1E000E04AF0A3E04BF0EEA2E792AF79008002D4
:10B1F000790302AF3974F7120A63E9FE90896CE0B3
:10B20000F8EEC398501FE5A8FFC2AFEAF4FCEBF4D8
:10B21000FDEE12B318E05CF0A3E05DF0EFA2E79260
:10B22000AF79008002790302AF39E9F874FF6870E2
:10B2300006D2AF790080027907020FE2E9F874FFC5
:10B24000687006C2AF790080027907020FE2C082FF
:10B25000C083121D189004C6E4F0A3F0121DC012A2
:10B260001DAE121DBA121D1E790002AED0C082C0E2
:10B2700083121D0080FB74F6120A63750800121D0C
:10B28000121220C6E50812B31812B053700D05084B
:10B2900090896CE0F8E508C39840E990896CE0F883
:10B2A000E508C3985066E5A8FCC2AFE508C333FEC5
:10B2B000E433FF9004FFE02EF8A3E03FF988828991
:10B2C0008312B15D88828983E4F0A3F0ECA2E79257
:10B2D000AFE5089010ECF0F974CE2EF58274873F3C
:10B2E000F58312B30F1226E39010EC74FFF0E5A87B
:10B2F000F9C2AF9004FFE02EF8A3E03F8882F58307
:10B30000E04AF0A3E04BF0E9A2E792AF02B0B5E06B
:10B31000F8A3E0F583888222C333F8E433F990047C
:10B32000FFE028FAA3E0398A82F5832274F0120A3A
:10B330006374101212E5780C1212838A828B83E5F3
:10B340000C12B38B850C08850E0A850F0B741078D0
:10B3500008121064E508F0A37418780C121064E564
:10B360000CF0A3AA82AB837F08020D1874F0120AB6
:10B370006374101212E5780C121283850C088A820D
:10B380008B83E50812B38B741080CFF0A3850D0971
:10B39000E509F0A322C082C083900B49E4F0900B32
:10B3A00057F0900B4DF0A3F0900B4812BC8812B8E8
:10B3B00094900B58F0900B59F0900B5A02BA6DC054
:10B3C00082C083906194740512B88575E9FBA2E789
:10B3D00092AF9061A3E0D2E202BA6DC082C0831244
:10B3E00023F0900B49E4F0F91223D202BA6EC08226
:10B3F000C083900B597401F0900B58E0700312B4A5
:10B400008B02BA6EC082C0839061A4E0C2E0F0906B
:10B4100061947405F075E1ED75E1EDE5A8C2AF75D5
:10B420009B0075E9FBA2E792AF900B4DE0F8A3E01B
:10B43000F9E84960077A4D7B0B121952900B4B7457
:10B4400090F0A37423F0900B48E07006900B4AE054
:10B45000600C900B48E4F0900B4AF01223BA02BA49
:10B460006EC082C083900B59E0701D900B58740120
:10B47000F0900B4B12B8C31226E3900B58E4F090F7
:10B480000B59E0600312B48B02BA6E122384900B46
:10B4900059E4F02274F3120A6374FE1210AE7F00B6
:10B4A000900B48E060031220A2900B487481F0904A
:10B4B0000B5BE0600D906193E0A2E74010E0A2E634
:10B4C000400B900B48E4F01223BA02B848122258FD
:10B4D00012B88E900B49E0900B56F079047A4F7BAE
:10B4E0000B1222E2900B4FE0547F24FD900B53F09F
:10B4F000900AF7E0900B53701DE0C3947D500B90C1
:10B500000B50E05407C39404401575E1ED75E1ED6F
:10B510001223AE02B848E0C3947D40031220A290EB
:10B520000B50E054076402600302B5CE900B57E065
:10B53000600302B5CE7902851882851983AA82AB91
:10B54000831222E2A2AFE433F508C2AF900B5DE0B4
:10B550006486707190042BE0F8A3E0F9E849700369
:10B560001220A2851882851983E024B7FE74011287
:10B5700012E5E0547FFFFAEEF9122360E9C0E09093
:10B58000042BE0241412B9CCD0E0F090042BE0247A
:10B590001512BB6DF090042BE0241612BB68F0E589
:10B5A00008A2E092AF74011212E5E0A2E7501190F8
:10B5B0000B50E05410FA900B52E0F912244A800B21
:10B5C0001224508006E508A2E092AF02B510900B5D
:10B5D0005DE064867003122450900B56E060249066
:10B5E0000B57E0701E900B56E06401700302B6B872
:10B5F000E06402600302B6A3900B50E054076003BE
:10B6000002B6B8900B51E0F81313543F5403F50BF6
:10B61000E8C413135403F50C900AF7E07012740198
:10B62000650C700302B50A7401650B700302B50A5C
:10B63000850C0812B852F8850B0812B85228FEE59E
:10B640000C600A900B50E0A2E650021E1E900B53B5
:10B65000E0FA8E08E5082402F8E43400F9EA98E4F8
:10B6600099C365D0334051E0C39E24FE900B551220
:10B67000B89B50027F258F08900B55E0F8E508280D
:10B68000F8E43400F9E82435FAE93400FB12194CE7
:10B69000900B4D12BB97F8A3E0F9E849702075E1D3
:10B6A000E88015E06403600302B603900B50E05499
:10B6B000076403700302B6031223C002B8487F0078
:10B6C000900B57E0700A900B50E05420900B4AF01A
:10B6D000900B4AE06055A2AFE433F508C2AF900B7F
:10B6E00050E0540764037026121946E9600A7F048B
:10B6F00090618AE0D2E2801C900AECE0600A12219C
:10B70000D4E964FE700880E6121940E970E09061A7
:10B710008AE0C2E212B8857591FEA2E792AF90610D
:10B72000A4E0D2E0F0E508A2E092AF900B4DE02457
:10B730003512BB7BFAA3E0F5838A82A3A3E8F0A3CA
:10B74000E912B8B9E0FAA3E0FB900B4DE024321205
:10B75000B8A9900B55E0C0E012B861D0E012B8B9BA
:10B76000A3A3E0C0E012B870D0E012B89B50421220
:10B77000B8707403F075085075090B750A007808E5
:10B7800012101912B870E0FC7D00900B4DE02432CD
:10B79000181812B9CDE0FAA3E0FB121C7C74031256
:10B7A0001030900B4DE0243212BB7212BA6012B806
:10B7B000AF900B4DE0241A12B9CCE50C12BB9B24C0
:10B7C0002312B9CCE50BF01222A08A088B098C0A4F
:10B7D0008D0B900B4DE0242412B9CC780812125630
:10B7E000122294900B4DE0242812B8A9900B50E03F
:10B7F0005407C0E012B861A3D0E0F0900B52E0C053
:10B80000E0900B4DE0243112B9CCD0E0F0900B5019
:10B81000E05478F8A3E0C4540F5403484FC0E0123A
:10B82000B9E2D0E0F0EE700512B9E8801B900B543D
:10B8300012B89B900B54E0400114906194F0900B6F
:10B840004B7496F0A37423F074021210307F05023B
:10B850000D1874C02508F582742A3400F583E4932A
:10B860002212B86522900B4D12B8C7A3A3A3A3223E
:10B87000900B4DE0243412B87A22F8A3E03400F99A
:10B880008882898322F0E5A8C2AF759B002290616F
:10B89000A4E0C2E0F0900B4AE4F022F0900B50E0FC
:10B8A000A2E322900B4DE0242AF8A3E03400F988AB
:10B8B000828983EAF0A3EBF022F0900B4D12B8C31B
:10B8C000A3A32212B8C722E0F8A3E0F5838882225E
:10B8D00074F7120A6374EC1210AE900B54E070030C
:10B8E0001220A212BC68851882851983AC82AD83B0
:10B8F000900B51E01313543F5403FE6064900B4DC2
:10B90000E0242CF8A3E03400F9851882851983E03F
:10B91000FC74011212E5E0FBEC8882898312B8B452
:10B9200088828983E0FA12B8A374036E70167402D9
:10B930001212E5AC82AD83900B4DE0241B12B9C20C
:10B94000740A801674021212E5E0FA74031212E50A
:10B9500012B9D1241B12B8A974041212E5AC82AD3D
:10B9600083900B51E0C413135403FE603D12B9E2FF
:10B97000E0A2E640168C828D83E0FAA312B9D912B8
:10B98000B8A3EC24020C0CED3400FD74036E700BB4
:10B99000900B4DE0241212B9C2800F8C828D83E08F
:10B9A000FAA312B9D1241212B8A9900B4DE0240FBA
:10B9B00012B9CCE4F012B9E874141210307F01020D
:10B9C0000D18FAA3E03400FB12248C22F812B87B85
:10B9D0002212B9D9900B4DE022E0F9EA2400E439B3
:10B9E000FB2212B865A3A322900B4B74A2F0A374A0
:10B9F00023F012239C22C082C083900B55E070116B
:10BA00009061947401F0900B4B74A8F0A3742380A0
:10BA100016C394105006E0900B548005900B54749C
:10BA200010F0E0149061948044C082C083900B5465
:10BA3000E0F9900B4DE0243212BB86A3E0FB12220A
:10BA4000E212BB5B900B54E0FA12BA6012B8AF90EE
:10BA50000B54E0F8900B55E0C398F012239C800E35
:10BA600088828983E02AFAA3E03400FB22F0D083A5
:10BA7000D082020FE274F6120A6375080079027A26
:10BA80004F7B0B1222E2900B50E05480F509700BB3
:10BA9000900B57E06402600302BB42900B487402B3
:10BAA000F01223FC900B4FE024B7FFA3E0547FFE7D
:10BAB000900AECE060091221DAE96003750804E5F8
:10BAC000094508F8900B4DE0F9A3E0F5838982A3BE
:10BAD000A3A3A3A3A3E048F0EEFAEFF9122360E9D1
:10BAE000C0E0900B4DE0242E12B9CCD0E012BB9BED
:10BAF000243012BB6D12BB9B242F12BB6812BB9B60
:10BB00002435FAA3E03400FB12BB5B12BB93240282
:10BB100012BB72900B4DE0FCA3E0F5838C82A3A3D3
:10BB2000A3A3E0FCEAC39CFA95E0FB88828983E04A
:10BB30002AFAA3E03BFB12BB93FAA3E0FB121958CD
:10BB4000800A12B88E7A4D7B0B121952900B4DE47D
:10BB5000F0A3F012BC7B7F02020D18900B4DE02485
:10BB600032F8A3E03400F92212B87AEE2212B87A41
:10BB7000EF2212BB7B243412BB8622F8A3E03400F0
:10BB8000F9900B4DE022FAA3E03400FB8A828B830C
:10BB9000E0FA2288828983EAF0A3EBF0900B4DE073
:10BBA00022C082C083906193E0A2E6500BE0A2E73E
:10BBB000400675E1ED75E1ED900B48E4F0900B4A1D
:10BBC000E070031223BA02BA6EC082C083900B4A9F
:10BBD000E4F0900B48E070031223BA02BA6EC08200
:10BBE000C0831223FC12233012243802BA6EC082A2
:10BBF000C083900B4BE064907004A3E06423600367
:10BC00001220A2900B53E070051223AE8021C39442
:10BC1000105006E0900B548005900B547410F0E027
:10BC200014906194F0900B4B74C6F0A37423F0024F
:10BC3000BA6EC082C08374F01210AE12BC68900B52
:10BC400054E0F8900B53E0C398F06011C394105087
:10BC50000FE0900B54F014906194F0800312BC7BC1
:10BC6000741012103002BA6E900B54E0F9851882ED
:10BC7000851983AA82AB831222E222906194740513
:10BC800012BC88F01223AE22F0900B4B7490F0A3FC
:10BC9000742322C082C083900B5AE004F012237EEA
:10BCA00002BA6E74F7120A63E9FE900B57F0700A3D
:10BCB000906180E4F0E04405801374026E600874C3
:10BCC000016E60031220A2906180E0C2E0F002B930
:10BCD000BD74F7120A63E99005BDF07A157B8012F6
:10BCE00020307A387B009005BDE0F91220309005B5
:10BCF000DE7470F0A3741FF09005DC7476F0A3740A
:10BD00001FF09005DA746AF0A3741FF09005C774F1
:10BD100002F09005BF74FEF0A304F07F01020D183D
:10BD200074F2120A63EAFEEBFF5480700302BE3520
:10BD3000804479001217A28A0A8B0B750C00780CCC
:10BD4000121021780812101D780A12101D9003BFDE
:10BD500012C1E09005BEE0F9121F5E7405121030AA
:10BD60009005D5E060097C327D007A0812BEB7AA42
:10BD700008AB09121CA69005BDE0F9121CB28A0896
:10BD80008B09E5084509700302BE2D8508828509E7
:10BD900083E024CF603D14607D245F70D2E50824E9
:10BDA0000CF582E50912C063F50AA3E0F50B780AE9
:10BDB000120C80000002003800CABD1580C1BD6FA2
:10BDC000BDAA08AB09121F5280A5AA08AB09121F11
:10BDD0004C809C9005CAE0C39404509390037EE08D
:10BDE000F99089201212BA1213D0E9708285088264
:10BDF00085098312C3849005CC12C07A8508828598
:10BE00000983A3A312C3849005CE12C07A9005D5EE
:10BE100074FFF002BD6F9005D5E0F4600302BD32FF
:10BE2000AA08AB09121F589005D5E480E5EEFAEF99
:10BE30006480FB807DEEA2E0501E9005D9E0900367
:10BE40006AF07AD97B0579E11224A4121F1012C47A
:10BE500042EE6401FAEF80DA5402602B9005C812BA
:10BE6000C386E84960179005C8E024FFF0A3E034DA
:10BE7000FFF07C607DEA7A0212BEB780059005CAA9
:10BE8000E4F0EE640280CDEE540860229005D5E027
:10BE900060179005D4E0F99005D01212BA1213D0B1
:10BEA000E970069005D5E014F0EE640880A67A00EB
:10BEB0007B007F06020D187B009005BDE0F9121D86
:10BEC000D82274F4120A6374F71210AEEAFEEBFF84
:10BED000851882851983AC82AD83121FE874041221
:10BEE00012E5E0C39406505912C05D600302C053CE
:10BEF00074051212E5E014C39405400302C05374A4
:10BF0000041212E5E0F98518828519831212BA121B
:10BF100013D0E9600302C053EE240F12C0609005F5
:10BF2000BE12C38C12C07774051212E5E014F085BE
:10BF300018828519837CD07D057409120F5E02C0BA
:10BF400053E064FE706474061212E512C069400387
:10BF500002C05374061212E5E0F91216EE7900756C
:10BF60000801750900750A00750B00E97808120FC1
:10BF70009E851882851983780812120312C1C77032
:10BF80000709E9C3941B40D790036AE06970030274
:10BF9000C053E99005D9F090035BE075F064A4FC10
:10BFA000ADF07A0112BEB702C053E0F4705B7406C4
:10BFB0001212E512C069400302C05374061212E562
:10BFC000E0F91216EE85188285198378081212831B
:10BFD00012C1C7602A8518828519837808121283D6
:10BFE00075830375827878081210EF6012851882C5
:10BFF0008519831212BA9003781212AE121F1074B0
:10C00000071212E512C0BF804A12C05D70458E82D1
:10C010008F83A3A312C072750800780812102178CC
:10C0200008121021E4F509780812101D7808121082
:10C030001D780812101D908918120E147D007C8046
:10C040007ABF7B05EE240F12C060F912202A740C0F
:10C0500012103074091210307F04020D18EE240BF8
:10C06000F582EF3400F583E022E0F89003C1E0C3ED
:10C070009822E0F8A3E0F99005BFE8F0A3E9F022E8
:10C0800074F7120A6374FD1210AEEAFEEBFF851816
:10C0900082851983AC82AD83121FDC8518828519D5
:10C0A00083E0701374011212E5E0544060098E823F
:10C0B0008F83A3A312C0BF740312103002BD1BE014
:10C0C000FAA3E0FB121F642274F4120A637E007567
:10C0D00008018E098E0A8E0B90036AE07808120F11
:10C0E0009E8A828B83A3A3A3780812120312C1C76E
:10C0F000600B90036AE0F8EA2812C1D0FE7900755F
:10C100000801750900750A00750B00E97808120F1F
:10C110009E8A828B83A3A3A3780812120312C1C73D
:10C1200060608908EA250812C1D0C39E505490036C
:10C13000BD12C07275081078081210218A088B0988
:10C14000780812101D9005CE120E189005CC12C161
:10C15000E07900121F5E74051210309005CB740157
:10C16000F09005CAE070139005C8743CF0A3E4F0A9
:10C170007C607DEA7A02FB12BEB99005CAE004F049
:10C18000804209E9C3941B500302C0FF79017A9CE5
:10C190007B87122144750802780812102175080A5D
:10C1A00078081210218E08750900780812101D7980
:10C1B0000A90036AE0FC7D007A677B8912211A7479
:10C1C0000412103002C058E5084509450A450B2203
:10C1D000F582EB3400F583A3A3A3A3A3A3A3E022DA
:10C1E000E0FCA3E0FD7ABF7B052274E8120A6389B4
:10C1F000148A168B17ECFEEDFF74181212E5E0F5A9
:10C200000AA3E0F50B741A1212E5E0F512A3E0F5AB
:10C2100013741C1212E5E0F5117510007508007515
:10C2200009007900750C01750D00750E00750F0081
:10C23000E9780C120F9E851282851383A3A3A3783D
:10C240000C121203E50C450D450E450F600205105A
:10C2500009E9C3941B40CDE5106064FA7B00121D10
:10C26000248A088B09EA450960557A007900750C23
:10C2700001750D00750E00750F00E9780C120F9E08
:10C28000851282851383A3A3A3780C121203E50CF5
:10C29000450D450E450F6020890CE512250CF582F1
:10C2A000E51312C1D3C0E08A0CE508250CF582EB3A
:10C2B0003400F583D0E0F00A09E9C3941B40AF7560
:10C2C0000C00780C121021E511F50C780C121021DD
:10C2D000780812101D780A12101D8E0A8F0B780A2A
:10C2E00012101D851282851383A3A3A3120E14AD11
:10C2F00010851282851383A3A3E0FCAA16AB17A9AD
:10C300001412202A740C121030E50845096007AA9F
:10C3100008AB09121D2A7F10020D18C082C083903D
:10C3200003BDE06A7003A3E06B600B9003BDEAF00D
:10C33000A3EBF0121F10D083D082020FE274F6122A
:10C340000A63EAFEEBFF7A067B00121CA0EA4B6050
:10C350002E8A828B837431F08E828F8312C3868AF9
:10C36000828B83A3A3E8F0A3E912C38C8A828B8318
:10C37000A3A3A3A312C07A9005BDE0F9121CAC7F61
:10C3800002020D18A3A3E0F8A3E0F922F08E828F39
:10C3900083A3A3E0F8A3E0F92274F4120A638A08E5
:10C3A0008B097A227B00121CA08A0A8B0BAE0AAF83
:10C3B0000BEE4F60638E828F837432F08508828526
:10C3C0000983E08E828F83A3A3F085088285098389
:10C3D000A31212BA8E828F83A3A3A31212AE850872
:10C3E00082850983A3A3A3A3A3E0F508A3E0F5092D
:10C3F000750A0078081210197C1B7D00EE2407FADC
:10C40000EF3400FB121C7C7403121030EEFAEFFBC9
:10C410009005BDE0F9121CAC02C058C082C08390E8
:10C4200005CBE0601A8A828B83A3A3A3E070108AF5
:10C43000828B83A3E0700812C4429005CBE4F00223
:10C44000C3369003BFE4F0A3F079011217A222745F
:10C45000F7120A63EAFCEBFD78007900E8FAE9FBE1
:10C46000EA75F022A4FAAEF012C4C4E0FA8C828D10
:10C4700083E06A7032E8FAE9FBEA75F022A4FA1266
:10C48000C4C4A3E0FA8C828D83A3E06A7019E875B6
:10C49000F022A4F8AAF075F022E9A42AF974F2288F
:10C4A000FA748539FB801AE8240108E93400F9C3DD
:10C4B000E8940CE99400A2D265D033409F7AF27BD5
:10C4C0008502C74C75F022EBA42EFB74F02AF5828E
:10C4D00074853BF583E0FAA3E0F5838A8222C0826B
:10C4E000C083122150D083D082020FE274F0120A6E
:10C4F0006374E71210AE74291212E5E0FE8518820B
:10C50000851983858208858309780812101D12C653
:10C51000A5121030EEF9851882851983AA82AB83A3
:10C5200012214474191210307F08020D1874F7128A
:10C530000A63ECFEEDFF79011221447902EEFAEF75
:10C54000FB12214402C74C74EE120A6374E7121006
:10C55000AEEAFEEBFF8C0A8D0B8908742B1212E5F4
:10C56000E0F509121C76EAF5108E0C8F0D750E00A1
:10C57000780C1210198A0CAC0C7D0074031212E5B1
:10C58000AA82AB83121C7C7403121030851882853A
:10C590001983E5822510F50CE5833400F50D780C40
:10C5A00012101DA90812C69E121030A90985188202
:10C5B000851983AA82AB8312214474191210307F2B
:10C5C0000A020D1874ED120A6374E71210AEEAFE47
:10C5D000EBFF8C0A8D0B890D742C1212E5E0F50827
:10C5E000A3E0F509742E1212E5E0F50C742F121277
:10C5F000E5E0F50F12C83260238E108F117512001E
:10C6000078101210198A10AC107D0074031212E514
:10C61000AA82AB83121C7C7403121030850E108525
:10C620001882851983E5822510F510E5833400F51D
:10C6300011781012101DA90D12C69E121030851807
:10C6400082851983AA82AB8312C832F50A12C6AB5F
:10C65000742CF0050E850E0A12C6AB7420F074011E
:10C66000250EF8851882851983E58228F50AE58369
:10C670003400F50B780A12101DA90CAA08AB091298
:10C68000C6A2121030A90F851882851983AA82AB21
:10C690008312214474191210307F0B020D18AA0A5C
:10C6A000AB0BE4FCFD121C947402228518828519E0
:10C6B00083E582250AF582E5833400F58322801C18
:10C6C00078087907E8FCE9FDEC24FF18ED34FFF960
:10C6D000EC4D70F0EA24FF1AEB34FFFBEA4B70E0FC
:10C6E000020FE2D2807808C292E9A2E74004C29326
:10C6F0008002D293D292C333F918E870EA020FE2B3
:10C70000C2807808C292E9A2E74004C2938002D2B4
:10C7100093D292C333F918E870EA020FE274F71269
:10C720000A63E9FEEAFFEEC394805020EFC3940849
:10C73000501A74B02FF912212CEEC4540F4410F982
:10C7400012212C740F5E4401F912212C7F01020D7D
:10C750001874F7120A63E9FE75080074B025081210
:10C76000C7B2EEF91221261FEF70F70508E508C3DE
:10C77000940840E780D674F0120A63890E8A0FAEDF
:10C780000E801074B02E12C7B279001221261FEF4E
:10C7900070F70E8E08850E0C850F0AE50C250AF839
:10C7A000E43400F9E50898E499C365D03340D40235
:10C7B000C528F912212C790112C9FF7F802274F05B
:10C7C000120A6374EF1210AEEAFEEBFF890C74FFDD
:10C7D000250CC333F50B12C832C394114003750EF8
:10C7E000107C117D007900851882851983AA82AB9F
:10C7F000831226668E088F09750A007808121019B0
:10C80000AC0E7D0074031212E5AA82AB83121C7C6D
:10C8100074031210307A02A90B12213E851882850A
:10C820001983AC82AD83AA0B790012214A741102DC
:10C83000C525121C76EAF50E2274EF120A638908E8
:10C840008A09ECFEEDFF750C008047EE250AFAEF31
:10C850003400FB1220FC8A0A8B0B750D00850D0E2F
:10C86000E50A250EF582E50B12C93440F012C90520
:10C87000850D0EE50A250EF8E50B3400F9E82410C5
:10C88000F582E912C93440E874102508F508050C52
:10C89000050C850C0A12C9216066E508C39479402D
:10C8A000057508000509AA09A90812213212C92133
:10C8B000C394805096E024E0F510750D0085100EAD
:10C8C000750F007404780E1211DD12C9137400285C
:10C8D000F582748012C92D40E412C90585100E75C9
:10C8E0000F007404780E1211DD12C913740828F5B4
:10C8F00082748012C92D40E474082508F5088090E0
:10C900007F09020D1874012509FAA9081221327550
:10C910000D0022850D0AE50E250AF8E50F3400F911
:10C9200022EE250AF582EF3400F583E0223912C9A0
:10C930003C940822340012C93C941022F583E0F99B
:10C94000122126050DE50DC322C082C08353F3FEDC
:10C9500043FD0153F47343FE8CD292C2977A327B2B
:10C9600000122120D29779AE12212C790012C9FB36
:10C97000794012212C798112212C79CF12212C7926
:10C98000A112212C79C812C9F279A812212C793F61
:10C9900012212C79D312212C790012212C79D51255
:10C9A000212C798012212C79D912212C79F1122194
:10C9B0002C79DA12212C791212212C79DB12212CFC
:10C9C000794012212C792012212C790212212C7904
:10C9D0008D12212C791412212C79A412C9F279AF6D
:10C9E00012212C79001221387A00790012213202AA
:10C9F000C4E512212C79A612212C2212C9FF221281
:10CA0000212C791012212C22C082C08353FF3F8534
:10CA1000FFFF53F1FE43F30C53F2F375868075C4A8
:10CA2000809006AB7470F0A374C1F0A3E0541FF0C3
:10CA30009006AF740FF0A3744AF09006A17470F0E2
:10CA4000A374C1F09006A5E0541FF09006A774CE21
:10CA5000F0A3E0540F4410F074069006A3F0A37402
:10CA6000DEF09006A6E4F09006A504F09006A87407
:10CA70001202CE3EC082C083EA241BF582EB12CBA9
:10CA8000F6F8A3E0F9900AEAE8F0A3E9F08A828BCD
:10CA900083A3E06403600A8A828B83A3E06404704A
:10CAA0000575C2D8800375C23B8A828B83A3E06080
:10CAB0000B146012146019146020802875C508904A
:10CAC0000AE67423802675C509900AE67412801C54
:10CAD00075C50A900AE67409801275C50A900AE6BF
:10CAE0007406800875C50B900AE67403F08A828B81
:10CAF00083A3A3E0600D75C44243F310C28543FDD8
:10CB000020800375C4029070C1E09006DEF0A3E4BB
:10CB1000F075D1F775D608FC7D02E5C2F4F97ADE2E
:10CB20007B06122666438640900AE9E4F0900AE804
:10CB300002CE3E74F2120A63EAF8EBF9900AE4E0DE
:10CB4000FA74E22A12CBF2FAEC2AFAED3400FBC3B3
:10CB5000EA9401EB940140077A007B0002CBDFE509
:10CB6000A8FAC2AF900AE412CC18EAA2E792AF7A10
:10CB7000007B00800D12CBE4C0E012CBFCD0E012B1
:10CB8000CC2DC3EA9CEB9D40ECA2AFE433FEC2AFD8
:10CB9000900AE4E0650D6029EEA2E092AF12CC1895
:10CBA0007A007B00800D12CBE4C0E012CBFCD0E019
:10CBB00012CC2DC3EA9CEB9D40ECA2AFE433FEC245
:10CBC000AF850D82A88212CE1FE50CF0E864011239
:10CBD000CBEE7006900AE97401F0EEA2E092AF7F0E
:10CBE00006020D18E82AF582E93BF583E022F87485
:10CBF000E228F582740A3400F583E022E50DF50998
:10CC0000850C0A74E2250AFE74083400FFEE240045
:10CC1000F582EF3509F58322E0F50DF50874E2257C
:10CC200008F582740A3400F583E0F50C22F0050C57
:10CC300012CC3422EA24010AEB3400FB2274F612EF
:10CC40000A637E0012CDD470639008DEE0FAEA1227
:10CC5000CDDC70080A9008DEE06A70F29008DFE030
:10CC60006A6011EAF0A3E07004E595A3F09008E093
:10CC700074218020A3E0601DA3E0F8E595C398F837
:10CC80009008E0E0F9E8C3995009E0C398F0E59511
:10CC9000A38001E4F01221928A088B09A808A9094F
:10CCA000C3E894F0E99400400A0E80229008E0E482
:10CCB000F0801BC3E89470E9940040060E0ED28504
:10CCC000800CE84960089008E0E070027E04900A59
:10CCD000E5E06006E4F0EED2E4FE900AE8E06019D8
:10CCE000E595F9900AE7E0F8E9C398F8900AE6E0DC
:10CCF000C3985005900AE8E4F0900AE9E0604C908F
:10CD00000AE8E07046A3E412CE38F974E224007415
:10CD100008399006A912CE3874E29006AA12CE2FD6
:10CD20009006AEF09006ADE054E012CE38E064011B
:10CD3000F0A2AFE433F8C2AF75D61000E5D6A2E496
:10CD400050F975D1EF75D710E88027A2AFE433FA18
:10CD5000C2AF900AE4E012CBEE6016E5D6A2E44042
:10CD600010E5D1A2E4400AEAA2E092AF1221988035
:10CD700005EAA2E092AFEE6018900AEAE0F8A3E0BC
:10CD8000F9E849600CEEFA7900E0F5838882122612
:10CD9000E37F02020D18C082C0837A007B0012CDAF
:10CDA000D4702F78007900E8FCE9FDECC333FCED8A
:10CDB00033FD74DE2CF58274063DF583A3E065C275
:10CDC000700312CC34E8240108E93400F9C394015B
:10CDD00040D5806B9008DEE012CDDC22C333F8E44E
:10CDE00033F974DE28F582740639F583A3E065C251
:10CDF00022C082C08375D1EF900AE4E06401F8128A
:10CE0000CE1FE4F0900AE504F0E595900AE7F0A360
:10CE1000740112CE2F6006900AE97401F08020128E
:10CE2000CE232274E228F582740A3400F58322129C
:10CE3000CE38F812CE23E022F0900AE4E022F0D0BF
:10CE400083D082020FE2C082C08312217A80F07404
:10CE5000F7120A63E9700312218079007F01020D45
:10CE60001874F5120A63890AEAF8EBF9E50A7A0000
:10CE70007B007039802512CEC0E088828983F0A3C0
:10CE8000A882A983E5C2F4F50912CEB2E4F0A3E5C5
:10CE900009F09008DEE004F012CC34C3EA9CEB9D6C
:10CEA000500912CEB2A3E065C260CBC2857F0302F7
:10CEB0000D189008DEE0C333FEE433FF12CEC0222B
:10CEC00074DE2EF58274063FF5832274F7120A632E
:10CED000E9700512218680047A007B0002CE5CC0D6
:10CEE00082C08312218C02CE3F74EE120A6374FC5E
:10CEF0001210AE851882851983EAF0A3EBF085182D
:10CF000082851983E012D315E0F50AF50812D29054
:10CF1000F874021212E5E8F0A3E4F074021212E5CC
:10CF2000E0700302D25F740D650A704AAA82AB8377
:10CF300079531222F474021212E5E064FE7003A326
:10CF4000E0F4601774021212E5E0F47003A3E0F459
:10CF5000600912D2D3A3A3A3E0700D8518828519AE
:10CF600083AA82AB8302D25C851882851983E0FE96
:10CF7000A3E0FF02D1597405650A701485188285F3
:10CF80001983E0F812D2F52421F8E43400F9802A5C
:10CF90007407650A703012D2EB700F74021212E53A
:10CFA000E0241BF0A3E03400801B851882851983E0
:10CFB00012D2F575F021A4F8A9F074021212E5E07E
:10CFC00028F0A3E039F074021212E512D2CA8A08DE
:10CFD0008B09AE08AF09EE4F7042740C650A60030E
:10CFE00002D25F12D31D700302D25FA2AFE433F509
:10CFF00008C2AF12D2BA121A7874021212E512D213
:10D00000CA8A0C8B0DAE0CAF0DEE4F7009E508A26D
:10D01000E092AF02D25FE508A2E092AF8518828568
:10D020001983E0F508A3E085080CF50D750E00786E
:10D030000C121019850A0812D290FC7D00EEFAEF4E
:10D0400012D27F1210307405650A707312D274EE1A
:10D050002403F510EF3400F51185108212D2AE12C0
:10D0600010197C217D00AA08AB0912D28012103061
:10D07000851082851183E508F0A3E509F012D269D5
:10D0800085088212D2AE1210198E828F83A3A3A3B9
:10D09000A3A3A3A3A3E0FC7D00851082851183E0F8
:10D0A0002421FAA3E0340012D27F121030851082BE
:10D0B000851183E02421F8A3E012D29F02D1597494
:10D0C00007650A600302D1599010BA12D326700383
:10D0D00002D1599010BAE0F510A3E0F5119010BA02
:10D0E000E4F0A3F08E828F83A3A3E0702712D269AD
:10D0F000EE240BF8EF12D29F85100C85110D780CE1
:10D100001210197C1B7D00850882850983E0FAA333
:10D11000E0FB803812D2748E828F83A3A3A3A3A3D3
:10D12000A3A3A3A3E508F0A3E509F0880C890D7873
:10D130000C1210198E828F83A3A3A3A3A3A3A3A36E
:10D14000E075F021A4FCADF0AA08AB0912D2801260
:10D150001030AA10AB11121D2A9010BD12D32660F8
:10D1600010EEFAEFFB12D3171226E3E9600302D2A6
:10D170004E740D650A600302D21212D2EBF8A3E0DE
:10D18000F988828983A3E054E0FA88828983E05495
:10D1900003C39402400302CF5B12D30EE013135477
:10D1A0003F540FF8900365E068600302CF5BEA60CC
:10D1B0000302CF5B851882851983E0241A12D302FB
:10D1C0006402600302CF5BEE2412F8EF3400F9E84A
:10D1D000241CFAE93400FBE8241DF582E912D2860A
:10D1E000851882851983E0241B12D302F47003A3EF
:10D1F000E0F4704E12D30EA3A3A3A3A3A3E0C394A1
:10D2000002403FEEFAEFFB121664E9600302CF5BC7
:10D21000804D740C650A702A12D2D3E0641A602221
:10D220008E828F83A3A3A3E0240E12D302A2E05028
:10D2300011EE240CFAEF3400FBEE240DF582EF1210
:10D24000D286EEFAEFFB9003C2E0F9121CAC740C2C
:10D25000650A700B12D31D600612D2BA121A7874C6
:10D26000041210307F0A020D18EE2409F508EF347D
:10D2700000F50922EE240BF508EF3400F50922FB36
:10D28000121C7C7403223400F583E0F91224FE2280
:10D2900074182508F582742A3400F583E493223447
:10D2A00000F9850882850983E8F0A3E9F022F58377
:10D2B000E0F50CA3E0F50D780C2285188285198322
:10D2C000E02403FAA3E03400FB22E0FAA3E0FB121F
:10D2D0001CA02212D2D72212D2DB228518828519F5
:10D2E00083E0F8A3E0F5838882A32212D2EF221212
:10D2F000D2DBA3E02212D316A3A3A3A3A3A3A3A3C9
:10D30000E022F8A3E03400F988828983E02212D277
:10D31000EF12D31522F8A3E0F58388822212D2D728
:10D32000A3A312D32622E0F8A3E0F9E84922C082A1
:10D33000C08312164CD083D082020FE274F6120A18
:10D3400063E9FEEAFCEBFD9010BCE060548C828D3A
:10D3500083E0F87900EEC3943250047E328008EE08
:10D36000C3946F40027E6E9010BCE0640170228E08
:10D3700008E50824CEF508E434FFF509E88508F04F
:10D38000A4C8AAF08509F0A42AF97A3C7B00120807
:10D3900013C3E99401400474FF8001E88C828D83FB
:10D3A000F07F02020D18C082C083E9F87402686041
:10D3B00009740368600879E8803E7B1880027B0C62
:10D3C000EBC39A500679E8EBFA800279009061800D
:10D3D000E4F0E04405F0906189E0D2E5F0906182EC
:10D3E000E0D2E0F0E0D2E1F0900AEC7401F0EA90D3
:10D3F0000AEDF0E8901128F002D65D74E8120A6395
:10D4000074F61210AE8A168B17ECFEEDFFEA451784
:10D4100060158A828B83A3A3A3A3A3A3A3A3E0F88D
:10D42000901128E068600579E802D5ED1221E0E965
:10D43000F46005791E02D5ED1221EC901128E0640C
:10D4400002751400706B900AEDE0F8E514C3985073
:10D450006B8A088B098C0A8D0B751001751100758C
:10D460001200751300E5147810120F9E78087910D9
:10D470001211B7E5084509450A450B6051051480AE
:10D48000C58A088B098C0A8D0B7510017511007502
:10D490001200751300E514C3337810120F9E78083C
:10D4A00079101211B7E5084509450A450B60650575
:10D4B00014900AEDE0F8E514C39840C5E0651470D7
:10D4C00005791A02D5ED901128E0640270467403C4
:10D4D0001212E5EEF074041212E5EFF08516828563
:10D4E0001783E0C0E074051212E5D0E0F0851682E3
:10D4F000851783A3E0C0E074061212E5D0E0F0794E
:10D500000474031212E5AC82AD838514087509001A
:10D510007402800E7908AC16AD17851408750900E1
:10D52000740378081211DD2508FA74613509FB12BD
:10D5300022D0901128E064027903700D7407121252
:10D54000E5AC82AD837A67800B74071212E5AC827A
:10D55000AD837A647B611222D6790374071212E5D7
:10D56000AA82AB83121C8E8A088B098C0A8D0B90C1
:10D57000112812D8127034E514780C120F9E780816
:10D58000790C1211F0780812101574041212E5AA21
:10D5900082AB83121D0C740412103079038518823B
:10D5A000851983AC82AD837A678034E514C3337800
:10D5B0000C120F9E7808790C1211F07808121015D1
:10D5C00074041212E5AA82AB83121D0C74041210AB
:10D5D000307903851882851983AC82AD837A647BA8
:10D5E000611222D07A01A9141221E67900740A127C
:10D5F00010307F10020D18C082C083EA4B60158A7C
:10D60000828B83A3A3A3A3A3A3A3A3E0F8901128D1
:10D61000E068600479E8800F1221E074FF6960F42B
:10D620007A001221E679008034C082C083740169D7
:10D63000900AEE700B7401F090618AE0D2E28008EB
:10D64000E4F090618AE0C2E2F08012C082C0839070
:10D650000AEEE06401700479FE800279FFD083D085
:10D6600082020FE2C082C083900AEEE0600479017A
:10D670008009906163E0F8744058F980E074EC121E
:10D680000A6374F41210AE901128E06402703EEC4C
:10D69000851882851983F074011212E5EDF08A82F3
:10D6A0008B83E0C0E074021212E5D0E0F08A828B36
:10D6B00083A3E0C0E074031212E5D0E0F085188285
:10D6C0008519838582128583137F0480068A128BD5
:10D6D000137F087E0080010E900AEDE0F8EEC398FB
:10D6E000400302D77B8E10901128E064037006E59A
:10D6F00010C333F5101221EC8A0C8B0D8C0E8D0F9C
:10D70000750801750900750A00750B00E5107808A9
:10D71000120F9E780C79081211B7E50C450D450ED5
:10D72000450F60B3EFF974041212E5AC82AD83EEDD
:10D7300089F0A4FAA8F0E428FB74613BFB1222D61E
:10D7400074041212E5A982AA8389088A09750A005D
:10D7500078081210198F08AC087D00851282851395
:10D7600083A982AA837B00121C827403121030E901
:10D770006401600302D6D7EEF9800279FF740C12BF
:10D7800010307F0C020D1874F0120A63E9FEEAFFF4
:10D790001221EC8A088B098C0A8D0B74016F901191
:10D7A00028702C12D8127016EE780C120F9E780882
:10D7B000790C1211F078081210157A838045EEC3A7
:10D7C00033780C120F9E7808790C1211F0802D120C
:10D7D000D8127014EE780C120F9E780C1212167874
:10D7E00008790C1211B780CDEEC333780C120F9E5E
:10D7F000780C1212167808790C1211B778081210EA
:10D80000157A867B61121D0C74041210307F080299
:10D810000D18E06402750C01750D00750E00750F92
:10D820000022C082C08374FD1210AE901128E06403
:10D83000027903851882851983AC82AD8370047ADE
:10D840008380027A867B611222D6790385188285CD
:10D850001983AA82AB83121C8E740312103002D675
:10D860005DE5A4851882851983F0E5A5C0E0740103
:10D870001212E5D0E0F0E5A6C0E074021212E5D085
:10D88000E0F074031212E512DBCE1212BA74041225
:10D890001030D083D082020FE274F6120A6374F063
:10D8A0001210AE9061A97414F09061AB743FF0A3B4
:10D8B0007455F090619674FCF09061A87485F090B6
:10D8C0007803E064957006906265740FF09061AE25
:10D8D000E4F09061B27415F0906182E4F09061B56B
:10D8E0007410F0A3740EF0A37403F09061FA74093D
:10D8F000F09061E574FFF0439A01D2A843A9015367
:10D90000B9FE43A90453B9FB906249E0900AF7F0CD
:10D91000E5A8C2AF75C30275A20075A328A2E7925D
:10D92000AFE59E70FC439403E594A2E250FA439461
:10D930000AD2BA9061897448F0122402906199E089
:10D94000A2E050F8780079007C10E8C333F8E9339E
:10D95000F99061A7E0A2E0E433FAE84AF81CEC7021
:10D96000E9E849600A748068700374036970047898
:10D97000BE79BAE8F5BCE9F5BC900B06E0F8A3E087
:10D98000F9E849604C78007B007A089061A7E0A232
:10D99000E0E433F9EB3349FB1AEA70EF88088518A5
:10D9A00082851983E5822508F582E5833400F583B5
:10D9B000EBF008E8C3941040CE851882851983AA3D
:10D9C00082AB83900B06E0F8A3E0F58388821226F1
:10D9D000E31224089061897440F0E0D2E5F0906190
:10D9E00064E4F0A3F0A3F0A3F0A3F0A3F07410128A
:10D9F00010307F02020D18E5B454F34404F5B4A9C5
:10DA0000BD020FE2E5B454F34404F5B4E5BDF9E515
:10DA1000BCFAE9FB020FE2C008E5A8F8C2AF75C383
:10DA200001E5A3F9E5A2F508E8A2E792AFAA08E9A3
:10DA3000FBD008020FE2C082C08374FC1210AEE576
:10DA4000A8F8C2AF75C300E5A202D861C082C08346
:10DA500074FC1210AEE5A8F8C2AF75C31002D8610D
:10DA600074F4120A6374FC1210AE12DBB0851882D3
:10DA7000851983780812128390892478081212037A
:10DA800012DB3160031220A2900B02C082C083120D
:10DA9000DBC2D083D082780812116B851882851979
:10DAA000837808121096900B027808121256E5A897
:10DAB000F8C2AF75C300851882851983E0F5A47498
:10DAC000011212E5E0F5A574021212E5E0F5A6E8F0
:10DAD000A2E702DBDE74F4120A6374FC1210AE12C9
:10DAE000DBA2121283908924780812120312DB3110
:10DAF00060031220A2A2AFE433F8C2AFE5A7A2E40C
:10DB000050040E53A7EF75C330851882851983E042
:10DB1000F5A474011212E5E0F5A574021212E5E015
:10DB2000F5A675A1EFEEA2E0500343A710E802DBD3
:10DB3000DCE5084509450A450B2274F4120A6374B2
:10DB4000FC1210AE12DBA212128390892478081204
:10DB5000120312DB3160031220A2A2AFE433FFC232
:10DB6000AFE5A7A2E350040E53A7F775C3208518AD
:10DB700082851983E0F5A474011212E5E0F5A5741D
:10DB8000021212E5E0F5A653A1F7EEA2E05003431E
:10DB9000A7088518828519831212BA122174EF0220
:10DBA000DBDC12DBB07E00851882851983780822C1
:10DBB000851882851983EAF0A3EBF0A3ECF0A3EDBE
:10DBC000F02212229A8A088B098C0A8D0B22E4F02B
:10DBD000E8A2E792AF85188285198322A2E092AF6E
:10DBE00074041210307F04020D1874F4120A637466
:10DBF000FC1210AE9089181212BA8518828519830A
:10DC00001212AEA2AFE433FEC2AF75C300E5A2E5C7
:10DC1000A4851882851983F0E5A5C0E0740112126D
:10DC2000E5D0E0F0E5A6C0E074021212E5D0E0F025
:10DC3000900B027808121283851882851983780860
:10DC400012117E851882851983C082C083900AFED6
:10DC50007808121283D083D08278081212265033AB
:10DC6000900AF9C082900B02780812128375830A19
:10DC7000D08278081210EF701A12DD0212117E1293
:10DC8000DD0B851882851983780812117E900AFDB4
:10DC90007401F08518828519831212BA900AFE1257
:10DCA00012AE900B021212BA900AF91212AEEEA244
:10DCB000E092AF8518828519831212BA02DBE0C0A8
:10DCC00082C083900AF87480F043A70102D892C002
:10DCD00082C08353A7FE900AF8E0F902D89274F448
:10DCE000120A63A2AFE433FEC2AF900AFDE07008EF
:10DCF00012DD0212117E8002E4F0EEA2E092AF0289
:10DD0000DBE512DD0B900B027808221222288A082C
:10DD10008B098C0A8D0B2274F7120A63121B0812EE
:10DD20001A2A1219167901122498E9FE79FF121C99
:10DD3000EEEEF902DDCD74F7120A6374FF1210AE35
:10DD4000121AFCE9FE851882851983E4F0AA82ABD9
:10DD50008379561222FA7A077B0579E21222FA12A7
:10DD6000DD7A60129010BAE0FAA3E0FB121D2A904F
:10DD700010BAE4F0A3F0EEF9804E9010BAE0F8A3E8
:10DD8000E0F9E8492274F7120A63E9FE74E26E7062
:10DD90000B7C077D0512248C790080031222F4800D
:10DDA0002C74F7120A638908EAFEEBFF74E2650837
:10DDB000700BEEFCEFFD7A077B0512248CEEFAEF78
:10DDC000FBA9081222FA800574011210307F0102AB
:10DDD0000D18C082C083EA241612E0D4121A300251
:10DDE000E054C082C08312E0D112191C02E056C078
:10DDF00082C08312E0D112192202E05474F6120A92
:10DE000063EAFEEBFF8E828F831212BA9010B61275
:10DE100012AE12DD7A600579FC02DEE38E828F831A
:10DE2000A3A3A3A3E06403700302DECE8E828F83DC
:10DE3000A3A3A3A3E070457A1B7B00121D248A08CC
:10DE40008B09A808A9099010BAE8F0A3E9F0E849FD
:10DE50007005791A02DEE37C1B7D007900122666CC
:10DE60009010BAE0240BF8A3E03400F9EE2413F587
:10DE700082EF12E0E0E8F0A3E9F080528E828F8317
:10DE8000A3A3A3A3A3A3A3E06044EE2413F8EF3459
:10DE900000F9880889098E828F83A3A3A3A3A3A373
:10DEA000A3E075F021A4FAABF0121D248508828549
:10DEB0000983EAF0A3EBF0850882850983E0F8A3E3
:10DEC000E0F99010BAE8F0A3E9F0E84960848E82A6
:10DED0008F83A3A3A3A3A3A3E4F0EEFAEFFB121B8B
:10DEE0004479007F02020D1874F7120A6374FF125E
:10DEF00010AEEAFEEBFF8518828519837401F0AA43
:10DF000082AB8379521222FAEE2415F582EF12E0E9
:10DF1000D7EE2420F582EF12E0D7EEFAEFFB1219CC
:10DF200028790002DDC8C082C083121B0202E054BF
:10DF300074F1120A638A088B098C0A8D0BEA241982
:10DF4000F582EB12E036FBEA241812E032FA12E016
:10DF50002EF91219A68A0C8B0DAE0CAF0DEE4F7078
:10DF60000302E01C85080C85090D750E00780C1263
:10DF700010197C107D00EE242212E023121030E5EF
:10DF800008241C12E032F50CA3E0F50D780C1210F9
:10DF90001912E02EFC7D008E828F83A3A3E0FAA3EA
:10DFA000E0FB121C7C7403121030E5082410F50805
:10DFB000E509340085080CF50D780C1210197C0B5E
:10DFC0007D00EE241712E023121030E50A450B60A5
:10DFD000408E828F83A3A3A3A3E060358E828F83BC
:10DFE000A3A312DD7D602A8E828F83A3A3E0FAA310
:10DFF000E0FB8E828F83A3A3A3A3E0F9850A828529
:10E000000B831226E3E96009EEFAEFFB121CA680EF
:10E010000BEEFAEFFB1219A079008002791A7F0744
:10E02000020D18FAEF3400FB121C7C740322E50881
:10E03000241BF582E50912E0E0E022790002DDCD43
:10E0400074F7120A631221BC02DDCDC082C08312B4
:10E0500021C280027900D083D082020FE2C082C048
:10E06000831221C880F074F7120A631221CE80CB8C
:10E0700074F4120A638A088B09ECFEEDFF7B007AC8
:10E080000079001219A6EA4B603AEA242D12E0C981
:10E09000242212E0DDE508F0A3E509F0EA242A12C3
:10E0A000E0C9242B12E0DDEEF0A3EFF0EA242E12FB
:10E0B000E0D4EA242F12E0DD7431F0EA241F12E0EC
:10E0C000D41219A07F04020D1812E0DD7402F0EAE8
:10E0D00022EA2413F582EB12E0E0E4F022F582EB71
:10E0E0003400F58322C082C0837A00790F12215C4C
:10E0F00002E46374F5120A6389088A0AEA602F143D
:10E10000602C14600A24FE601B24FC6021800B7CC0
:10E11000E87D037B057A011221629006B7E0F97F62
:10E1200003020D187CE87D037B057A0580E97509FB
:10E130000153080F7EB97F06801DE06401F0E0FA0C
:10E14000A90912216EE5096208E509C333F509EE54
:10E150002409FEEF3400FFE50860BF550960EA744A
:10E1600008650A8E828F8360D1E50A80D074F2122E
:10E170000A63890A8A0B8B0CECFEEDFFE97003023F
:10E18000E23EEB700302E23EEE4F700302E23EEB32
:10E19000C39464400302E23A750D01530A0F7508F7
:10E1A000B97509068076550D605E850882850983FC
:10E1B000E0C39402500D9006B7E0550DF89006B8F4
:10E1C000E048F0850882850983E4F0A3A3A3EEF07C
:10E1D000A3EF12E248A3E50C12E248E50BF0700948
:10E1E0008508828509837404F0121DF685088285EE
:10E1F0000983A3A3A3A3A31212AE85088285098372
:10E20000E0D2E1F0E50D620AE50DC333F50DE50856
:10E210002409F8E5093400F988088909E50A7086B7
:10E220007A027B009006B1E0F9121DE47A027B00CD
:10E230009006B1E0F9121CDC80097A0180027A00B4
:10E2400012215C7F06020D18F0850882850983A3E0
:10E250002274E8120A6374FF1210AE75140075156B
:10E260000075160175170F7EB97F069006DDE06018
:10E270000302E400E5175516700302E3D58E828F82
:10E2800083E0A2E1400302E3D1121DF68A0C8B0D5C
:10E290008C0E8D0F8E828F83A3A3A3A3A3780C1261
:10E2A0000F7F8E828F83400302E39DE0A2E0A350A4
:10E2B0002CA3E0F87464C398851882851983F08EC6
:10E2C000828F83E0C2E0F07A00A91612216E8E825E
:10E2D0008F83E0A2E24033A3E014F0802DE0700DC4
:10E2E0008E828F83E0A2E24004640280ED8E828FF2
:10E2F00083A3A3E0851882851983F08E828F83E043
:10E30000D2E0F07A01A91612216E8E828F83E0A2EC
:10E31000E15065851882851983E0F508E4F509F573
:10E320000AF50B8E828F83A3A3A3E0F510A3E0F57B
:10E3300011E4F512F513780879101208FB9089386A
:10E340007810121283780879101209F38508108565
:10E350000911E4F512F513780C79101211918E82DF
:10E360008F83A3A3A3A3A3E50CF0A3E50DF0A3E57E
:10E370000EF0A3E50FF0803C7508007509009006CB
:10E38000B8E0551660047A0180027A00A9161221BD
:10E390005C74FF6516F89006B8E05880D8A3A3A374
:10E3A000A3A37808121283E508C3950CF508E509C4
:10E3B000950DF509E51445156011E508450960114D
:10E3C000C3E5089514E509951550068508148509D7
:10E3D00015E5166217E516C333F516EE2409FEEFB0
:10E3E0003400FFE517600302E274E5144515601080
:10E3F000AC14AD157A027B009006B1E0F9121DD87D
:10E4000074011210307F10020D18C082C083E9A27F
:10E41000E0500B74016A7004C2908002D290E9A2AD
:10E42000E1500B74016A7004C2918002D291E9A29A
:10E43000E2500B74016A7004C2948002D294E9A283
:10E44000E3500B74016A7004C2908005D290EA60B8
:10E45000079006B7E049800974FF69F89006B7E0B5
:10E460005880049006DDE4F0D083D082020FE2C031
:10E4700082C08302E60D74F7120A63E9FE900B5D19
:10E48000E060031220A2900B5D7401F0901129E06E
:10E490006008791D12245602E573EE900B5EF0645D
:10E4A00002700512224C8045E0600764016003128F
:10E4B00020A2900B61E4F090042BE0240E12E5768C
:10E4C000A2E65005900B428003900B24E0900B5F76
:10E4D00012E5D27015900B0BE0600F900B5FE0C35C
:10E4E0009403400474028001E0F0122420900B6435
:10E4F000E0705A90042BE0F8A3E0F9E849700312A9
:10E5000020A290042BE0240212E576FAA3E0F58322
:10E510008A82E05420900B63F08882898312E7E4BA
:10E52000E0900B62F012E7DBE0FA88828983E02456
:10E53000FFF8A3E034FFF98882898374022AF0751A
:10E54000E1EE74012AF9AA82AB831222DCA2AFE4C5
:10E5500033F8C2AF900B48E0700E900B4AE07008A1
:10E56000900B5D12E64B800B900B5D7402F0E8A2FD
:10E57000E092AF02E73DF8A3E03400F98882898396
:10E58000E02274F6120A6312230C75080175090063
:10E59000900B5FE078081211DDE5081459900B60CC
:10E5A00012E5D27005122240800312223A7F020245
:10E5B0000D18C082C0839061A4E0C2E0F0900B4AC5
:10E5C000E412E5D264027005122252800312242C58
:10E5D0008044F0900B5EE022C082C083900B5EE02E
:10E5E000701412195EE9F8900B60E0C39840077947
:10E5F0001C1224568003122246801BC082C08390C6
:10E600000B64740112E5D2F912241A8009900B5D93
:10E61000E4F0900B64F0D083D082020FE2C082C09D
:10E6200083900B48E07006900B4AE060031220A232
:10E63000A2AFE433F8C2AF900B5DE0640270051244
:10E64000E64B8005E8A2E092AF80CB7483F0E8A2AD
:10E65000E092AF12242622C082C083900B5EE0605D
:10E6600007640160031220A2900B5D7404F0122372
:10E67000FC900B61E004F0F8900B23E0C398500786
:10E6800079E11224568033900B5FE02401F8E434E2
:10E6900000F9900B2FE0FAE89AE99400C365D033B3
:10E6A0005007900B5FE0048001E0900B5FF01224B4
:10E6B00020900B5D7483F012242C02E61674F7127E
:10E6C0000A63A2AFE433FEC2AF900B5DE0648370D7
:10E6D0001E900B63E0900B5D700F7485F0EEA2E06E
:10E6E00092AF7900122456800B7486F012225EEEEF
:10E6F000A2E092AF804774F7120A63E9FEEAFFA234
:10E70000AFE433F508C2AF900B5DE0648670287407
:10E7100087F0122264E508A2E092AF900B62E06EEF
:10E72000700EEF6007791B1224568011790080F774
:10E7300079E91224568006E508A2E092AF7F010233
:10E740000D1874F7120A63A2AFE433FEC2AF900B48
:10E750005DE0648670127487F0122264EEA2E0928B
:10E76000AF79E91224568005EEA2E092AF80CE7414
:10E77000F7120A63E9FE900B64E4F0900B5DF0126F
:10E7800023FC12233012233CEEF912197C80AE7464
:10E79000F4120A6390042BE0F8A3E0F9E84970034F
:10E7A0001220A212220A8A088B098C0A8D0B90046F
:10E7B0002BE0F8A3E0F5838882A3A3A3A3A37808A2
:10E7C0001212561222948A0812E7DBA3A3A3A3A372
:10E7D000E508F0A3EBF07F04020D1890042B12E77C
:10E7E000E4A3A322E0FAA3E0F5838A82A3A322C0D4
:10E7F00082C0839089181212BA9005031212AE02D9
:10E80000E8EE74F2120A63890AEAFEEBFF8C088DC7
:10E8100009121DCCEA4B600F8A828B83A3A3E50803
:10E82000F0A3E509F080697A097B00121D24EA4B08
:10E83000605A8A828B83A3A3A3A3A3A3E50A12E849
:10E8400095EEF0A3EFF08A828B83A3A3E508F0A3F3
:10E85000E509F08A828B83E4F0A312E895A3A3A3D1
:10E86000F0A3F090050112EB3F700C900501EAF067
:10E87000A3EB80B0E0F8A3E0F988828983E0FCA3F1
:10E88000E0FDEC4D8882898370EA80E27A007B00AB
:10E890007F06020D18F08A828B83A3A3A3A322C054
:10E8A00082C08390050180048C828D83E0FCA3E00C
:10E8B000FDEC4D601F8C828D83A3A3A3A3E06A703F
:10E8C00003A3E06B70E28C828D83A3A3A3A3A3A315
:10E8D000E06970D4ECFAEDFB8014C082C083EA4B8F
:10E8E000600C8A828B83A3A3A3A3E4F0A3F0D0835C
:10E8F000D082020FE274F6120A63E5A8FFC2AF12DB
:10E900001DC68B09A909EFA2E792AFEA4960047915
:10E9100000800279087F02020D1874F4120A63EC79
:10E92000FEEDFFA2AFE433F509C2AF121DC68A0A9D
:10E930008B0BA80AA90BE849601088828983A3A3DE
:10E94000A3A3A3A3A3EEF0A3EFF0E509A2E092AF87
:10E95000E84960047900800279087F04020D187488
:10E96000F4120A63A2AFE433F509C2AF121DCC8AD8
:10E970000A8B0BAE0AAF0BEE4F6003121DD2E509F6
:10E98000A2E092AFEE4F600479008002790680CA5F
:10E9900074F4120A637E007F00A2AFE433F509C26B
:10E9A000AF121DCC8A828B83E58245836007A3A3C7
:10E9B000E0FEA3E0FFE509A2E092AFEEFAEFFB80F4
:10E9C0009974F0120A638A0A8B0BE5A8F9C2AF8A20
:10E9D0000C8B0DE4F50EF50F900503780C12117EEB
:10E9E000E9A2E792AF90050112EB3F700302EB281A
:10E9F000900501E0F50CA3E0F50D75080075090020
:10EA00007E007F00A2AFE433F50EC2AF850C828595
:10EA10000D8312EB2DE50A98E50B99400E850C82CB
:10EA2000850D83A3A3E4F0A3F08021E50C2402F874
:10EA3000E50D3400F988828983C3E0950AF0A3E0EC
:10EA4000950BF08882898312EB3F704E850C82858E
:10EA50000D83A3A3A312EB3B605012EB35604B85F3
:10EA60000C82850D83A3A3A3A3E0FAA3E0FB850C8E
:10EA700082850D83A3A3A3A3A3A3E0F9121CDC85C5
:10EA80000C82850D83A3A3A3A3A312EB2D850C8277
:10EA9000850D83A3A3E8F0A3E9F0850C82850D839F
:10EAA00012EB3D600512EB35702CE5084509850C2D
:10EAB00082850D83700812EB2F900501800912EBFF
:10EAC0002F850882850983E8F0A3E9F0AE0CAF0D2D
:10EAD0008E828F83800CA80CA90D880889098882F2
:10EAE0008983E0F50CA3E0F50DE50EA2E092AFEE10
:10EAF0004F602C8E828F8312EB3D701C8E828F8331
:10EB0000A3A3A3A3E0FAA3E0FB8E828F83A3A3A316
:10EB1000A3A3A3E0F9121CDCEEFAEFFB121D2AE519
:10EB20000C450D600302EA007F08020D18A3A3E064
:10EB3000F8A3E0F922850C82850D83A3A3A3A3E0AB
:10EB4000F8A3E0F9E84922C082C0839005031212BD
:10EB5000BA02E8EE79FF121CEE53BEFBE59DA2E679
:10EB600050FA0078F8790100E824FF18E934FFF939
:10EB7000E84970F375C600E59E70FC43BE049062E0
:10EB8000707408F0D29043FE01D29143FE02D294F9
:10EB900043FE10438F017E10794A12209CE960F8F1
:10EBA0001EEE70F47900121DFC1220BA7A007B0070
:10EBB000121D9612249212208A122072121CF479CD
:10EBC000FF121CE87902121DFC12209079017AAD27
:10EBD0007B87122144121CFA7A007B00020FE27438
:10EBE000F5120A6374F81210AE851882851983AC89
:10EBF00082AD837583887582D57408120F5EF5081F
:10EC0000F509780812101D7C087D007A017B00123E
:10EC10001D9C7402121030E97057750807750905BC
:10EC2000780812101D750808750900780812101D63
:10EC30007C007D007A017B00121DA8740412103044
:10EC4000E9702E851882851983A982AA8389088A8A
:10EC500009750A0078081210197C087D0079077A76
:10EC6000057B00121C827403121030E9700302ED60
:10EC700014750808750900780812101D7C077D05B9
:10EC80007AE87B07797F1220CC7402121030851845
:10EC900082851983A982AA8389088A09750A00785E
:10ECA000081210197C087D0079077A057B00121C78
:10ECB000827403121030E9603578081210197C084C
:10ECC0007D00790C7A787B00121C8274031210305C
:10ECD000E9705475080C75097878081210197C08C9
:10ECE0007D007A077B05121C7C74031210307508B6
:10ECF00007750905780812101D7508087509007850
:10ED00000812101D7C007D007A017B00121DA27488
:10ED1000041210307A077B0579E21224A4740812D9
:10ED200010307F03020D187E00121C9A8A08A80872
:10ED300012ED5CE8F00E12ED5CEBF00EEEC3940603
:10ED400040E712ED5C7420F074012EF8740728F58A
:10ED50008274053400F58374F8F080B88E08740767
:10ED60002508F58274053400F5832274F6120A63CF
:10ED700074EF1210AE780E79057C0088828983E0EA
:10ED8000C4540FFDECFE0CEDC3940A50047A30809D
:10ED9000027A37EA2DC0E08E0812EDF9D0E0F08853
:10EDA000828983E0540FFDECFF0CEDC3940A5004FC
:10EDB0007A3080027A37EA2DC0E08F0812EDF9D060
:10EDC000E0F0E824FF18E934FFF9ECC3941040ABFD
:10EDD00074101212E5E4F079017AF47B8812214470
:10EDE0007902851882851983AA82AB831221447423
:10EDF000111210307F02020D18851882851983E5E3
:10EE0000822508F582E5833400F5832212F0A68E70
:10EE1000828F8312F00579C82274F7120A6374F3A3
:10EE20001210AEECFEEDFF8518828519837402F096
:10EE3000EAFCEBFD74031212E512EE5B1212F8E924
:10EE40006401700A740B1212E512EEB68008740B9E
:10EE50001212E512EE0C740D02F050AA82AB83126E
:10EE60002618851882851983AA82AB832274F7122B
:10EE70000A6374F11210AE12EF41FE702674021292
:10EE800012E5740212F03DF9740D1212E512F00150
:10EE900074021212E5AA82AB83122576E96401603E
:10EEA000027E01EEF9740F02F0507F06020D18FB8E
:10EEB000121DA2740422E0F8A3E0F98E828F83125F
:10EEC000F00579002274F7120A638C828D8312EFA9
:10EED00005602D7800790012EF507003A3E06B708D
:10EEE0001AE875F005A4F8AAF075F005E9A42AF966
:10EEF00090067012EFDE12EEBF800712EF6E40D761
:10EF000079C802F053E4F0A3F090067012EFEE22FD
:10EF100074F7120A6374FE1210AEECFEEDFF8E82DF
:10EF20008F83E4F0A3F07508C812EF417010EEFC77
:10EF3000EFFD85188285198312F09FE9F50802F02C
:10EF40004C851882851983AC82AD83122042E92258
:10EF5000E8FEE9FFEE75F005A4FE85F00875F00502
:10EF6000EFA42508FF90067012EFF4E06A2212EF7A
:10EF7000CE2274F2120A63EAFEEBFF12F084603DC7
:10EF80007C187D00790012266612F058780A12105B
:10EF90001D750C18750D00780C12101D7C007D007D
:10EFA00085088212F04512EEAF1210308508828576
:10EFB0000983E4F0A3F0AA0AAB0B121D2A8E828FFC
:10EFC0008374FEF0A30412F075E4F002EEAAE824C4
:10EFD0000108E93400F9C3E89403E994002212EF30
:10EFE000E7F98C828D8322E028F8A3E0392212F021
:10EFF000AAE84922E02EF508A3E03F850882F583C0
:10F000002212F00522E8F0A3E9F02274F7120A6355
:10F0100074FE1210AE851882851983AC82AD8312FE
:10F020002054E9FE700312F02EEEF902F04E12F0B9
:10F030009312205A22F08518828519832212F03506
:10F04000E0F8A3E0228983E0FAA3E022A908740291
:10F050001210307F01020D18EE2402F8EF3400F98F
:10F060008808890922C082C0831225D0D083D0822B
:10F07000020FE280F0F08E828F83A3A3A3A32279F4
:10F0800001020FE27A187B00121D248A0A8B0BEA18
:10F09000450B22851882851983E0FAA3E0FB221232
:10F0A000F09912204E2212F0AA22E0F8A3E0F922F1
:10F0B000F075E1E275E1FF02F1ACC008E5A8F8C225
:10F0C000AF75C300E5A2F508E5A3F9E8A2E792AFA2
:10F0D000A8087A007B0212080BE8F9D008020FE2B8
:10F0E000C082C0839061A4E0A2E450031220A27504
:10F0F0009C019061E47401F075E1E275E1FFE5A81F
:10F10000C2AF759B007591EFA2E792AFE5A8C2AFC1
:10F11000759B007591F7A2E792AF02F1ACC082C077
:10F120008312F14475E1B875E10F8065C082C08338
:10F1300012F14475E11775E18175E11075E1D27541
:10F14000E181804D12223475E1BC22C082C08390DF
:10F150000B60E09061E2F075A1FDA2AFE433F8C26C
:10F16000AF75C300E5A2F9E5A3FA900AF7E094129F
:10F170005008E97005EA7002790175C30389A28A13
:10F18000A3E8A2E092AF12F20F12240275E1E1802F
:10F190001B75E11075E1D275E1D975E10175E109E1
:10F1A00075E1BA75E10175E1C575E1D2D083D08210
:10F1B000020FE2C082C08312F14480DB74F7120AAE
:10F1C0006312F20FA2AFE433FEC2AF75C300E5A233
:10F1D000E5A4FF740F5FF8740F98F5089061E2F0F2
:10F1E0001223F0900B5B7401F075E1E175C300E54B
:10F1F000A2E5A46F600FE508C39402400874FF25E0
:10F20000089061E2F0EEA2E092AF7F01020D18904B
:10F2100061A4E0D2E4F0E0D2E3F022C082C08390A7
:10F2200061E4E070179061A4E0A2E4500FE0C2E452
:10F23000F0E0A2E3500312226A12244402F1AC74FB
:10F24000F5120A639061A4E0A2E450031220A21216
:10F25000222EE9F50A900B08E0FEC3941550031224
:10F2600020A274EC250A2EFE75F01484FF75F014AC
:10F27000A4CE9EFE0F9061E47402F0EF9061E2F084
:10F28000EEC3941540031220A275A1FDA2AFE43392
:10F29000FAC2AF75C3038E087509007409780812A5
:10F2A00011DDF8A909900AF7E0C394125006E9703D
:10F2B00003087900E8F5A2E9F5A3EAA2E092AF75A8
:10F2C000E1E275E1FFE5A8C2AF759B007591EFA281
:10F2D000E792AF75E1BC75E1B875E1D29061A4E049
:10F2E000D2E4F075E1E112222EE9C3950A500A90AA
:10F2F00061E2E06F7003E014F07F03020D18C0823A
:10F30000C0839061A4E0C2E402F0B0C082C08390E8
:10F3100061A4E0C2E3F012245C02F1ACC082C083BD
:10F320009061A4E0C2E4F09061E4E070051224442E
:10F330008015E06401700512243E800BE0640260D9
:10F34000031220A212245002F1ACC082C083902983
:10F350005F7C087D0B743C120F3C12230CE9900B70
:10F3600021F012230CE9900B15F0D083D082020F0C
:10F37000E2E9F874C028C3941E500674C028F980CE
:10F380000E742028C394065004743E80F079240241
:10F390000FE274F3120A63EAFEEBFF1222EEE9F5C4
:10F3A0000874246508700479F48047E5A8F50CC258
:10F3B000AF750900740278081211DD12F5A1E4930B
:10F3C000F8740828F508740B3400F509750A0078FC
:10F3D000081210198A828B83A3E493FC7D00EEFA55
:10F3E000EFFB121C7C7403121030E50CA2E792AF05
:10F3F00079007F05020D1874F2120A63890BEAFE88
:10F40000EBFF7445650B700B900B0DEEF0A3EFF066
:10F4100002F57C1222EEE9F8880C742468700579F4
:10F42000F402F57E8808750900740278081211DD6F
:10F4300012F592701189087509007402780812118A
:10F44000DD12F58360768908750900740278081268
:10F4500011DD12F5A1A3A3E493F88A828B83A3A301
:10F46000A3E49368700579FB02F57E7458650B7010
:10F470001B8E828F83E02471F8A3E034FFF9C3E888
:10F480009422E99464400579E802F57E850C0875BC
:10F490000900740278081211DD12F592F88E828F3D
:10F4A00083E0C39840E1E0F9850C08750900740217
:10F4B00078081211DD12F583C39940CBE5A8F50D4C
:10F4C000C2AF850C08750900740278081211DD744A
:10F4D000E52508F874263509F9E8FAE9FB8E088F66
:10F4E00009750A0078081210198A828B83A3E493A5
:10F4F000FC7D008A828B83E493F8740828FA740BED
:10F500003400FB121C7C7403121030E50DA2E7924C
:10F51000AFE50B24B0601724FE602D14601D24732A
:10F52000604B14603514603C24FD6048804E900BA5
:10F5300025E0FAA3E0FB1223188041900B29E0FAA2
:10F54000A3E0FB12231E8034900B28E079026005B3
:10F550001223DE80271223EA8022900B38E0F91272
:10F56000233680187A397B0B122324800F900B37B7
:10F57000E0F404F0900B37E0F912232A79007F06BB
:10F58000020D1874E82508F58274263509F583E420
:10F59000932274E72508F58274263509F583E493F0
:10F5A0002274E52508FA74263509FB8A828B8322AA
:10F5B000C082C083900B46740BF0900B4574FFF033
:10F5C000900B47F0900B448018C082C083122348F0
:10F5D000122354800DC082C0831222888004F0EB75
:10F5E000A3F0D083D082020FE2C082C083906180FA
:10F5F000E0FAE96004D2F08002C2F0A2F0E4333312
:10F60000F874FD5A4880DAC082C083EA9061728043
:10F61000CDC082C083EA90617480C3C082C083EA97
:10F62000FCEBFD79087A6A7B611222D080B474F712
:10F63000120A63E9FE9029E0E493C39EA2D265D04A
:10F6400033400EA3E493F8EEC398A2D265D03350B2
:10F6500003E493FEE5A8FAC2AF9029E0E493C39EC9
:10F660002402F874E028F58274293400F583E493C9
:10F67000900B47F0EAA2E792AF122330EEF902F7BF
:10F6800081C082C083A2AFE433F9C2AF900B47E0E0
:10F69000F8900B44E068601A900B4AE07014900BED
:10F6A0005DE0A2E7400C900B47E0900B44F09061C6
:10F6B00090F0E9A2E092AF02F5E274F7120A63E972
:10F6C000FE74F52EC3941240031220A2A2AFE433BD
:10F6D000FFC2AFEE900B46F0900B5DE0700312237B
:10F6E0003CEFA2E092AF02F781C082C083900B5D35
:10F6F000E060031220A2A2AFE433F9C2AF900B4640
:10F70000E0F8900B45E0686026900B46E0900B45D2
:10F71000F0E9A2E092AF12240875F005900B45E0E5
:10F72000A424D490618FF012237E1223F68005E981
:10F73000A2E092AF02F5E274F7120A63E9FE9011BB
:10F7400029E060031220A2900B49E060031220A27E
:10F75000EE7007900B497401802674036E70079059
:10F760000B497403801A74016E600874026E6003A2
:10F770001220A2900B497402F090617274FFF0A302
:10F78000F07F01020D18C082C083900B49E4F09015
:10F790000B25E0906172F0900B26E090617302F50A
:10F7A000E1C082C0831222BE02F5E2C082C0831291
:10F7B00022C4E924B7F912235A02F5E2E9FCC39402
:10F7C000A9A2D265D03350047CA9800DECC3940B60
:10F7D000A2D265D03340027C0AECF83395E0F9E818
:10F7E0002457F8E93400F9E875F0FFA4F8AAF07599
:10F7F000F0FFE9A42AF97A617B0012080BE8F9020C
:10F800000FE274F7120A6312235A02F781C082C012
:10F8100083901D75E4F0A3F0901D777477F0A374C6
:10F8200011F09011777448F0A37402F09013BFF0B8
:10F83000A37480F0A374B4F0A37409F0D083D082D1
:10F84000020FE274F6120A637A017B00121D248A09
:10F85000088B09AE08AF09EE4F70031220A2E5A88D
:10F86000F508C2AFEE24FEF8EF34FFF9901D77E8FB
:10F87000F0A3E9F0EEFAEFFB121D2A9004D4740114
:10F88000F0E508A2E792AF7F02020D1874F3120AA6
:10F89000637C007D008C09EA24020A0AEB3400FB39
:10F8A000A2AFE433F508C2AF9004D4E06008EA9454
:10F8B00011EB9400500A901D77E0F8A3E0F9800462
:10F8C00078C1791388828983A3E054806006750922
:10F8D0000002F965E509A2E050728C828D83E0FE9A
:10F8E000A3E0FF5480F50B88828983E02EFEA3E01D
:10F8F0003F547FFFE50B4FFF8C828D83EEF0A3EF2B
:10F90000F0547FFFC3EE9AEF9B405AECF8EDF9E814
:10F9100049700302F9CD88828983E0FCA3E0547F1B
:10F92000FDECC39AFCED9BFDC3EC9404ED94004008
:10F930005BE82AF582E93BF583ECF0A3EDF0EB44BC
:10F9400080FB88828983EAF0A3EB804888828983E0
:10F95000E0FCA3E0547FFDC3EC9AED9B50B1750928
:10F9600001E8FCE9FD88828983E0FEA3E0547FFF83
:10F97000E82EF8E93FF988828983E0FEA3E0FFEEF4
:10F980004F600302F8C4780079008041888289833F
:10F99000A3E04480F09004D4E06029901D77E0FA61
:10F9A000A3E0FBE86A7002E96B701988828983E042
:10F9B000FAA3E0547FFBE82AFAE93BFB901D77EAC3
:10F9C000F0A3EBF0E824020808E93400F9E508A206
:10F9D000E092AFE8FAE9FB7F05020D1874F7120A0E
:10F9E00063EA24FEFEEB34FFFFC3EA9477EB941145
:10F9F0004009C3EA9477EB941D40031220A28E8243
:10FA00008F83A3E0548070031220A2A2AFE433FAE4
:10FA1000C2AF8E828F83A3E0547FF0901D77E0F811
:10FA2000A3E0F9EE98EF99500CEEF8EFF9901D77FE
:10FA3000E8F0A3E9F0EAA2E092AF7F01020D18C05E
:10FA400082C0837A1A7B0012261E1217C612186211
:10FA5000D083D082020FE2C082C083121C9AEA9047
:10FA60000354F09003657402F09003587414F090FE
:10FA7000037C740FF0A3F0901114E090035BF090FE
:10FA80001113E0900355F0901112E0900356F0909E
:10FA9000035CE4F0A3F090035FF09003BC04F090EB
:10FAA0000360E4F0A3F09005B0E0900362F09011E1
:10FAB0000FE0900363F0A3E4F0901110E090036670
:10FAC000F0901111E090036712FB3CA3E412FB3CA1
:10FAD0007C087D0079007A6D7B03122666900375A1
:10FAE00074FEF0A304F07C737D067A897B031224F4
:10FAF0008C900391E4F09003B47402F0A3E4F0A3BB
:10FB0000740FF0A37403F090067CE09003BAF090B9
:10FB1000067BE09003B9F0901116E09003BBF090E3
:10FB200003B87401F09003BDE4F0A3F09003C1F0BA
:10FB30009003BFF0A3F01213CA02FA50F0A374FEB0
:10FB4000F0A304F02274F4120A638C088D098A0A67
:10FB50008B0B780A120C80000008000200F9FB04ED
:10FB600000E9FB05007DFB0600A2FB0700BAFB01D4
:10FB700010CFFB031003FC04100BFC16FC79017A78
:10FB80002B7B8812FC1B1210217910AC08AD097A6E
:10FB9000527B8812211474011210307902121E2631
:10FBA0008074750A01780A12102179107AE57B8831
:10FBB0001221147401121030805CEC4509700A7C2B
:10FBC000017D897AEE7B87804A7CED7D8880F4799F
:10FBD000017A1C7B8812FC1B1210217910AA08AB39
:10FBE00009E4FCFD12210880CA750A02780A121085
:10FBF0002179107AC57B8880B77CDD7D887A827B0D
:10FC000088801079017AFE7B8780CA7C6A7D887A39
:10FC1000387B8812210E7F04020D18122144750AC8
:10FC200002780A22020FE274F7120A637E001220A1
:10FC30007EE9A2E050010E7A737B0679E212249EDF
:10FC4000EEF9122078EEA2E050077A017900122036
:10FC50008479007F01020D1874F2120A63890D7510
:10FC60000C00801A12101D780812101D7C007D00F7
:10FC7000EEFAEFFB121DA87404121030050CE50C0F
:10FC800075F006A4F8AAF0EAF912FDE9607FE50C28
:10FC900075F006A4F8EAF974B628F8742A39F9A3BD
:10FCA000A3A3A3E493F50A740193F50B88828983D7
:10FCB000A3A3E493C0E0740193F583D08285820806
:10FCC00085830988828983E493C0E0740193F58376
:10FCD000D082AE82AF83780A12101DAC08AD09EE57
:10FCE000FAEFFB121D9C7402121030E9708EE50DC4
:10FCF000780A700302FC6412101D780812101D7C33
:10FD0000007D00EEFAEFFB121DA202FC777F0602D7
:10FD10000D1874F6120A6374FF1210AE12FD67120A
:10FD2000101D7C017D007A037B00121D9C74021261
:10FD30001030E97020780812101D7508017509004F
:10FD4000780812101D7C007D007A037B00121DA82C
:10FD50007404121030851882851983E0F974011239
:10FD600010307F02020D18851882851983E4F08512
:10FD7000820885830978082274F6120A6374FF12D8
:10FD800010AEE9FEEAFF12FD6712101D750801753D
:10FD90000900780812101D7C007D007A037B001298
:10FDA0001DA87404121030E9703C74FF6E700A854F
:10FDB0001882851983E04F800C74FF6FF8851882D4
:10FDC000851983E05812FD6E12101D750801750922
:10FDD00000780812101D7C007D007A037B00121D44
:10FDE000A2740412103002FD5D74B628F582742AE4
:10FDF00012FDF6E8492239F583E493F8740193F98A
:10FE000022C082C0831220A8D083D082020FE27465
:10FE1000F4120A6374F61210AEC2AF53BEFBE59D36
:10FE2000A2E650FA0078F8790100E824FF18E934D6
:10FE3000FFF9E84970F375C600E59E70FC43BE0407
:10FE40009062707408F0D29043FE01D29143FE029A
:10FE5000D29443FE10438F01D290D291D294801756
:10FE6000D2900B74086B600302FF487B000AEAC360
:10FE70009406500302FF48D290790090891812121C
:10FE8000BA74061212E51212AE8012908910780828
:10FE900012128374061212E5780812117E7406128B
:10FEA00012E5C082C08390893C7808121283D08307
:10FEB000D082780812122640D2A2905004C29080BC
:10FEC00002D290A2915004C2918002D291A2945089
:10FED00004C2948002D294900688E0600CE4F0742E
:10FEE0000A1210307F04020D18A281508C09740A86
:10FEF000697088D290D291D294D29078007900A281
:10FF00008150047800790012FFA440F39061A3E0CF
:10FF1000C0E074041212E5D0E0F09061A4E0C0E00B
:10FF200074051212E5D0E0F0900B5DE0C0E07402C1
:10FF30001212E5D0E0F0900B48E0C0E0740312121A
:10FF4000E5D0E0F07B007A00A28150FCC290C29123
:10FF5000C294EB7004C2908002D29078007900A223
:10FF60008150047800790012FFA440F3D290D2911E
:10FF7000D294D2907508017509007407C39B780864
:10FF80001211DD8A0A851882851983E582250AF512
:10FF900082E5833400F583E05508700302FE60C2F9
:10FFA0009002FE62E8240108E93400F9C3E894F401
:10FFB000E99401A2D265D03322C082C08390112976
:10FFC000E06033E59E70FC439403E594A2E250FAAE
:10FFD000E0640270081223661223728011E064014B
:10FFE00060031220A2E59DA2E640031220A2901118
:0DFFF00029E4F01223F6D083D082020FE244
:020000040004F6
:10800000D083D082020FE274F7120A63EAFEEBFF1C
:10801000EEF8EFF9E824FF1EE934FFFFE8496012AB
:108020007508647A0A7B00121E201508E50860E0D6
:1080300080F17F01020D1874F7120A637E08900424
:10804000B67402F0A287400512816C70F712817439
:108050009004B7E4F0A287500204F09004B67402D2
:10806000F0A287500512816C70F7E06401601B90EC
:1080700004B7C0829004C4E0C333758304D082F88F
:10808000E0489004C4F01EEE70B480A6C082C083A5
:10809000C2877A137B00121C58D28753FD7F12814E
:1080A000747A0A7B00121E20A287500302815D9021
:1080B00004B67402F0A287400512816C70F7740256
:1080C000F0A287500512816C70F712818B9004C169
:1080D00012818A9004C212818A9004BF12818A9010
:1080E00004C012818A9004C3F0D2879004C2C08277
:1080F000C0839004C1C082C0839004C0C082900439
:10810000BFE0758304D082F8E028D083D082F8E005
:1081100028D083D082F8E0289004B7F0F89004C308
:10812000E06870289004C1E09004BCF09004C2E0C4
:108130009004BDF09004BFE09004BAF09004C0E059
:108140009004BBF09004C3E09004BEF09004BAE049
:108150009004B9F09004BCE09004B880089004B892
:10816000E4F09004B9F043FD80028000E0F874016F
:1081700028F0E8227A0A7B00121E207A0A7B00127D
:108180001E207A0A7B00121E2022F0121C5E900430
:10819000C4E022C082C0839089181212BA1222A6AB
:1081A0009089301212BA1221FE75A1F743A7087503
:1081B000A1EF43A7108012C082C08353A7EF53A73B
:1081C000F71221F280031212BAD083D082020FE29A
:1081D00074F0120A638A088B098C0A8D0B1282B222
:1081E00012123640031220A2E5A8FEC2AF900AEF99
:1081F0007808121256AA08AB09AC0AAD0B1222B2CB
:108200000282BA74F4120A63E5A8FEC2AF12229A7F
:108210008A088B098C0A8D0BEEA2E792AF900AEFC9
:108220007808120F7F50087A007B007C007D007F69
:1082300004020D1874F4120A63E5A8FEC2AF1222FC
:10824000A08A088B098C0A8D0BEEA2E792AF900AE8
:10825000EF7808120F7F50087A007B007C007D00C9
:1082600080CD74F0120A638A088B098C0A8D0B90FA
:108270000AEF7808120F7F50031220A2A2AFE43356
:10828000FEC2AF900AF37808121256AA08AB09ACE6
:108290000AAD0B1222AC1282B2121104700D75A13C
:1082A000EFEEA2E092AF121B568005EEA2E092AF75
:1082B000800D1282C77808790C22EEA2E792AF7F78
:1082C00008020D18020FE212229A8A0C8B0D8C0EF6
:1082D0008D0F22C082C083121B560281C9C082C08A
:1082E000831222CA121B620281C9C082C083900A13
:1082F000EF0281C674F7120A63E97020900000E46F
:10830000F079FF121CEEE59D5418F86018740868A7
:108310006013741068600E1220A280097A0E7B1E12
:1083200079001220E47F01020D18C082C083E9F8B1
:108330009010EDE0F47006E8F0790180027900D049
:1083400083D082020FE274F6120A63E9FEEAFF901C
:1083500010EDE0F4602B7A047B00121CA0EA4B6065
:108360001C8A828B8374C0F0EFA3A3F0EE8A828B09
:1083700083A3A3A3F09010EDE0F9121CAC79008068
:108380000279017F02020D1874F7120A63E9A2E56F
:10839000E433FA121E08808D74F2120A6374FB1221
:1083A00010AEEAFEEBFF8C088D09890C85188285DA
:1083B0001983AC82AD83750D00EEF8EFF9850C0AD8
:1083C000AA0A7B00120813EA940A5004783080024B
:1083D0007837E82A8C828D83F0EEF8EFF9AA0A7BD1
:1083E00000120813880A890BAE0AAF0BEE4F600D1E
:1083F000050DA3AC82AD83E50D940540BC7A008CDD
:10840000828D83E0850882850983F0EC24FF1CEDD2
:1084100034FFFDA38582088583090AE50DC39A50C0
:10842000DEE4F074051210307F06020D18C082C021
:108430008312228E02833F8003000000EAF8EBF9EA
:10844000E824FF1AE934FFFBE84970ED020FE2026D
:108450000FE2C082C083900B5CE4F0900B5BF08075
:1084600005E8A2E092AFD083D082020FE274F71247
:108470000A63E9FE70031220A2E5A8FFC2AF900BC9
:108480005CE04EF0122402EFA2E78003EEA2E0923D
:10849000AF7F01020D1874F7120A63E9FE70031230
:1084A00020A2E5A8F8C2AF900B5CE04EF0E880D8BF
:1084B00074F7120A63E9FE70031220A2E5A8F9C25C
:1084C000AF74FF6EF8900B5CE058F0E9A2E792AF52
:1084D0001223FC80BCC082C083E5A8F8C2AF900B19
:1084E0005CE4F0900B5B12857AE8A2E792AF12236E
:1084F0007E02846674F7120A63A2AFE433FEC2AF51
:10850000900B5CE0600312240202848C74F7120A60
:1085100063A2AFE433FEC2AF900B5CE07019900B26
:1085200048E0A2E74011900B4AE0700B900B5DE031
:10853000A2E7400312240802848CC082C083A2AF49
:10854000E433F8C2AF900B5BE070067401F075E1A4
:10855000E3028461C082C083A2AFE433F8C2AF906B
:108560000B5BE06012E412857AE5A8C2AF759B0050
:1085700075E9FBA2E792AF028461F075E1EF75E166
:10858000ED75E1ED22C082C0831285DA60047900C6
:1085900080358A828B83A3A3A3A3A3A3A3A3E060B4
:1085A000ED64028A828B83700E1285CE7003A3E085
:1085B0006970DB79018010A3A3A3A3A3A3A3A3E005
:1085C000640370CA122486D083D082020FE2E0F8DE
:1085D000A3E0F98C828D83E068228A828B83A3A337
:1085E000A3A3A3A3A3A3E0F88C828D83A3A3A3A337
:1085F000A3A3A3A3E06822C082C0838C828D83A33F
:10860000A3A3A3A3A3A3A3E0F88A828B83A3A3A31A
:10861000A3A3A3A3A3F0740368700512248C801293
:108620008C828D83E0F8A3E0F98A828B83E8F0A343
:10863000E9F00285C774F6120A63750808EAFEEBD2
:10864000FF8E828F83A3AA82AB83ECF8EDF9888238
:108650008983A3AC82AD838E828F83E0FE8882897A
:1086600083E06E6004790080081508E50870CE7913
:10867000017F02020D1874F5120A638C088D0975CA
:108680000A0078081210197C087D00121C7C740303
:108690001210307F03020D18C082C0839006B2E42E
:1086A000F053F3FD53FDFD53F5FE53FFFE9006B36B
:1086B000F0A3F09006B5F00287A374F7120A63E9FD
:1086C0009006B6F09006B3EAF0A3EBF09006B6E0A1
:1086D0006033538CFE438C0143AB02D2BD7589FDE0
:1086E00053ACF743AC0843AC01439A02758BFE9040
:1086F00006B5E0640170237A017B009006B1E0F9D1
:10870000121DE4801553ABFDC2BD7C647D007A016F
:108710007B009006B1E0F9121DD89006B57401F007
:10872000FF020D187900A28150027920020FE2C0E9
:1087300082C0837900A2A0400109A2814004E9D24D
:10874000E5F99006B6E070099006B2E0696021E9AB
:10875000F0E9601C9006B3E0FAA3E0FBEA4B60107E
:108760007A009006B3E0F8A3E0F58388821226E34E
:108770000287A3C082C0837800E589A2E150047516
:1087800089FD08E58BA2E05005758BFE8005E8A207
:10879000E050107C197D007A017B009006B1E0F971
:1087A000121DD8D083D082020FE274F4120A6389BA
:1087B00008740C1212E5E0FEA3E0FF740F5508F5F3
:1087C0000A750B00740B780A1211DDEA2400F8EB2D
:1087D0003480F9E82400E9350BF9E5C7F509A2AFC3
:1087E000E433F50AC2AFE508C4540FFAE5C754F8FC
:1087F0004AF5C7801C88828983E08C828D83F0884B
:10880000828983A3A882A9838C828D83A3AC82AD45
:1088100083EEFAEFFBEA24FF1EEB34FFFFEA4B7016
:10882000D48509C7E50AA2E092AF7F04020D18744F
:10883000F6120A63740A1212E5E0F508A3E0F509DE
:10884000ED900689F0ECA3F0A37462F0A37473F0CA
:10885000A3E0541FF0E508333354FCA3F07406780A
:1088600008121274E50890068DF090068F7412F0CD
:10887000A37442F075D1FE75D601EA906271F0EBF7
:10888000A3F0906270E0D2E1F0E0A2E740FB7F024B
:10889000020D18C082C083E9C333906272F0906207
:1088A00070E0D2E0F0D083D082020FE274F0120ABE
:1088B00063E5A8FEC2AF1222B88A088B098C0A8D24
:1088C0000BEEA2E792AF9004C878081210EF700385
:1088D00002896D8A0C8B0D8C0E8D0F9004C8780C5C
:1088E0001210969004C87808121256750819750966
:1088F00000780812101D7403780C120F9E9004CC9F
:10890000E0F508A3E0F509E4F50AF50B780C790821
:10891000121191AA0CAB0DAC0EAD0F120BE074024C
:108920001210309004CCEAF0A3EBF0EC4D603E90D6
:1089300004CEE02CF0A3E03DF09004CEC3E094E838
:10894000A3E0940340201289721208138808890951
:108950009004D0780812117E1289721208139004C4
:10896000CEEAF0A3EBF0ECFAEDFB121DF07F08026B
:108970000D189004CEE0F8A3E0F97AE87B0322D04A
:1089800083D082020FE2C082C0838019198C828D4D
:1089900083E08A828B83F0A3AA82AB838C828D834F
:1089A000A3AC82AD83E970E480D5C082C083801D12
:1089B000198A828B83E08C828D83F08A828B83A3D9
:1089C000AA82AB838C828D83A3AC82AD83E970E0F5
:1089D00080AD74F7120A63EAFEEBFF8908E97003C1
:1089E0001220A28E828F83E0F5D9A3AE82AF8315C9
:1089F00008E50870EE7F01020D1874F7120A63EAA9
:108A0000FEEBFF8908E970031220A2E5D98E828F60
:108A100083F0A3AE82AF831508E50870EE80D6C060
:108A200082C0838A828B83128AB6E9F08A828B8322
:108A3000E02401FCA3E03400FD8A828B83ECF0A3E8
:108A4000EDF0D083D082020FE274F6120A6374FC58
:108A50001210AE74021212E5EAF0A3EBF0ECFAED9C
:108A6000FB740E1212E5A882A983851882851983EA
:108A7000E8F0A3E9F085188285198385820885834B
:108A800009780812101D74041212E5858208858386
:108A900009780812101D7C0A7D2512252E740412F7
:108AA000103074021212E5128AB6E4F07404121047
:108AB000307F02020D18E0F8A3E0F583888222C01F
:108AC00082C083E99006B1F0D083D082020FE2C069
:108AD00082C0831220961220AE1218861221021232
:108AE000215612219E1220DE80DE74F6120A63EAFD
:108AF000FEEBFF548060198003121CA69006B1E0C3
:108B0000F9121CB2EA4B70F1EEFAEF6480FB80368A
:108B1000EE5402600A122168EE6402FAEF80EEEE73
:108B2000A2E0501E1220F09006B6E070107C647D2A
:108B3000007A017B009006B1E0F9121DD8EE6401C5
:108B400080D97A007B007F02020D18C082C0831298
:108B500021B6028AC8C082C08374E31210AE9004AA
:108B6000C5E4F085188285198304F01212E57404B7
:108B7000F074021212E5E4F074031212E57440F08E
:108B8000A3E4F0740A1212E57480F0A3E4F0741206
:108B90001212E57480F0A3E4F074051212E5740675
:108BA000F074161212E57401F0741B1212E5743E93
:108BB000F0A3741EF0851882851983AA82AB83798D
:108BC000001221A4741D121030D083D082020FE253
:108BD000C082C083E99004C5F080EEC082C08312D9
:108BE0001F3A9005BB7410F0A374C1F0D083D082FB
:108BF000020FE2C082C0839005AE7401F0A37440FE
:108C0000F0A3740EF0A3E4F0A3F0A37450F0A374E7
:108C1000A0F0A3E4F09005B874A0F0A3E4F09005F0
:108C2000B6F0A3F09005BA80C2C082C0837A107BF0
:108C300000121D249004FFEAF0A3EBF07C107D00ED
:108C400079001226667900121A6679011215627986
:108C5000021220B479031226CC79041225B87905C2
:108C6000121E4A7906121F407907121E2CD083D09B
:108C700082020FE2C082C0839006937470F0A374E6
:108C8000B1F0A3E0541FF0900697741DF0A3744256
:108C9000F0A37470F0A374B2F090069DE0541FF03E
:108CA00090069F741EF0A37412F08000D083D082CF
:108CB000020FE2C082C083121880028CACC082C056
:108CC000831222821223001223D812236C1224143E
:108CD0001221F2D083D082020FE2C082C083A2AF01
:108CE00050031220A2901129E0700612237812235B
:108CF000061221F812240E80DA74F7120A6374093E
:108D00001212E5E0F8A3E0F98A828B838003ECF08D
:108D1000A3E8FEE9FFEE24FF18EF34FFF9EE4F70F1
:108D2000ED7F01020D18C082C0839006877480F029
:108D3000D083D082020FE2E9F875B60FE5B4A2E75E
:108D400050FAE8C395BB5004790180027900020F04
:108D5000E274F7120A63EAF8EBF98C828D83E0A3E0
:108D6000AC82AD838A828B83F0A3AA82AB8370EA44
:108D7000E8FAE9FB7F01020D1874F4120A638A080D
:108D80008B098C0A8D0B908934780812116B901125
:108D90002478081212567F04020D18C082C08390F6
:108DA00004FEE4F09004F8F0A3F0D083D082020F28
:108DB000E2C082C083E99004FE80EEC082C0838A54
:108DC000828B838001A3E070FCE582C39AFAE5837D
:108DD0009BFBD083D082020FE27406F5D575D4894F
:0C8DE0007406F5D375D291D2B8020FE2F0
:04000005000012469F
:00000001FF
